U_scale,Lambda_scale,Tau_scale,horizon,event_mask,distance,nominal_bias,pairwise_tube_width_upper,single_state_tube_error_upper
0.9,0.9,0.9,0.05,1,0.08516466891228569,2.6678149706721443e-16,0.0034065867564914277,0.0017032933782459806
0.9,0.9,0.9,0.05,2,0.12996302208519223,4.148064338305342e-16,0.005198520883407689,0.002599260441704259
0.9,0.9,0.9,0.05,3,0.09789130119580135,8.485237252414679e-17,0.003915652047832054,0.001957826023916112
0.9,0.9,0.9,0.05,4,0.12650239629060006,2.80483102022e-16,0.005060095851624003,0.002530047925812282
0.9,0.9,0.9,0.05,5,0.1263351682954122,2.0616104309811867e-16,0.0050534067318164875,0.0025267033659084497
0.9,0.9,0.9,0.05,6,0.0923716737119002,6.944314914769656e-17,0.0036948669484760084,0.0018474334742380736
0.9,0.9,0.9,0.05,7,0.09174134171495112,6.040361353459867e-17,0.0036696536685980447,0.0018348268342990828
0.9,0.9,0.9,0.05,8,0.11033700945301061,2.532425224383017e-16,0.004413480378120425,0.0022067401890604656
0.9,0.9,0.9,0.05,9,0.11465627233776209,3.6700243538634325e-16,0.0045862508935104835,0.0022931254467556087
0.9,0.9,0.9,0.05,10,0.12071468850171746,4.639030045522352e-16,0.004828587540068699,0.0024142937700348133
0.9,0.9,0.9,0.05,11,0.1135707341252423,2.277908764392045e-16,0.004542829365009692,0.0022714146825050735
0.9,0.9,0.9,0.05,12,0.0979007750842274,1.4056681166274565e-16,0.003916031003369096,0.0019580155016846886
0.9,0.9,0.9,0.05,13,0.13013655165860116,9.536659249841442e-17,0.005205462066344047,0.0026027310331721188
0.9,0.9,0.9,0.05,14,0.08517946990797698,1.3499672300160137e-16,0.003407178796319079,0.0017035893981596746
0.9,0.9,0.9,0.05,15,0.06950851284053224,-1.1081456763220154e-16,0.0027803405136212897,0.0013901702568107556
0.9,0.9,0.9,0.1,1,0.11041504338570161,8.519254095576412e-16,0.004416601735428065,0.002208300867714884
0.9,0.9,0.9,0.1,2,0.160745225337078,-5.590417451878382e-18,0.00642980901348312,0.0032149045067415656
0.9,0.9,0.9,0.1,3,0.11576676997014843,-3.8977068100853884e-17,0.004630670798805937,0.0023153353994030076
0.9,0.9,0.9,0.1,4,0.14488802555849134,3.60063541482436e-16,0.005795521022339654,0.002897760511170187
0.9,0.9,0.9,0.1,5,0.17174312343425452,5.272475164797008e-16,0.006869724937370181,0.003434862468685618
0.9,0.9,0.9,0.1,6,0.11099723184580769,1.4840017235895342e-17,0.004439889273832307,0.0022199446369161684
0.9,0.9,0.9,0.1,7,0.09910488321298704,7.796768872886384e-17,0.003964195328519482,0.001982097664259819
0.9,0.9,0.9,0.1,8,0.1176024993334367,2.5061333217002435e-16,0.004704099973337468,0.0023520499866689845
0.9,0.9,0.9,0.1,9,0.12055992564475167,4.0654870962775203e-16,0.004822397025790067,0.00241119851289544
0.9,0.9,0.9,0.1,10,0.17368979449914507,6.395166514405748e-16,0.006947591779965803,0.0034737958899835413
0.9,0.9,0.9,0.1,11,0.15059918720059484,4.88487288813344e-16,0.006023967488023794,0.0030119837440123853
0.9,0.9,0.9,0.1,12,0.11581586087992442,3.96099711190423e-16,0.004632634435196977,0.0023163172175988843
0.9,0.9,0.9,0.1,13,0.16068569404477898,5.748575443789705e-16,0.006427427761791159,0.0032137138808961546
0.9,0.9,0.9,0.1,14,0.11041768088423684,1.8622527565154146e-16,0.004416707235369474,0.002208353617684923
0.9,0.9,0.9,0.1,15,0.07055417904762433,9.301268793799472e-18,0.0028221671619049734,0.001411083580952496
0.9,0.9,0.9,0.2,1,0.061525263969507055,3.015437292225309e-16,0.002461010558780282,0.0012305052793904426
0.9,0.9,0.9,0.2,2,0.09833984865840388,3.7761406414954513e-16,0.003933593946336155,0.0019667969731684554
0.9,0.9,0.9,0.2,3,0.0742511994707543,7.270524243416232e-16,0.0029700479788301723,0.0014850239894158132
0.9,0.9,0.9,0.2,4,0.10191352565925134,2.1816858215839563e-16,0.004076541026370053,0.0020382705131852447
0.9,0.9,0.9,0.2,5,0.11521463166743585,4.4360131887244414e-16,0.004608585266697434,0.0023042926333491608
0.9,0.9,0.9,0.2,6,0.07549434621790757,4.773877690725237e-17,0.003019773848716303,0.0015098869243581991
0.9,0.9,0.9,0.2,7,0.07227674945196366,2.9479457069880866e-16,0.0028910699780785466,0.0014455349890395682
0.9,0.9,0.9,0.2,8,0.09032208585540459,1.7119552303546115e-16,0.0036128834342161837,0.0018064417171082632
0.9,0.9,0.9,0.2,9,0.09231985742905856,1.8098044764214283e-16,0.0036927942971623426,0.0018463971485813524
0.9,0.9,0.9,0.2,10,0.12131615777497294,2.1377756335982934e-16,0.004852646310998918,0.002426323155499673
0.9,0.9,0.9,0.2,11,0.1106718416688413,1.4268100589909238e-16,0.004426873666753652,0.0022134368333769686
0.9,0.9,0.9,0.2,12,0.07495431391191773,5.3925505553997777e-17,0.0029981725564767092,0.0014990862782384086
0.9,0.9,0.9,0.2,13,0.09843547519042935,-1.734723475976807e-18,0.0039374190076171735,0.0019687095038085885
0.9,0.9,0.9,0.2,14,0.06884164489508797,5.828941929825193e-17,0.0027536657958035188,0.0013768328979018177
0.9,0.9,0.9,0.2,15,0.05579235181077825,8.563630151683065e-17,0.00223169407243113,0.0011158470362156506
0.9,0.9,0.9500000000000001,0.05,1,0.08511591132146784,6.56944483232287e-07,0.0034046364528587136,0.001702975170912589
0.9,0.9,0.9500000000000001,0.05,2,0.12985227022320514,-6.315342976948211e-07,0.005194090808928206,0.0025976769387617976
0.9,0.9,0.9500000000000001,0.05,3,0.09782476815176602,3.817001009953332e-08,0.003912990726070641,0.00195653353304542
0.9,0.9,0.9500000000000001,0.05,4,0.12641878418864613,-3.1997156312003026e-08,0.005056751367545845,0.0025284076809292347
0.9,0.9,0.9500000000000001,0.05,5,0.1263210342509942,6.694594093283317e-07,0.005052841370039768,0.002527090144429212
0.9,0.9,0.9500000000000001,0.05,6,0.0922990159459341,-7.470990713046656e-07,0.003691960637837364,0.0018467274179899866
0.9,0.9,0.9500000000000001,0.05,7,0.09167343430887145,-3.12549659342977e-09,0.003666937372354858,0.0018334718116740226
0.9,0.9,0.9500000000000001,0.05,8,0.11024789743590047,5.2135312405383275e-09,0.004409915897436019,0.00220496316224925
0.9,0.9,0.9500000000000001,0.05,9,0.11455880368598284,8.220586946824015e-07,0.004582352147439314,0.0022919981324143394
0.9,0.9,0.9500000000000001,0.05,10,0.12048300916777502,-6.780635601930205e-07,0.004819320366711001,0.0024103382469156938
0.9,0.9,0.9500000000000001,0.05,11,0.11366028720243512,3.1930429078021703e-08,0.004546411488097405,0.0022732376744777805
0.9,0.9,0.9500000000000001,0.05,12,0.09783660036220815,-3.74905140998103e-08,0.003913464014488326,0.0019567694977582627
0.9,0.9,0.9500000000000001,0.05,13,0.13002678263214423,6.356370772256225e-07,0.00520107130528577,0.0026011712897201105
0.9,0.9,0.9500000000000001,0.05,14,0.08512836942553609,-6.566303896975907e-07,0.0034051347770214435,0.0017032240189004194
0.9,0.9,0.9500000000000001,0.05,15,0.0694434887064948,-6.843260762252884e-11,0.002777739548259792,0.0013888698425625037
0.9,0.9,0.9500000000000001,0.1,1,0.11021741589783306,1.3704845783882753e-06,0.004408696635913322,0.0022057188025350494
0.9,0.9,0.9500000000000001,0.1,2,0.16043565367605106,-1.3255617105410142e-06,0.006417426147042042,0.003210038635231562
0.9,0.9,0.9500000000000001,0.1,3,0.1155296765607118,7.852553819364641e-08,0.004621187062428472,0.0023106720567524297
0.9,0.9,0.9500000000000001,0.1,4,0.14459856413181088,-6.967866334953296e-08,0.005783942565272435,0.002892040961299567
0.9,0.9,0.9500000000000001,0.1,5,0.17142012432743578,1.363504507056703e-06,0.006856804973097431,0.003429765991055772
0.9,0.9,0.9500000000000001,0.1,6,0.11079809763413148,-1.3803038765760868e-06,0.004431923905365259,0.002217342256559206
0.9,0.9,0.9500000000000001,0.1,7,0.09888051665066695,3.5960320269765814e-10,0.003955220666026678,0.0019776106926165417
0.9,0.9,0.9500000000000001,0.1,8,0.1173459257161137,5.065480631304131e-09,0.004693837028644548,0.0023469235798029052
0.9,0.9,0.9500000000000001,0.1,9,0.12029005142446902,1.5083801503314067e-06,0.004811602056978761,0.0024073094086397118
0.9,0.9,0.9500000000000001,0.1,10,0.17334743397880725,-1.37740725579484e-06,0.00693389735915229,0.00346832608683194
0.9,0.9,0.9500000000000001,0.1,11,0.15029072507103924,6.935382283886852e-08,0.00601162900284157,0.0030058838552436237
0.9,0.9,0.9500000000000001,0.1,12,0.11557981263392474,-7.924398509145903e-08,0.00462319250535699,0.002311675496663586
0.9,0.9,0.9500000000000001,0.1,13,0.16039912324229819,1.3321749343969786e-06,0.006415964929691927,0.0032093146397803606
0.9,0.9,0.9500000000000001,0.1,14,0.11022114445871209,-1.3941731776953223e-06,0.0044088457783484835,0.002205817062351937
0.9,0.9,0.9500000000000001,0.1,15,0.07036001792475872,-9.3601881205966e-10,0.002814400716990349,0.0014072012945139866
0.9,0.9,0.9500000000000001,0.2,1,0.061460489321772165,2.012766829657685e-06,0.0024584195728708865,0.001231222553265101
0.9,0.9,0.9500000000000001,0.2,2,0.09823180450164075,-1.8871508094310823e-06,0.00392927218006563,0.0019665232408422463
0.9,0.9,0.9500000000000001,0.2,3,0.0741426296462746,1.0069367511477442e-07,0.0029657051858509842,0.001482953286600607
0.9,0.9,0.9500000000000001,0.2,4,0.1017318270698991,-7.616442177643679e-08,0.004069273082795964,0.0020347127058197583
0.9,0.9,0.9500000000000001,0.2,5,0.11502820842817352,1.877742268551727e-06,0.00460112833712694,0.002302441910832022
0.9,0.9,0.9500000000000001,0.2,6,0.07535698580149797,-1.969047893198272e-06,0.0030142794320599186,0.0015091087639231575
0.9,0.9,0.9500000000000001,0.2,7,0.07212322657343659,-1.00327415934211e-08,0.0028849290629374635,0.0014424745642103252
0.9,0.9,0.9500000000000001,0.2,8,0.09010872431641881,2.4433126838402765e-08,0.0036043489726567523,0.0018021989194552145
0.9,0.9,0.9500000000000001,0.2,9,0.0920967450514647,1.941836074945442e-06,0.003683869802058588,0.0018438767371042396
0.9,0.9,0.9500000000000001,0.2,10,0.12108751939181644,-1.867603784610133e-06,0.004843500775672658,0.002423617991620939
0.9,0.9,0.9500000000000001,0.2,11,0.11046001463485725,7.261536040444614e-08,0.00441840058539429,0.0022092729080575493
0.9,0.9,0.9500000000000001,0.2,12,0.07483302259165486,-1.0185335300417705e-07,0.0029933209036661947,0.0014967623051861014
0.9,0.9,0.9500000000000001,0.2,13,0.09830811213556587,1.8896038107734094e-06,0.0039323244854226344,0.0019680518465220904
0.9,0.9,0.9500000000000001,0.2,14,0.0687284055984432,-1.978947951093917e-06,0.0027491362239377283,0.001376547059919958
0.9,0.9,0.9500000000000001,0.2,15,0.05577365309102611,-1.902739309243067e-09,0.0022309461236410446,0.0011154749645598315
0.9,0.9,1.0,0.05,1,0.08507196979817064,8.311053069570083e-07,0.0034028787919268256,0.0017022705012703697
0.9,0.9,1.0,0.05,2,0.12974851364370554,-7.98978677053432e-07,0.0051899405457482214,0.002595769251551164
0.9,0.9,1.0,0.05,3,0.09776493769717058,4.828159802182082e-08,0.003910597507886823,0.001955347035541433
0.9,0.9,1.0,0.05,4,0.12634336351905803,-4.046338532862287e-08,0.005053734540762321,0.002526907733766489
0.9,0.9,1.0,0.05,5,0.12631607352148463,8.470052522693773e-07,0.005052642940859386,0.0025271684756819623
0.9,0.9,1.0,0.05,6,0.09223343383028133,-9.452579907783567e-07,0.003689337353211253,0.001845613934596405
0.9,0.9,1.0,0.05,7,0.09161369799195077,-3.960780100003159e-09,0.0036645479196780305,0.0018322779206191152
0.9,0.9,1.0,0.05,8,0.11016686220738625,6.6055099992232136e-09,0.00440667448829545,0.0022033438496577244
0.9,0.9,1.0,0.05,9,0.11446969853429362,1.040169180340964e-06,0.004578787941371744,0.0022904341398662133
0.9,0.9,1.0,0.05,10,0.12026218071653881,-8.579015036936581e-07,0.004810487228661553,0.00240610151583447
0.9,0.9,1.0,0.05,11,0.11376032778667151,4.038018950431547e-08,0.004550413111466861,0.0022752469359229345
0.9,0.9,1.0,0.05,12,0.09777911611937434,-4.742116901238001e-08,0.003911164644774974,0.0019556297435564993
0.9,0.9,1.0,0.05,13,0.12992395632033663,8.041735122122287e-07,0.005196958252813465,0.0025992832999189447
0.9,0.9,1.0,0.05,14,0.08508347326410252,-8.307076209622706e-07,0.003403338930564101,0.0017025001729030129
0.9,0.9,1.0,0.05,15,0.06938511215095727,-8.670679377094475e-11,0.002775404486038291,0.0013877023297259395
0.9,0.9,1.0,0.1,1,0.11004062886759737,1.7333212964821144e-06,0.004401625154703895,0.0022025458986484293
0.9,0.9,1.0,0.1,2,0.16015461710936882,-1.676565724177494e-06,0.006406184684374753,0.003204768907911554
0.9,0.9,1.0,0.1,3,0.11531644086999127,9.9300794883237e-08,0.00461265763479965,0.0023064281181947085
0.9,0.9,1.0,0.1,4,0.14433718069009172,-8.809931218177252e-08,0.0057734872276036684,0.002886831713114016
0.9,0.9,1.0,0.1,5,0.17113062423430467,1.7246038832691678e-06,0.006845224969372187,0.0034243370885693627
0.9,0.9,1.0,0.1,6,0.11061876904652049,-1.7457580246720754e-06,0.00442475076186082,0.002214121138955082
0.9,0.9,1.0,0.1,7,0.09867882272731968,4.5063140579357317e-10,0.003947152909092787,0.0019735769051777994
0.9,0.9,1.0,0.1,8,0.11711476823866915,6.420737590749365e-09,0.004684590729546766,0.0023423017855109737
0.9,0.9,1.0,0.1,9,0.12004522821555033,1.907923761288458e-06,0.004801809128622013,0.002402812488072295
0.9,0.9,1.0,0.1,10,0.17303945299985407,-1.7422073287947553e-06,0.006921578119994163,0.0034625312673258763
0.9,0.9,1.0,0.1,11,0.15001399815532868,8.768761801207763e-08,0.006000559926213147,0.0030003676507245856
0.9,0.9,1.0,0.1,12,0.11536740293687608,-1.0021072799007305e-07,0.004614696117475043,0.0023074482694655117
0.9,0.9,1.0,0.1,13,0.16014178607868593,1.6849391477628527e-06,0.006405671443147437,0.003204520660721481
0.9,0.9,1.0,0.1,14,0.1100451071092382,-1.7633152336454105e-06,0.004401804284369528,0.0022026654574184095
0.9,0.9,1.0,0.1,15,0.0701835097653484,-1.185134904237056e-09,0.002807340390613936,0.0014036713804418722
0.9,0.9,1.0,0.2,1,0.061403574773379266,2.5441861259123965e-06,0.002456142990935171,0.0012306156815934978
0.9,0.9,1.0,0.2,2,0.09813353515411373,-2.3853846498122103e-06,0.00392534140616455,0.001965056087732087
0.9,0.9,1.0,0.2,3,0.07404421808259133,1.2723960008310822e-07,0.002961768723303653,0.0014810116012519098
0.9,0.9,1.0,0.2,4,0.10156745480023914,-9.618813695430562e-08,0.004062698192009565,0.002031445284141737
0.9,0.9,1.0,0.2,5,0.11485723402347334,2.3734598935376257e-06,0.004594289360938934,0.0022995181403630046
0.9,0.9,1.0,0.2,6,0.07522944096272945,-2.4888208384342316e-06,0.003009177638509178,0.0015070776400930232
0.9,0.9,1.0,0.2,7,0.07198428886843695,-1.2710493229963252e-08,0.002879371554737478,0.001439698487861969
0.9,0.9,1.0,0.2,8,0.08991683665581673,3.094382432572624e-08,0.0035966734662326695,0.0017983676769406606
0.9,0.9,1.0,0.2,9,0.09189513050823081,2.454358002854806e-06,0.0036758052203292326,0.0018403569681674711
0.9,0.9,1.0,0.2,10,0.12087712321571556,-2.3606186513136062e-06,0.004835084928628623,0.002419903082965625
0.9,0.9,1.0,0.2,11,0.11026524131070839,9.169411649504475e-08,0.0044106096524283355,0.0022053965203306628
0.9,0.9,1.0,0.2,12,0.07472295516595415,-1.2870795927470962e-07,0.002988918206638166,0.0014945878112783578
0.9,0.9,1.0,0.2,13,0.09819011344386784,2.38849151985168e-06,0.0039276045377547135,0.0019661907603972083
0.9,0.9,1.0,0.2,14,0.06862101936339748,-2.5013510543876218e-06,0.0027448407745358995,0.0013749217383223374
0.9,0.9,1.0,0.2,15,0.055769936635076726,-2.409164281926411e-09,0.002230797465403069,0.0011154011418658164
0.9,0.9,1.05,0.05,1,0.08503217773747485,5.929849122674832e-07,0.003401287109498994,0.0017012365396617643
0.9,0.9,1.05,0.05,2,0.1296508438165601,-5.700758085408985e-07,0.005186033752662404,0.002593586952139743
0.9,0.9,1.05,0.05,3,0.09771090902265683,3.444353525487655e-08,0.003908436360906273,0.0019542526239883914
0.9,0.9,1.05,0.05,4,0.12627497002838442,-2.8859571612734145e-08,0.005050998801135377,0.002525528260139301
0.9,0.9,1.05,0.05,5,0.1263190223330404,6.04372816451074e-07,0.005052760893321616,0.002526984819477259
0.9,0.9,1.05,0.05,6,0.09217396684129892,-6.74494671239396e-07,0.003686958673651957,0.0018441538314972177
0.9,0.9,1.05,0.05,7,0.09156119102615323,-2.8303023017574097e-09,0.0036624476410461295,0.0018312266508253665
0.9,0.9,1.05,0.05,8,0.1100927880134181,4.7193213796776785e-09,0.004403711520536724,0.002201860479589742
0.9,0.9,1.05,0.05,9,0.11438776169113664,7.422640363343824e-07,0.004575510467645465,0.002288497497859067
0.9,0.9,1.05,0.05,10,0.12005069585234521,-6.121543408785788e-07,0.004802027834093808,0.002401626071387783
0.9,0.9,1.05,0.05,11,0.11386939946091947,2.8801002735230185e-08,0.004554775978436779,0.0022774167902211246
0.9,0.9,1.05,0.05,12,0.09772751153708364,-3.382911464212715e-08,0.003909100461483346,0.001954584059856315
0.9,0.9,1.05,0.05,13,0.12982713664501871,5.737851003997327e-07,0.005193085465800749,0.0025971165180007742
0.9,0.9,1.05,0.05,14,0.08504346610543867,-5.927009580556007e-07,0.003401738644217547,0.0017014620230668292
0.9,0.9,1.05,0.05,15,0.0693324376635846,-6.194994003943244e-11,0.002773297506543384,0.001386648815221632
0.9,0.9,1.05,0.1,1,0.10988063586026123,1.2363911264837803e-06,0.0043952254344104495,0.0021988491083317083
0.9,0.9,1.05,0.1,2,0.15989804559916102,-1.1959461280958971e-06,0.006395921823966441,0.0031991568581113163
0.9,0.9,1.05,0.1,3,0.11512374918280999,7.082270740285874e-08,0.0046049499673124,0.0023025458063636027
0.9,0.9,1.05,0.1,4,0.1440998922781354,-6.282458962417583e-08,0.0057639956911254165,0.0028820606701523326
0.9,0.9,1.05,0.1,5,0.17086994535737082,1.2302444233237711e-06,0.006834797814294833,0.00341862915157074
0.9,0.9,1.05,0.1,6,0.11045645238407985,-1.245273820829962e-06,0.004418258095363194,0.0022103743215024273
0.9,0.9,1.05,0.1,7,0.09849653608660583,3.1873975205357844e-10,0.0039398614434642334,0.0019699310404718688
0.9,0.9,1.05,0.1,8,0.11690544696438927,4.589120449453735e-09,0.004676217878575571,0.002338113528408235
0.9,0.9,1.05,0.1,9,0.11982206950500736,1.3610649944682384e-06,0.004792882780200294,0.0023978024550946153
0.9,0.9,1.05,0.1,10,0.17276092914650082,-1.2428139804331723e-06,0.0069104371658600325,0.0034564613969104495
0.9,0.9,1.05,0.1,11,0.14976368417317415,6.253037484327392e-08,0.005990547366926966,0.0029953362138383263
0.9,0.9,1.05,0.1,12,0.11517524634311312,-7.147259471464379e-08,0.004607009853724525,0.002303576399456977
0.9,0.9,1.05,0.1,13,0.15990950556571393,1.2019249954932167e-06,0.006396380222628557,0.0031993920363097717
0.9,0.9,1.05,0.1,14,0.10988643757030406,-1.2578078563339984e-06,0.004395457502812163,0.0021989865592624155
0.9,0.9,1.05,0.1,15,0.07002228239991325,-8.462090153023618e-10,0.00280089129599653,0.0014004464942072804
0.9,0.9,1.05,0.2,1,0.061351366155578235,1.8138479315595421e-06,0.0024540546462231295,0.0012288411710431244
0.9,0.9,1.05,0.2,2,0.09804357855440887,-1.7006194155408594e-06,0.003921743142176355,0.0019625721905037184
0.9,0.9,1.05,0.2,3,0.07395418565797356,9.068847286189874e-08,0.002958167426318942,0.001479174401632333
0.9,0.9,1.05,0.2,4,0.10141762042918584,-6.852106715959428e-08,0.004056704817167434,0.0020284209296508766
0.9,0.9,1.05,0.2,5,0.11469990224502913,1.6920970523746513e-06,0.004587996089801165,0.002295690141952957
0.9,0.9,1.05,0.2,6,0.0751104180715814,-1.7743090545390341e-06,0.0030044167228632564,0.0015039826704861673
0.9,0.9,1.05,0.2,7,0.07185811262207796,-9.080426364305042e-09,0.0028743245048831185,0.0014371713328679237
0.9,0.9,1.05,0.2,8,0.08974248866742078,2.209960916745241e-08,0.0035896995466968315,0.0017948718729575831
0.9,0.9,1.05,0.2,9,0.09171125438200534,1.7496962770661544e-06,0.0036684501752802137,0.001835974783917173
0.9,0.9,1.05,0.2,10,0.12068132672395282,-1.6829252774539687e-06,0.004827253068958113,0.0024153094597565102
0.9,0.9,1.05,0.2,11,0.11008524746265635,6.531199453680726e-08,0.004403409898506254,0.0022017702612476637
0.9,0.9,1.05,0.2,12,0.07462242457784989,-9.173693462688384e-08,0.0029848969831139955,0.0014925402284916246
0.9,0.9,1.05,0.2,13,0.09808049281114345,1.702838437407093e-06,0.003923219712445738,0.0019633126946602764
0.9,0.9,1.05,0.2,14,0.06851577588943042,-1.7832528571208309e-06,0.002740631035577217,0.0013720987706457293
0.9,0.9,1.05,0.2,15,0.05577899455106334,-1.7202034801266899e-09,0.0022311597820425335,0.0011155816112247469
0.9,0.9,1.1,0.05,1,0.08499599030412072,1.1164571871169482e-16,0.003399839612164829,0.001699919806082526
0.9,0.9,1.1,0.05,2,0.1295585192972594,4.061379515878929e-16,0.005182340771890376,0.002591170385945594
0.9,0.9,1.1,0.05,3,0.09766195658503479,5.289144773198973e-16,0.0039064782634013915,0.001953239131701225
0.9,0.9,1.1,0.05,4,0.12621265513491953,4.141652298894627e-16,0.0050485062053967815,0.002524253102698805
0.9,0.9,1.1,0.05,5,0.1263288500877021,2.3445871979999033e-16,0.005053154003508083,0.0025265770017542763
0.9,0.9,1.1,0.05,6,0.0921198300357625,8.273817828780006e-17,0.0036847932014305003,0.001842396600715333
0.9,0.9,1.1,0.05,7,0.09151514575994296,3.880088524782499e-17,0.0036606058303977184,0.001830302915198898
0.9,0.9,1.1,0.05,8,0.11002476515870795,3.5740724615984654e-16,0.004400990606348318,0.0022004953031745165
0.9,0.9,1.1,0.05,9,0.11431201773819237,4.043532002284689e-16,0.004572480709527695,0.0022862403547642515
0.9,0.9,1.1,0.05,10,0.11984732752777148,6.554002132674874e-16,0.00479389310111086,0.002396946550556085
0.9,0.9,1.1,0.05,11,0.11398631652116144,7.840950111415168e-16,0.004559452660846458,0.002279726330424013
0.9,0.9,1.1,0.05,12,0.0976811750049083,2.9713915789680856e-16,0.0039072470001963325,0.0019536235000984633
0.9,0.9,1.1,0.05,13,0.1297355603088363,1.9882912590668544e-16,0.005189422412353452,0.0025947112061769245
0.9,0.9,1.1,0.05,14,0.08500751629717561,4.919567357652976e-18,0.0034003006518870246,0.0017001503259435173
0.9,0.9,1.1,0.05,15,0.06928469263868109,2.034689606335077e-16,0.0027713877055472436,0.0013856938527738252
0.9,0.9,1.1,0.1,1,0.10973514151782096,7.504034286315298e-16,0.0043894056607128385,0.0021947028303571695
0.9,0.9,1.1,0.1,2,0.15966261619873237,2.439454888092385e-19,0.006386504647949295,0.003193252323974648
0.9,0.9,1.1,0.1,3,0.11494889871022265,2.936426058905428e-16,0.004597955948408906,0.0022989779742047466
0.9,0.9,1.1,0.1,4,0.14388345184202253,5.201459922499208e-16,0.005755338073680901,0.0028776690368409706
0.9,0.9,1.1,0.1,5,0.1706350539759018,5.18031798013574e-16,0.006825402159036073,0.0034127010795185547
0.9,0.9,1.1,0.1,6,0.11030886479348057,4.8382521947165635e-18,0.004412354591739223,0.0022061772958696163
0.9,0.9,1.1,0.1,7,0.09833099070436999,3.922643460052555e-16,0.003933239628174799,0.001966619814087792
0.9,0.9,1.1,0.1,8,0.11671504204286016,3.5214886562329184e-16,0.004668601681714407,0.0023343008408575555
0.9,0.9,1.1,0.1,9,0.11961783100627646,3.158551978993396e-16,0.004784713240251058,0.0023923566201258448
0.9,0.9,1.1,0.1,10,0.17250784522794277,9.121121826577427e-16,0.006900313809117711,0.0034501569045597676
0.9,0.9,1.1,0.1,11,0.1495362794844814,1.141231206758242e-15,0.005981451179379256,0.002990725589690769
0.9,0.9,1.1,0.1,12,0.11500057681981099,4.782009207018878e-16,0.00460002307279244,0.002300011536396698
0.9,0.9,1.1,0.1,13,0.15969887115314446,7.356176215042587e-16,0.006387954846125778,0.0031939774230636247
0.9,0.9,1.1,0.1,14,0.10974266292292388,7.237049501340742e-18,0.004389706516916956,0.002194853258458485
0.9,0.9,1.1,0.1,15,0.06987439978126593,-2.2546005352659746e-16,0.0027949759912506375,0.0013974879956255442
0.9,0.9,1.1,0.2,1,0.06130335003297918,-6.333095940030953e-17,0.0024521340013191673,0.001226067000659647
0.9,0.9,1.1,0.2,2,0.0979608719877614,7.901123331988114e-18,0.003918434879510456,0.0019592174397552358
0.9,0.9,1.1,0.2,3,0.07387136627862108,4.2777196715415577e-16,0.002954854651144843,0.0014774273255728494
0.9,0.9,1.1,0.2,4,0.10128166793580345,3.0761526138844975e-16,0.004051266717432138,0.0020256333587163767
0.9,0.9,1.1,0.2,5,0.11455488142351575,1.5823930707425937e-16,0.00458219525694063,0.0022910976284704733
0.9,0.9,1.1,0.2,6,0.07499899512419378,2.9436088982981445e-17,0.0029999598049677513,0.0014999799024839051
0.9,0.9,1.1,0.2,7,0.07174328181715361,-3.4159144696871424e-17,0.0028697312726861444,0.0014348656363431065
0.9,0.9,1.1,0.2,8,0.089585138131567,2.28089032036638e-16,0.00358340552526268,0.0017917027626315682
0.9,0.9,1.1,0.2,9,0.09154344371769561,8.00276728565863e-17,0.0036617377487078244,0.0018308688743539922
0.9,0.9,1.1,0.2,10,0.12049885582266084,3.172375556692586e-16,0.004819954232906434,0.002409977116453534
0.9,0.9,1.1,0.2,11,0.10991904100307684,3.3377163879966254e-16,0.004396761640123073,0.0021983808200618706
0.9,0.9,1.1,0.2,12,0.074530481948597,8.033938098117588e-17,0.00298121927794388,0.0014906096389720202
0.9,0.9,1.1,0.2,13,0.09797856798840304,6.804046258704344e-17,0.003919142719536122,0.001959571359768129
0.9,0.9,1.1,0.2,14,0.068414626726171,3.2559946492455305e-17,0.0027365850690468404,0.0013682925345234527
0.9,0.9,1.1,0.2,15,0.055800073006418746,-1.4273521600771666e-16,0.00223200292025675,0.0011160014601285177
0.9,0.9500000000000001,0.9,0.05,1,0.07892167008301668,2.98634778665378e-07,0.0031568668033206673,0.001578732036438999
0.9,0.9500000000000001,0.9,0.05,2,0.12067926581981721,-1.2950319485459243e-06,0.0048271706327926885,0.00241488034834489
0.9,0.9500000000000001,0.9,0.05,3,0.08965337862752235,-5.5504285193523165e-05,0.003586135145100894,0.00184857185774397
0.9,0.9500000000000001,0.9,0.05,4,0.11650686531256872,0.000218016468756305,0.004660274612502749,0.0025481537750076796
0.9,0.9500000000000001,0.9,0.05,5,0.11792446549924261,7.847861831330021e-05,0.004716978619969704,0.0024369679282981523
0.9,0.9500000000000001,0.9,0.05,6,0.08394434624160718,-3.279673901160918e-05,0.0033577738496642874,0.0017116836638437528
0.9,0.9500000000000001,0.9,0.05,7,0.0826817389166539,-5.322428908079311e-05,0.0033072695566661557,0.001706859067413871
0.9,0.9500000000000001,0.9,0.05,8,0.09984041416159536,0.00011048459559416646,0.003993616566463814,0.0021072928788260737
0.9,0.9500000000000001,0.9,0.05,9,0.10349829976972347,0.0001702111137254537,0.004139931990788939,0.002240177109119923
0.9,0.9500000000000001,0.9,0.05,10,0.11319939852829941,-8.337835426602616e-05,0.004527975941131976,0.002347366324832014
0.9,0.9500000000000001,0.9,0.05,11,0.10688467718419337,-0.0002255251143463635,0.004275387087367735,0.002363218658030231
0.9,0.9500000000000001,0.9,0.05,12,0.0896701092706563,5.6525845830817596e-05,0.003586804370826252,0.0018499280312439437
0.9,0.9500000000000001,0.9,0.05,13,0.12080993944570842,2.762146499223622e-06,0.004832397577828337,0.002418960935413392
0.9,0.9500000000000001,0.9,0.05,14,0.07893044323920852,-4.971126683242202e-07,0.0031572177295683406,0.0015791059774524945
0.9,0.9500000000000001,0.9,0.05,15,0.061718418033511926,-1.3360394128834418e-06,0.002468736721340477,0.001235704400083122
0.9,0.9500000000000001,0.9,0.1,1,0.08996724421384877,8.52098536486088e-06,0.003598689768553951,0.0018078658696418363
0.9,0.9500000000000001,0.9,0.1,2,0.13060405821520502,4.5246167898373136e-05,0.005224162328608201,0.0026573273322024736
0.9,0.9500000000000001,0.9,0.1,3,0.09360002777157016,-6.697628843991323e-05,0.003744001110862806,0.0019389768438713164
0.9,0.9500000000000001,0.9,0.1,4,0.12047766122945004,0.00027173090882646897,0.004819106449178002,0.00268128413341547
0.9,0.9500000000000001,0.9,0.1,5,0.1411979286991639,6.78379114105431e-05,0.005647917147966556,0.0028917964853938214
0.9,0.9500000000000001,0.9,0.1,6,0.09416633804059538,1.8627625755924843e-05,0.0037666535216238153,0.0019019543865678324
0.9,0.9500000000000001,0.9,0.1,7,0.08049266470711737,-7.049798131359554e-05,0.003219706588284695,0.001680351275455943
0.9,0.9500000000000001,0.9,0.1,8,0.0987840631074854,0.00013784637029693326,0.003951362524299416,0.0021135276324466415
0.9,0.9500000000000001,0.9,0.1,9,0.10406469180498619,-7.874477234400519e-05,0.004162587672199448,0.002160038608443729
0.9,0.9500000000000001,0.9,0.1,10,0.14410279339025697,-7.383935023872395e-05,0.005764111735610279,0.0029558952180438634
0.9,0.9500000000000001,0.9,0.1,11,0.12568513140270468,-0.0002539252998423991,0.005027405256108187,0.0027676279278964926
0.9,0.9500000000000001,0.9,0.1,12,0.09585955452776618,6.257547209274856e-05,0.003834382181110647,0.0019797665626480722
0.9,0.9500000000000001,0.9,0.1,13,0.13052314886729327,-4.9446409091526294e-05,0.005220925954691731,0.0026599093864373914
0.9,0.9500000000000001,0.9,0.1,14,0.094346424273135,-4.603308364283621e-06,0.0037738569709254,0.0018915317938269836
0.9,0.9500000000000001,0.9,0.1,15,0.05875844881787534,-2.840610825816503e-06,0.0023503379527150137,0.0011780095871833233
0.9,0.9500000000000001,0.9,0.2,1,0.062257578519010606,1.8347200875519495e-05,0.0024903031407604243,0.0012634987712557316
0.9,0.9500000000000001,0.9,0.2,2,0.10017102390922336,-2.4237062097034863e-05,0.004006840956368935,0.0020276575402815022
0.9,0.9500000000000001,0.9,0.2,3,0.07431059206654363,-3.971484228358219e-05,0.002972423682661745,0.0015259266836144547
0.9,0.9500000000000001,0.9,0.2,4,0.10177904579595132,0.00013618972000565188,0.004071161831838053,0.0021717706359246783
0.9,0.9500000000000001,0.9,0.2,5,0.11513822195045623,9.758970851982849e-05,0.0046055288780182495,0.0024003541475289534
0.9,0.9500000000000001,0.9,0.2,6,0.07434530898863935,-1.9839765211978262e-05,0.002973812359545574,0.0015067459449847652
0.9,0.9500000000000001,0.9,0.2,7,0.0707417329085673,-5.63107309421159e-05,0.0028296693163426924,0.001471145389113462
0.9,0.9500000000000001,0.9,0.2,8,0.08876438194171529,0.00014126154264000785,0.003550575277668612,0.001916549181474314
0.9,0.9500000000000001,0.9,0.2,9,0.09066489806483158,-3.9651345921684476e-05,0.0036265959225932633,0.0018529493072183161
0.9,0.9500000000000001,0.9,0.2,10,0.1204250827858781,-0.00012352664506565518,0.0048170033114351245,0.0025320283007832173
0.9,0.9500000000000001,0.9,0.2,11,0.11019660636578797,-0.00012572690408894446,0.004407864254631519,0.002329659031404704
0.9,0.9500000000000001,0.9,0.2,12,0.0763650133288307,2.8450215114407692e-05,0.003054600533153228,0.0015557504816910215
0.9,0.9500000000000001,0.9,0.2,13,0.10027888186095182,2.650021176613917e-05,0.004011155274438073,0.0020320778489851753
0.9,0.9500000000000001,0.9,0.2,14,0.06865312673990556,-2.5129966796439648e-05,0.0027461250695962228,0.001398192501594551
0.9,0.9500000000000001,0.9,0.2,15,0.05475795694446915,-3.6164331837314214e-06,0.0021903182777787663,0.0010987755720731145
0.9,0.9500000000000001,0.9500000000000001,0.05,1,0.07885934664629832,9.31698386359406e-07,0.003154373865851933,0.0015781186313123259
0.9,0.9500000000000001,0.9500000000000001,0.05,2,0.12054992097663701,-1.1382123002740657e-06,0.0048219968390654806,0.0024121366318330143
0.9,0.9500000000000001,0.9500000000000001,0.05,3,0.08956996461592087,-5.584685928207402e-05,0.003582798584636835,0.0018472461516004916
0.9,0.9500000000000001,0.9500000000000001,0.05,4,0.11639794822859226,0.00021726427643353492,0.004655917929143691,0.0025452232410053803
0.9,0.9500000000000001,0.9500000000000001,0.05,5,0.11789202634738148,7.865095746215582e-05,0.004715681053895259,0.0024364914844097856
0.9,0.9500000000000001,0.9500000000000001,0.05,6,0.08385364774820532,-3.284140719538924e-05,0.003354145909928213,0.0017099143621594956
0.9,0.9500000000000001,0.9500000000000001,0.05,7,0.08260201859410393,-5.003253885588061e-05,0.0033040807437641575,0.0017020729107379594
0.9,0.9500000000000001,0.9500000000000001,0.05,8,0.09972801060207809,0.00010920746074493792,0.003989120424083123,0.0021037676727864996
0.9,0.9500000000000001,0.9500000000000001,0.05,9,0.10338147894682352,0.00016853389348948187,0.004135259157872941,0.0022361634724259523
0.9,0.9500000000000001,0.9500000000000001,0.05,10,0.11299113758384285,-8.328954504060874e-05,0.004519645503353715,0.002343112296717466
0.9,0.9500000000000001,0.9500000000000001,0.05,11,0.10690265199799025,-0.00022650818972843028,0.00427610607991961,0.0023645612296882353
0.9,0.9500000000000001,0.9500000000000001,0.05,12,0.08959084030797243,5.529677360359554e-05,0.003583633612318897,0.001847113579763044
0.9,0.9500000000000001,0.9500000000000001,0.05,13,0.12068528929349473,2.558513854966583e-06,0.004827411571739789,0.0024162642997248612
0.9,0.9500000000000001,0.9500000000000001,0.05,14,0.07886789985860185,-1.0835022345944716e-06,0.003154715994344074,0.0015784414994066314
0.9,0.9500000000000001,0.9500000000000001,0.05,15,0.06164530034388593,-1.3534040687966624e-06,0.0024658120137554373,0.0012342594109465152
0.9,0.9500000000000001,0.9500000000000001,0.1,1,0.08979483481435133,9.989455006949926e-06,0.003591793392574053,0.0018058861512939763
0.9,0.9500000000000001,0.9500000000000001,0.1,2,0.13033404495673145,4.433963501717362e-05,0.0052133617982692585,0.002651020534151803
0.9,0.9500000000000001,0.9500000000000001,0.1,3,0.09339445677831276,-6.610281552648975e-05,0.0037357782711325105,0.001933991951092745
0.9,0.9500000000000001,0.9500000000000001,0.1,4,0.1202202983971163,0.00027040836027880725,0.004808811935884652,0.0026748143282211336
0.9,0.9500000000000001,0.9500000000000001,0.1,5,0.14091077299581486,6.767365816025449e-05,0.005636430919832595,0.002885889118076552
0.9,0.9500000000000001,0.9500000000000001,0.1,6,0.09395249891027266,1.632587496738899e-05,0.0037580999564109066,0.0018953758531728422
0.9,0.9500000000000001,0.9500000000000001,0.1,7,0.08031610747137362,-7.08765538116627e-05,0.003212644298854945,0.001677198703239135
0.9,0.9500000000000001,0.9500000000000001,0.1,8,0.09857802568964265,0.0001313417958482971,0.003943121027585706,0.00210290230964115
0.9,0.9500000000000001,0.9500000000000001,0.1,9,0.10383671060194445,-7.866479699231897e-05,0.0041534684240777785,0.002155399009031208
0.9,0.9500000000000001,0.9500000000000001,0.1,10,0.1437989768748465,-7.452027654108955e-05,0.00575195907499386,0.00295049981403802
0.9,0.9500000000000001,0.9500000000000001,0.1,11,0.12542874484245659,-0.0002515365173634693,0.005017149793698264,0.0027601114142126013
0.9,0.9500000000000001,0.9500000000000001,0.1,12,0.09565673750286267,6.271819339620493e-05,0.003826269500114507,0.0019758529434534583
0.9,0.9500000000000001,0.9500000000000001,0.1,13,0.13028642239396843,-4.739196963136296e-05,0.005211456895758737,0.0026531204175107314
0.9,0.9500000000000001,0.9500000000000001,0.1,14,0.09418537809685634,-5.7141794189098844e-06,0.003767415123874254,0.0018894217413560367
0.9,0.9500000000000001,0.9500000000000001,0.1,15,0.05860753164446739,-2.787286132638696e-06,0.0023443012657786955,0.0011749379190219864
0.9,0.9500000000000001,0.9500000000000001,0.2,1,0.06219355179872972,1.9403434753527114e-05,0.002487742071949189,0.0012632744707281216
0.9,0.9500000000000001,0.9500000000000001,0.2,2,0.10003881165944783,-2.614868134916347e-05,0.004001552466377913,0.00202692491453812
0.9,0.9500000000000001,0.9500000000000001,0.2,3,0.07418905237903914,-3.9746577291487693e-05,0.0029675620951615657,0.0015235276248722705
0.9,0.9500000000000001,0.9500000000000001,0.2,4,0.10159958002494808,0.00013627324077523475,0.004063983200997923,0.0021682648412741966
0.9,0.9500000000000001,0.9500000000000001,0.2,5,0.11495306547510847,9.742385340148867e-05,0.004598122619004339,0.002396485162903658
0.9,0.9500000000000001,0.9500000000000001,0.2,6,0.07422229540576056,-2.029196368171144e-05,0.002968891816230422,0.0015047378717969225
0.9,0.9500000000000001,0.9500000000000001,0.2,7,0.07057159297795489,-5.501764922877831e-05,0.0028228637191181957,0.001466449508787876
0.9,0.9500000000000001,0.9500000000000001,0.2,8,0.08858695933694122,0.00013984727696831177,0.0035434783734776486,0.0019115864637071361
0.9,0.9500000000000001,0.9500000000000001,0.2,9,0.09048848490691816,-3.99723619223852e-05,0.0036195393962767265,0.0018497420600607484
0.9,0.9500000000000001,0.9500000000000001,0.2,10,0.1202230011211943,-0.00012272888964362402,0.004808920044847772,0.0025271889120675097
0.9,0.9500000000000001,0.9500000000000001,0.2,11,0.10997751352656404,-0.0001250266902735864,0.0043991005410625615,0.002324576960804867
0.9,0.9500000000000001,0.9500000000000001,0.2,12,0.0762598267582533,2.9277252450240926e-05,0.003050393070330132,0.001554473787615307
0.9,0.9500000000000001,0.9500000000000001,0.2,13,0.10010805806550208,2.7121651519004403e-05,0.004004322322620083,0.0020292828128290457
0.9,0.9500000000000001,0.9500000000000001,0.2,14,0.06854712556182277,-2.6096284304502936e-05,0.002741885022472911,0.0013970387955409584
0.9,0.9500000000000001,0.9500000000000001,0.2,15,0.054734296948710105,-3.959277311620907e-06,0.0021893718779484044,0.0010986452162858231
0.9,0.9500000000000001,1.0,0.05,1,0.0788034316757262,1.092294833859403e-06,0.0031521372670290483,0.0015771609283483836
0.9,0.9500000000000001,1.0,0.05,2,0.1204317110076825,-5.211405426744177e-07,0.004817268440307301,0.002409155360696325
0.9,0.9500000000000001,1.0,0.05,3,0.08949497292554351,-5.62118610317337e-05,0.0035797989170217406,0.001846111319542604
0.9,0.9500000000000001,1.0,0.05,4,0.11630229754779638,0.00021653052041046157,0.004652091901911855,0.002542576471366389
0.9,0.9500000000000001,1.0,0.05,5,0.11787316905927471,7.833872098120972e-05,0.004714926762370989,0.0024358021021667043
0.9,0.9500000000000001,1.0,0.05,6,0.08377113735703637,-3.236191454823601e-05,0.0033508454942814546,0.0017077846616889633
0.9,0.9500000000000001,1.0,0.05,7,0.08253171630526165,-4.683879835220294e-05,0.003301268652210466,0.001697473124457436
0.9,0.9500000000000001,1.0,0.05,8,0.09962798856170646,0.00010792682520690994,0.003985119542468258,0.0021004865964410393
0.9,0.9500000000000001,1.0,0.05,9,0.10327703831814285,0.00016627582072796583,0.004131081532725714,0.0022318165870908228
0.9,0.9500000000000001,1.0,0.05,10,0.11279640298145412,-8.270932617630898e-05,0.004511856119258165,0.0023386373858053913
0.9,0.9500000000000001,1.0,0.05,11,0.106933824654638,-0.0002275099185686185,0.004277352986185519,0.0023661864116613783
0.9,0.9500000000000001,1.0,0.05,12,0.08952006093025378,5.408998899430556e-05,0.003580802437210151,0.001844491207599381
0.9,0.9500000000000001,1.0,0.05,13,0.12057175328671316,1.8940556759076107e-06,0.004822870131468526,0.0024133291214101706
0.9,0.9500000000000001,1.0,0.05,14,0.07881222286172081,-1.1986446194061642e-06,0.0031524889144688324,0.0015774431018538225
0.9,0.9500000000000001,1.0,0.05,15,0.06157983871776003,-1.3706827492913222e-06,0.002463193548710401,0.0012329674571044918
0.9,0.9500000000000001,1.0,0.1,1,0.08964385397423807,1.0509805520862812e-05,0.003585754158969523,0.0018033868850056243
0.9,0.9500000000000001,1.0,0.1,2,0.1300945797661935,4.4352914489346226e-05,0.005203783190647741,0.0026462445098132167
0.9,0.9500000000000001,1.0,0.1,3,0.09321317295742314,-6.527345197796784e-05,0.0037285269182969257,0.0019295369111264307
0.9,0.9500000000000001,1.0,0.1,4,0.11999089412048908,0.0002691228403829136,0.004799635764819564,0.0026689407227926953
0.9,0.9500000000000001,1.0,0.1,5,0.1406582652596471,6.657094659738921e-05,0.005626330610385884,0.002879736251790331
0.9,0.9500000000000001,1.0,0.1,6,0.0937601038522275,1.4972458440163467e-05,0.0037504041540890997,0.0018901745354847133
0.9,0.9500000000000001,1.0,0.1,7,0.08016137617428226,-7.12551233465906e-05,0.0032064550469712906,0.001674482646832236
0.9,0.9500000000000001,1.0,0.1,8,0.09839552760849087,0.00012483509125952598,0.003935821104339635,0.0020927456434293437
0.9,0.9500000000000001,1.0,0.1,9,0.10363230772852541,-7.95975353288177e-05,0.004145292309141017,0.002152243689899326
0.9,0.9500000000000001,1.0,0.1,10,0.14353056318926583,-7.425674750164319e-05,0.005741222527570633,0.0029448680112869594
0.9,0.9500000000000001,1.0,0.1,11,0.12520201600703196,-0.0002491844396013653,0.005008080640281278,0.0027532247597420044
0.9,0.9500000000000001,1.0,0.1,12,0.09547792190200666,6.290514857076113e-05,0.0038191168760802665,0.0019724635866108942
0.9,0.9500000000000001,1.0,0.1,13,0.13008095274747852,-4.62610105769608e-05,0.005203238109899141,0.0026478800655265313
0.9,0.9500000000000001,1.0,0.1,14,0.09404602360456522,-5.870573239974934e-06,0.003761840944182609,0.0018867910453312794
0.9,0.9500000000000001,1.0,0.1,15,0.05847243897336735,-2.7335567957372804e-06,0.002338897558934694,0.0011721823362630843
0.9,0.9500000000000001,1.0,0.2,1,0.06214170142352433,1.919069878095197e-05,0.002485668056940973,0.0012620247272514386
0.9,0.9500000000000001,1.0,0.2,2,0.09992573300862923,-2.686554222559277e-05,0.003997029320345169,0.002025380202398177
0.9,0.9500000000000001,1.0,0.2,3,0.07408122198881582,-3.982873413221177e-05,0.002963248879552633,0.0015214531739085283
0.9,0.9500000000000001,1.0,0.2,4,0.10143990879570958,0.00013639425411166112,0.004057596351828383,0.002165192430025853
0.9,0.9500000000000001,1.0,0.2,5,0.11478584267904042,9.60728511342144e-05,0.004591433707161617,0.002391789704715023
0.9,0.9500000000000001,1.0,0.2,6,0.07410844019420702,-1.9519576038115733e-05,0.002964337607768281,0.0015016883799222564
0.9,0.9500000000000001,1.0,0.2,7,0.0704142744627126,-5.371906082089185e-05,0.0028165709785085043,0.001462004550075144
0.9,0.9500000000000001,1.0,0.2,8,0.08842210749260049,0.00013841993053813353,0.0035368842997040195,0.0019068620803901434
0.9,0.9500000000000001,1.0,0.2,9,0.09032589196808627,-4.14997747662203e-05,0.003613035678723451,0.0018480176141279457
0.9,0.9500000000000001,1.0,0.2,10,0.12004334142298917,-0.00012075614960488487,0.004801733656919567,0.0025216229780646686
0.9,0.9500000000000001,1.0,0.2,11,0.1097757083686484,-0.00012436134750127566,0.004391028334745937,0.002319875514874244
0.9,0.9500000000000001,1.0,0.2,12,0.0761696916835335,3.0155084553381805e-05,0.00304678766734134,0.001553548918224052
0.9,0.9500000000000001,1.0,0.2,13,0.09995572426513896,2.654810608805972e-05,0.003998228970605559,0.002025662591390839
0.9,0.9500000000000001,1.0,0.2,14,0.06846639443684797,-2.5834803083338308e-05,0.002738655777473919,0.0013951626918202978
0.9,0.9500000000000001,1.0,0.2,15,0.054720045229976,-4.3013060208213035e-06,0.00218880180919904,0.0010987022106203413
0.9,0.9500000000000001,1.05,0.05,1,0.07875324742545128,8.495044505779127e-07,0.0031501298970180516,0.0015759144529596037
0.9,0.9500000000000001,1.05,0.05,2,0.12032308459299897,4.889202875598448e-07,0.004812923383719959,0.0024069506121475394
0.9,0.9500000000000001,1.05,0.05,3,0.08942722329681016,-5.659600101952084e-05,0.0035770889318724065,0.001845140466955724
0.9,0.9500000000000001,1.05,0.05,4,0.11621801875090783,0.00021581248212114266,0.004648720750036313,0.002540172857139299
0.9,0.9500000000000001,1.05,0.05,5,0.11786598347770805,7.761266401248496e-05,0.004714639339108322,0.002434932333566646
0.9,0.9500000000000001,1.05,0.05,6,0.08369567216807305,-3.1434783008637174e-05,0.0033478268867229224,0.0017053482263700984
0.9,0.9500000000000001,1.05,0.05,7,0.08246961722973217,-4.3643350059358286e-05,0.003298784689189287,0.001693035694654002
0.9,0.9500000000000001,1.05,0.05,8,0.09953859299859984,0.00010664318743832052,0.003981543719943994,0.0020974150474103175
0.9,0.9500000000000001,1.05,0.05,9,0.10318321347056364,0.0001635215810032577,0.004127328538822546,0.002227185850414531
0.9,0.9500000000000001,1.05,0.05,10,0.11261325264355156,-8.170943396254609e-05,0.004504530105742062,0.0023339744868335773
0.9,0.9500000000000001,1.05,0.05,11,0.1069763202998271,-0.00022852755233997727,0.004279052811993084,0.0023680539583365193
0.9,0.9500000000000001,1.05,0.05,12,0.08945658884648043,5.2902222815123925e-05,0.003578263553859217,0.0018420339997447324
0.9,0.9500000000000001,1.05,0.05,13,0.12046776822541967,8.361175716808288e-07,0.004818710729016787,0.0024101914820800745
0.9,0.9500000000000001,1.05,0.05,14,0.0787623324588135,-9.114444870947461e-07,0.0031504932983525405,0.001576158093663365
0.9,0.9500000000000001,1.05,0.05,15,0.06152093843702322,-1.387887787286602e-06,0.0024608375374809287,0.001231806656527751
0.9,0.9500000000000001,1.05,0.1,1,0.08951123446166155,1.022131255308756e-05,0.003580449378466462,0.0018004460017863185
0.9,0.9500000000000001,1.05,0.1,2,0.12988125897980807,4.515095074938512e-05,0.005195250359192323,0.0026427761303455463
0.9,0.9500000000000001,1.05,0.1,3,0.0930527257805116,-6.448169887305555e-05,0.003722109031220464,0.0019255362144832875
0.9,0.9500000000000001,1.05,0.1,4,0.11978542549270621,0.00026786886892772696,0.004791417019708248,0.002663577378781851
0.9,0.9500000000000001,1.05,0.1,5,0.1404354719562161,6.466752175309694e-05,0.005617418878248645,0.0028733769608774193
0.9,0.9500000000000001,1.05,0.1,6,0.0935860881530762,1.4428069001675716e-05,0.0037434435261230483,0.0018861498320631997
0.9,0.9500000000000001,1.05,0.1,7,0.0800253135573157,-7.163368559233647e-05,0.003201012542292628,0.0016721399567386505
0.9,0.9500000000000001,1.05,0.1,8,0.09823316918158152,0.00011832655561056234,0.003929326767263261,0.002082989939242193
0.9,0.9500000000000001,1.05,0.1,9,0.10344811223863522,-8.139440825086293e-05,0.004137924489545409,0.0021503566530235675
0.9,0.9500000000000001,1.05,0.1,10,0.1432924300872992,-7.318737258456187e-05,0.005731697203491968,0.002939035974330546
0.9,0.9500000000000001,1.05,0.1,11,0.1250006845792113,-0.00024686363233116426,0.005000027383168452,0.00274687732391539
0.9,0.9500000000000001,1.05,0.1,12,0.09531965328318875,6.312982082876429e-05,0.0038127861313275503,0.0019695228864925396
0.9,0.9500000000000001,1.05,0.1,13,0.1299022410440005,-4.5917948410986194e-05,0.00519608964176002,0.0026439627692909965
0.9,0.9500000000000001,1.05,0.1,14,0.0939252870020377,-5.212686504998102e-06,0.003757011480081508,0.0018837184265457522
0.9,0.9500000000000001,1.05,0.1,15,0.058350961342494026,-2.679481114921413e-06,0.002334038453699761,0.0011696987079648018
0.9,0.9500000000000001,1.05,0.2,1,0.062100396913427024,1.7896948311542688e-05,0.002484015876537081,0.0012599048865800833
0.9,0.9500000000000001,1.05,0.2,2,0.09982889491627552,-2.6564665039325135e-05,0.00399315579665102,0.002023142563364835
0.9,0.9500000000000001,1.05,0.2,3,0.07398499727001318,-3.99537958556158e-05,0.0029593998908005272,0.0015196537412558793
0.9,0.9500000000000001,1.05,0.2,4,0.10129704286523099,0.00013654711000284916,0.004051881714609239,0.0021624879673074688
0.9,0.9500000000000001,1.05,0.2,5,0.11463390777819882,9.371234901688978e-05,0.004585356311127953,0.002386390504580866
0.9,0.9500000000000001,1.05,0.2,6,0.07400223946592403,-1.7704179256806788e-05,0.002960089578636961,0.0014977489685752874
0.9,0.9500000000000001,1.05,0.2,7,0.07026790035325578,-5.241575251886192e-05,0.0028107160141302313,0.0014577737595839776
0.9,0.9500000000000001,1.05,0.2,8,0.08826797590275073,0.0001369813807278868,0.0035307190361100293,0.0019023408987829014
0.9,0.9500000000000001,1.05,0.2,9,0.090174929950763,-4.4054618773994834e-05,0.0036069971980305197,0.0018475532177892548
0.9,0.9500000000000001,1.05,0.2,10,0.11988249084436381,-0.00011778261317164347,0.004795299633774552,0.0025154324300589196
0.9,0.9500000000000001,1.05,0.2,11,0.10958858750627898,-0.00012372560303735376,0.004383543500251159,0.0023154973531629335
0.9,0.9500000000000001,1.05,0.2,12,0.07609230474775672,3.107614070507395e-05,0.0030436921899102687,0.0015529222356602083
0.9,0.9500000000000001,1.05,0.2,13,0.09981917584208201,2.495662696249909e-05,0.0039927670336832805,0.0020213401438041395
0.9,0.9500000000000001,1.05,0.2,14,0.06840714519157103,-2.4527565511454007e-05,0.002736285807662841,0.0013926704693428744
0.9,0.9500000000000001,1.05,0.2,15,0.05471379747023103,-4.642636779815781e-06,0.0021885518988092414,0.0010989185861844364
0.9,0.9500000000000001,1.1,0.05,1,0.07870779800865696,2.5957111492872425e-07,0.0031483119203462783,0.0015744155312880678
0.9,0.9500000000000001,1.1,0.05,2,0.12022277357654658,1.8372005290919663e-06,0.004808910943061863,0.0024062926720600235
0.9,0.9500000000000001,1.1,0.05,3,0.08936575265417782,-5.699660284864337e-05,0.0035746301061671125,0.0018443116559321996
0.9,0.9500000000000001,1.1,0.05,4,0.11614356352779824,0.00021510795211476114,0.00464574254111193,0.002537979222670726
0.9,0.9500000000000001,1.1,0.05,5,0.11786890995764618,7.653041038289789e-05,0.004714756398305847,0.0024339086095358214
0.9,0.9500000000000001,1.1,0.05,6,0.08362631845105405,-3.0122335185043885e-05,0.003345052738042162,0.0017026487042061248
0.9,0.9500000000000001,1.1,0.05,7,0.08241472875640068,-4.0446425430471625e-05,0.0032965891502560276,0.0016887410005584854
0.9,0.9500000000000001,1.1,0.05,8,0.09945839017719135,0.00010535695555700554,0.003978335607087654,0.0020945247591008325
0.9,0.9500000000000001,1.1,0.05,9,0.10309856287650389,0.0001603401649953649,0.004123942515060155,0.0022223114225254424
0.9,0.9500000000000001,1.1,0.05,10,0.1124401030842522,-8.034829414065291e-05,0.004497604123370088,0.002329150355825697
0.9,0.9500000000000001,1.1,0.05,11,0.10702861087406985,-0.00022955885689540358,0.004281144434962795,0.002370131074376801
0.9,0.9500000000000001,1.1,0.05,12,0.08939945701795524,5.173081518413697e-05,0.0035759782807182096,0.0018397199555432418
0.9,0.9500000000000001,1.1,0.05,13,0.12037205608517415,-5.604633528520186e-07,0.004814882243406966,0.002408001585056335
0.9,0.9500000000000001,1.1,0.05,14,0.07871739675461799,-2.780022310148314e-07,0.0031486958701847194,0.0015746259373233746
0.9,0.9500000000000001,1.1,0.05,15,0.061467705685243644,-1.4050292658330614e-06,0.002458708227409746,0.0012307591429707061
0.9,0.9500000000000001,1.1,0.1,1,0.08939447120827344,9.23725792257473e-06,0.003575778848330938,0.0017971266820880436
0.9,0.9500000000000001,1.1,0.1,2,0.12969049042740033,4.6623883751014715e-05,0.005187619617096013,0.0026404336922990213
0.9,0.9500000000000001,1.1,0.1,3,0.09291029918175525,-6.372227363700936e-05,0.0037164119672702103,0.0019219282572721145
0.9,0.9500000000000001,1.1,0.1,4,0.11960061707681229,0.00026664199556897944,0.004784024683072491,0.002658654337105225
0.9,0.9500000000000001,1.1,0.1,5,0.14023836915310423,6.207543965956535e-05,0.0056095347661241695,0.00286684282272165
0.9,0.9500000000000001,1.1,0.1,6,0.09342794846379716,1.4579399163285227e-05,0.0037371179385518867,0.0018831383684392285
0.9,0.9500000000000001,1.1,0.1,7,0.07990534479375491,-7.201223784608566e-05,0.0031962137917501965,0.001670119133721184
0.9,0.9500000000000001,1.1,0.1,8,0.09808818249601668,0.0001118164345225289,0.0039235272998406675,0.0020735800844428626
0.9,0.9500000000000001,1.1,0.1,9,0.10328136987104125,-8.393453514874582e-05,0.00413125479484165,0.002149561932569571
0.9,0.9500000000000001,1.1,0.1,10,0.1430803998394818,-7.14249137470674e-05,0.005723215993579271,0.002933032910536703
0.9,0.9500000000000001,1.1,0.1,11,0.12482128179881846,-0.00024456968288651316,0.0049928512719527385,0.0027409953188628823
0.9,0.9500000000000001,1.1,0.1,12,0.09517911102602937,6.338691298976837e-05,0.003807164441041175,0.001966969133510356
0.9,0.9500000000000001,1.1,0.1,13,0.12974661693789674,-4.62524918135336e-05,0.0051898646775158696,0.0026411848305714684
0.9,0.9500000000000001,1.1,0.1,14,0.09382067774506007,-3.854552394610692e-06,0.003752827109802403,0.0018802681072958123
0.9,0.9500000000000001,1.1,0.1,15,0.05824129785655893,-2.62510670477868e-06,0.0023296519142623575,0.0011674510638359575
0.9,0.9500000000000001,1.1,0.2,1,0.06206836291533481,1.5674773622077612e-05,0.0024827345166133926,0.001257042031928774
0.9,0.9500000000000001,1.1,0.2,2,0.09974599997636724,-2.5389752867150753e-05,0.00398983999905469,0.0020203097523944957
0.9,0.9500000000000001,1.1,0.2,3,0.07389872171503982,-4.011566848218831e-05,0.002955948868601593,0.0015180901027829847
0.9,0.9500000000000001,1.1,0.2,4,0.10116861377567148,0.00013672723846389523,0.004046744551026859,0.0021600995139773246
0.9,0.9500000000000001,1.1,0.2,5,0.11449519877115934,9.048492670241408e-05,0.004579807950846374,0.002380388902125601
0.9,0.9500000000000001,1.1,0.2,6,0.07390253414931414,-1.4993151558226374e-05,0.0029561013659725657,0.0014930438345445091
0.9,0.9500000000000001,1.1,0.2,7,0.07013099651409421,-5.110836809089843e-05,0.0028052398605637684,0.0014537282983727827
0.9,0.9500000000000001,1.1,0.2,8,0.08812315270417857,0.00013553316210709868,0.003524926108167143,0.0018979962161906703
0.9,0.9500000000000001,1.1,0.2,9,0.09003390577968752,-4.749165001457173e-05,0.003601356231187501,0.0018481697656083222
0.9,0.9500000000000001,1.1,0.2,10,0.11973761432248473,-0.00011394966747410571,0.004789504572899389,0.0025087019539238005
0.9,0.9500000000000001,1.1,0.2,11,0.10941411640072363,-0.00012311519509840168,0.004376564656028945,0.0023113975231128744
0.9,0.9500000000000001,1.1,0.2,12,0.07602584268119791,3.203428301721132e-05,0.0030410337072479168,0.0015525511366411696
0.9,0.9500000000000001,1.1,0.2,13,0.09969626901565459,2.2490942937850322e-05,0.003987850760626184,0.002016416323250942
0.9,0.9500000000000001,1.1,0.2,14,0.06836632561013375,-2.2322329428860144e-05,0.0027346530244053502,0.0013896488416315354
0.9,0.9500000000000001,1.1,0.2,15,0.05471446080822592,-4.983365529884789e-06,0.0021885784323290368,0.0010992725816944032
0.9,1.0,0.9,0.05,1,0.0716441653177985,4.694670516355783e-07,0.0028657666127119403,0.0014333527734076057
0.9,1.0,0.9,0.05,2,0.1090003837551967,-2.098678379962616e-06,0.004360015350207868,0.0021821063534838967
0.9,1.0,0.9,0.05,3,0.08022141440569572,-6.859989090043769e-05,0.003208856576227829,0.0016730281790143522
0.9,1.0,0.9,0.05,4,0.104190144758486,0.0002689015101030953,0.00416760579033944,0.0023527044052728155
0.9,1.0,0.9,0.05,5,0.1078992949939043,9.721854217926854e-05,0.004315971799756172,0.0022552044420573545
0.9,1.0,0.9,0.05,6,0.07510095190151857,-4.0020876016563664e-05,0.003004038076060743,0.0015420399140469352
0.9,1.0,0.9,0.05,7,0.07272886709884493,-6.517355247639766e-05,0.0029091546839537974,0.0015197508944532964
0.9,1.0,0.9,0.05,8,0.08784657289606597,0.00013514820813346213,0.0035138629158426387,0.0018920796660547815
0.9,1.0,0.9,0.05,9,0.09079752762348339,0.0002079819434187671,0.0036319011049393357,0.002023932495888435
0.9,1.0,0.9,0.05,10,0.1044043960731018,-0.00010341781322530013,0.004176175842924072,0.0021915057346873364
0.9,1.0,0.9,0.05,11,0.09878524536397809,-0.0002782174732821953,0.003951409814559124,0.0022539223805617572
0.9,1.0,0.9,0.05,12,0.08025086673046505,6.982992781693552e-05,0.003210034669218602,0.0016748472624262365
0.9,1.0,0.9,0.05,13,0.10908284188928419,3.872941453204364e-06,0.004363313675571368,0.002185529779238888
0.9,1.0,0.9,0.05,14,0.07164592343199518,-6.843978816622713e-07,0.0028658369372798072,0.0014336028665215658
0.9,1.0,0.9,0.05,15,0.05355974120893209,-1.5510720938777628e-06,0.0021423896483572834,0.0010727458962725195
0.9,1.0,0.9,0.1,1,0.06909239929413698,1.0956295814151083e-05,0.0027636959717654793,0.0013928042816968907
0.9,1.0,0.9,0.1,2,0.10070838207801798,5.303769146594936e-05,0.00402833528312072,0.002067205333026309
0.9,1.0,0.9,0.1,3,0.07236062450965564,-8.287229711819082e-05,0.0028944249803862254,0.0015300847873113035
0.9,1.0,0.9,0.1,4,0.09683415466250922,0.0003342315598523463,0.003873366186500369,0.002270914653102531
0.9,1.0,0.9,0.1,5,0.1110180868022497,8.550911123405404e-05,0.004440723472089988,0.0023058708472790484
0.9,1.0,0.9,0.1,6,0.07695734677605075,2.22872770987076e-05,0.00307829387104203,0.0015614342126197226
0.9,1.0,0.9,0.1,7,0.06406711239709918,-8.601958381299199e-05,0.0025626844958839675,0.0013673618317549758
0.9,1.0,0.9,0.1,8,0.08219179088665053,0.00016849414861585377,0.003287671635466021,0.0018123299663488643
0.9,1.0,0.9,0.1,9,0.08884858769906,-9.429459311298508e-05,0.0035539435079624,0.0018712663470941851
0.9,1.0,0.9,0.1,10,0.11515239653319638,-9.319077527960865e-05,0.0046060958613278555,0.0023962387059435365
0.9,1.0,0.9,0.1,11,0.10226014265295913,-0.0003131206907553,0.004090405706118365,0.0023583235438144824
0.9,1.0,0.9,0.1,12,0.07675648939827687,7.751688601384124e-05,0.0030702595759310746,0.0016126466739793785
0.9,1.0,0.9,0.1,13,0.10061269774377368,-5.823916721516051e-05,0.004024507909750947,0.002070493122090634
0.9,1.0,0.9,0.1,14,0.07782548115551306,-6.072173539356651e-06,0.0031130192462205226,0.001562581796649618
0.9,1.0,0.9,0.1,15,0.04944647411469151,-3.2403443562551963e-06,0.0019778589645876605,0.0009921698266500854
0.9,1.0,0.9,0.2,1,0.05731439362513701,2.2471257609562783e-05,0.0022925757450054803,0.001168759130112303
0.9,1.0,0.9,0.2,2,0.09135768545558816,-3.0788345316885645e-05,0.0036543074182235264,0.0018579420544286489
0.9,1.0,0.9,0.2,3,0.06753601151873512,-4.9401782662571556e-05,0.0027014404607494046,0.001400122013037274
0.9,1.0,0.9,0.2,4,0.09172364298033257,0.00016819493670870478,0.003668945719213303,0.002002667796315356
0.9,1.0,0.9,0.2,5,0.10527679455502056,0.0001210080939776369,0.004211071782200823,0.0022265439850780483
0.9,1.0,0.9,0.2,6,0.06755125564816503,-2.476277843783417e-05,0.002702050225926601,0.0013757878914011346
0.9,1.0,0.9,0.2,7,0.06423768217372555,-6.873471286411536e-05,0.0025695072869490222,0.0013534883563386265
0.9,1.0,0.9,0.2,8,0.08279037343050187,0.0001724486036883279,0.003311614937220075,0.0018282560722983655
0.9,1.0,0.9,0.2,9,0.08413768900105394,-4.68088987181208e-05,0.0033655075600421574,0.0017295626787391994
0.9,1.0,0.9,0.2,10,0.11053980023683156,-0.00015305387642762272,0.004421592009473263,0.002363849881164254
0.9,1.0,0.9,0.2,11,0.10053162276858583,-0.00015594802513729488,0.004021264910743434,0.002166580480509012
0.9,1.0,0.9,0.2,12,0.07158730085663992,3.5652804972132385e-05,0.002863492034265597,0.0014673988221049308
0.9,1.0,0.9,0.2,13,0.09145836304256275,3.357262077155159e-05,0.00365833452170251,0.0018627398816228064
0.9,1.0,0.9,0.2,14,0.06608243079412754,-3.0933663532565396e-05,0.0026432972317651016,0.0013525822794151162
0.9,1.0,0.9,0.2,15,0.051532577166106444,-4.070501272834705e-06,0.0020613030866442577,0.0010347220445949636
0.9,1.0,0.9500000000000001,0.05,1,0.07156774768418493,1.0813032300645577e-06,0.0028627099073673975,0.0014324362569137633
0.9,1.0,0.9500000000000001,0.05,2,0.10885675873729171,-1.747923558292511e-06,0.004354270349491669,0.002178883098304127
0.9,1.0,0.9500000000000001,0.05,3,0.08012397528896115,-6.902753060256273e-05,0.003204959011558446,0.0016715070363817856
0.9,1.0,0.9500000000000001,0.05,4,0.10406205046768875,0.00026798676262727774,0.00416248201870755,0.0023492277719810526
0.9,1.0,0.9500000000000001,0.05,5,0.10785302585328761,9.725515594395008e-05,0.004314121034131505,0.0022543156730097024
0.9,1.0,0.9500000000000001,0.05,6,0.07500212563834356,-3.988049490652768e-05,0.0030000850255337426,0.001539923007673399
0.9,1.0,0.9500000000000001,0.05,7,0.07263479888071259,-6.125817167609268e-05,0.0029053919552285037,0.0015139541492903445
0.9,1.0,0.9500000000000001,0.05,8,0.08771803905489717,0.00013357537432195582,0.003508721562195887,0.0018879361554198992
0.9,1.0,0.9500000000000001,0.05,9,0.09066728333288289,0.00020571137474330507,0.0036266913333153155,0.002019057041400963
0.9,1.0,0.9500000000000001,0.05,10,0.10423053741403718,-0.00010314570957928597,0.004169221496561487,0.0021877564578600293
0.9,1.0,0.9500000000000001,0.05,11,0.09873644053544872,-0.00027942861540380476,0.003949457621417949,0.0022541574261127793
0.9,1.0,0.9500000000000001,0.05,12,0.08015671750946977,6.833792241120134e-05,0.003206268700378791,0.0016714722726005968
0.9,1.0,0.9500000000000001,0.05,13,0.10894783600488359,3.466883061628795e-06,0.0043579134401953434,0.0021824236031593005
0.9,1.0,0.9500000000000001,0.05,14,0.0715700309561477,-1.242990612747206e-06,0.0028628012382459077,0.001432643609735701
0.9,1.0,0.9500000000000001,0.05,15,0.05348338995467436,-1.5683162724685592e-06,0.0021393355981869744,0.0010712361153659557
0.9,1.0,0.9500000000000001,0.1,1,0.06894801919914453,1.233135646436016e-05,0.0027579207679657813,0.0013912917404472508
0.9,1.0,0.9500000000000001,0.1,2,0.10049134623945502,5.2307356624561614e-05,0.004019653849578201,0.002062134281413662
0.9,1.0,0.9500000000000001,0.1,3,0.07220264015557504,-8.182136805146578e-05,0.0028881056062230017,0.0015258741711629666
0.9,1.0,0.9500000000000001,0.1,4,0.09663628841981732,0.0003326275062318898,0.003865451536792693,0.0022653532746282363
0.9,1.0,0.9500000000000001,0.1,5,0.11079358173574513,8.491196788454852e-05,0.004431743269429806,0.0023007836025994515
0.9,1.0,0.9500000000000001,0.1,6,0.07674001919100887,1.988126986888449e-05,0.003069600767640355,0.001554681653689062
0.9,1.0,0.9500000000000001,0.1,7,0.06395316574792452,-8.648601108542862e-05,0.002558126629916981,0.001365549326043919
0.9,1.0,0.9500000000000001,0.1,8,0.08206541195970102,0.00016058082845145345,0.003282616478388041,0.001801889067645474
0.9,1.0,0.9500000000000001,0.1,9,0.088681023249237,-9.464561476586004e-05,0.00354724092996948,0.0018682660797506002
0.9,1.0,0.9500000000000001,0.1,10,0.11491686955453008,-9.362944161030325e-05,0.004596674782181203,0.0023919668327009045
0.9,1.0,0.9500000000000001,0.1,11,0.10209225879214384,-0.0003102166423961299,0.0040836903516857535,0.002352061818239007
0.9,1.0,0.9500000000000001,0.1,12,0.07660275675103763,7.771497878769343e-05,0.0030641102700415053,0.0016097701138084461
0.9,1.0,0.9500000000000001,0.1,13,0.10043906118382709,-5.608844032220473e-05,0.004017562447353084,0.0020648696639987466
0.9,1.0,0.9500000000000001,0.1,14,0.07771001150115664,-7.029413361852007e-06,0.0031084004600462657,0.001561229643384985
0.9,1.0,0.9500000000000001,0.1,15,0.04936624497468045,-3.168917860318953e-06,0.001974649798987218,0.000990493817353928
0.9,1.0,0.9500000000000001,0.2,1,0.05724118142915845,2.3175008565141666e-05,0.002289647257166338,0.0011679986371483106
0.9,1.0,0.9500000000000001,0.2,2,0.09122021128318603,-3.25437977291947e-05,0.003648808451327441,0.0018569480233929152
0.9,1.0,0.9500000000000001,0.2,3,0.06742345649238059,-4.9471314791660384e-05,0.0026969382596952235,0.001397940444639272
0.9,1.0,0.9500000000000001,0.2,4,0.09160783161443112,0.00016831826613897578,0.003664313264577245,0.0020004748984275983
0.9,1.0,0.9500000000000001,0.2,5,0.10513112205840615,0.00012021811972621324,0.004205244882336246,0.0022228405608943364
0.9,1.0,0.9500000000000001,0.2,6,0.06744469868304542,-2.4705748907102932e-05,0.002697787947321817,0.0013735997225680114
0.9,1.0,0.9500000000000001,0.2,7,0.06409575497388191,-6.714946804317682e-05,0.0025638301989552763,0.001349064567520815
0.9,1.0,0.9500000000000001,0.2,8,0.08271590043413929,0.00017071124923502426,0.0033086360173655714,0.00182502925791781
0.9,1.0,0.9500000000000001,0.2,9,0.08404377958242497,-4.780258807951075e-05,0.0033617511832969987,0.00172867817972801
0.9,1.0,0.9500000000000001,0.2,10,0.11040102039107239,-0.00015149249541818172,0.004416040815642896,0.0023595129032396296
0.9,1.0,0.9500000000000001,0.2,11,0.10037119714989766,-0.00015512350657028709,0.004014847885995906,0.00216254744956824
0.9,1.0,0.9500000000000001,0.2,12,0.07151617557831762,3.669522547871025e-05,0.0028606470231327045,0.0014670187370450626
0.9,1.0,0.9500000000000001,0.2,13,0.09126830281660604,3.3740207782298554e-05,0.003650732112664242,0.0018591062641144195
0.9,1.0,0.9500000000000001,0.2,14,0.06601967235556884,-3.1490786578215314e-05,0.0026407868942227536,0.001351884233689592
0.9,1.0,0.9500000000000001,0.2,15,0.051539475215544334,-4.456898585035024e-06,0.0020615790086217734,0.0010352464028959218
0.9,1.0,1.0,0.05,1,0.07149915983044401,1.2336731620614594e-06,0.0028599663932177607,0.0014312168697709418
0.9,1.0,1.0,0.05,2,0.1087266099833614,-9.446527188196232e-07,0.004349064399334456,0.0021754768523860476
0.9,1.0,1.0,0.05,3,0.08003657738709008,-6.947303962178315e-05,0.003201463095483603,0.0016702045873635846
0.9,1.0,1.0,0.05,4,0.10394927766392839,0.0002670865283832144,0.004157971106557135,0.002346072081661782
0.9,1.0,1.0,0.05,5,0.10782259980073491,9.681838291818886e-05,0.004312903992029397,0.002253270378932887
0.9,1.0,1.0,0.05,6,0.07491258470325915,-3.924233177427873e-05,0.002996503388130366,0.0015374940258394618
0.9,1.0,1.0,0.05,7,0.07255123055483813,-5.734120402615412e-05,0.002902049222193525,0.0015083658151229167
0.9,1.0,1.0,0.05,8,0.08760352707769775,0.000131999462332888,0.00350414108310791,0.001884070003886843
0.9,1.0,1.0,0.05,9,0.09055103140388802,0.00020288540566445,0.003622041256155521,0.0020139060337422106
0.9,1.0,1.0,0.05,10,0.10407256477482782,-0.00010239300842028695,0.0041629025909931125,0.0021838443039168434
0.9,1.0,1.0,0.05,11,0.09870291142077668,-0.00028065452143573403,0.0039481164568310675,0.0022547127498512677
0.9,1.0,1.0,0.05,12,0.080072717579086,6.686396515307499e-05,0.00320290870316344,0.001668318316734795
0.9,1.0,1.0,0.05,13,0.10882629477077325,2.6099452386557663e-06,0.00435305179083093,0.002179135840654121
0.9,1.0,1.0,0.05,14,0.07150197723484467,-1.3441932724849839e-06,0.002860079089393787,0.0014313837379693784
0.9,1.0,1.0,0.05,15,0.0534154832031135,-1.5854582498672207e-06,0.00213661932812454,0.0010698951223121372
0.9,1.0,1.0,0.1,1,0.06882630272296458,1.2812566370380308e-05,0.0027530521089185835,0.0013893386208296721
0.9,1.0,1.0,0.1,2,0.10030498541637052,5.244469476661482e-05,0.004012199416654821,0.0020585444030940254
0.9,1.0,1.0,0.1,3,0.07206788796177088,-8.080432487453412e-05,0.0028827155184708354,0.0015221620841099517
0.9,1.0,1.0,0.1,4,0.09646456147712192,0.00033104986888960245,0.0038585824590848766,0.0022603410984320406
0.9,1.0,1.0,0.1,5,0.11060273532427362,8.343675973217555e-05,0.004424109412970945,0.002295491466217648
0.9,1.0,1.0,0.1,6,0.0765451366918358,1.8362515162277743e-05,0.003061805467673432,0.0015492652489989937
0.9,1.0,1.0,0.1,7,0.06385869680022926,-8.695240992288186e-05,0.002554347872009171,0.0013641263459274672
0.9,1.0,1.0,0.1,8,0.08195923292093582,0.00015266714383299667,0.0032783693168374328,0.001791851802251713
0.9,1.0,1.0,0.1,9,0.08853692604761666,-9.592127957904582e-05,0.0035414770419046667,0.0018666598005313791
0.9,1.0,1.0,0.1,10,0.11471565289079699,-9.318798573799725e-05,0.00458862611563188,0.002387501043553937
0.9,1.0,1.0,0.1,11,0.10195122291449543,-0.0003073386417192134,0.004078048916579817,0.002346363100009122
0.9,1.0,1.0,0.1,12,0.07647212010308302,7.794674071627835e-05,0.003058884804123321,0.0016073891427779389
0.9,1.0,1.0,0.1,13,0.10029674117831366,-5.480800806746997e-05,0.004011869647132547,0.002060742831633743
0.9,1.0,1.0,0.1,14,0.0776172375943814,-7.096906657712992e-06,0.0031046895037752558,0.0015594416585453408
0.9,1.0,1.0,0.1,15,0.04929865937190887,-3.0972814325512926e-06,0.001971946374876355,0.0009890704688707288
0.9,1.0,1.0,0.2,1,0.057186064647866706,2.2776325932583488e-05,0.002287442585914668,0.0011664976188899175
0.9,1.0,1.0,0.2,2,0.09111135112131784,-3.3259529273712844e-05,0.0036444540448527137,0.0018554865517000697
0.9,1.0,1.0,0.2,3,0.067329188314743,-4.957537983407277e-05,0.00269316753258972,0.0013961591461289326
0.9,1.0,1.0,0.2,4,0.09151637844549758,0.00016846752993124762,0.003660655137819903,0.0019987950988411994
0.9,1.0,1.0,0.2,5,0.10501087874121626,0.00011839987194501322,0.00420043514964865,0.002218617446769338
0.9,1.0,1.0,0.2,6,0.06735740851044839,-2.3600591166196664e-05,0.0026942963404179353,0.0013707487613751643
0.9,1.0,1.0,0.2,7,0.06396794914136845,-6.556072411408333e-05,0.0025587179656547383,0.0013449197069414524
0.9,1.0,1.0,0.2,8,0.08265312165474156,0.0001689655712674708,0.0033061248661896627,0.001822028004362302
0.9,1.0,1.0,0.2,9,0.08396417746760419,-4.982853719130687e-05,0.003358567098704168,0.0017291120865433908
0.9,1.0,1.0,0.2,10,0.11028988170836271,-0.00014891507472141328,0.004411595268334508,0.0023547127088886675
0.9,1.0,1.0,0.2,11,0.1002318627992568,-0.00015432236881863734,0.004009274511970272,0.002158959624803773
0.9,1.0,1.0,0.2,12,0.07146456537501081,3.7772181940986776e-05,0.0028585826150004322,0.0014670634894412028
0.9,1.0,1.0,0.2,13,0.0911062591807686,3.286927360858635e-05,0.003644250367230744,0.0018549944572239583
0.9,1.0,1.0,0.2,14,0.06598409216313189,-3.09999386161701e-05,0.002639363686525276,0.001350681781878808
0.9,1.0,1.0,0.2,15,0.051552856854472875,-4.842880990355615e-06,0.002062114274178915,0.0010359000180798132
0.9,1.0,1.05,0.05,1,0.07143728183008193,9.938285052202558e-07,0.002857491273203277,0.0014297394651068588
0.9,1.0,1.05,0.05,2,0.10860803438878969,2.449319464168169e-07,0.004344321375551587,0.0021724056197222103
0.9,1.0,1.05,0.05,3,0.07995781074412478,-6.993379340298458e-05,0.0031983124297649914,0.0016690900082854802
0.9,1.0,1.05,0.05,4,0.10384962754302371,0.00026619866264791824,0.004153985101720948,0.0023431912135083925
0.9,1.0,1.05,0.05,5,0.10780577810382788,9.59774237749802e-05,0.0043122311241531154,0.002252092985851538
0.9,1.0,1.05,0.05,6,0.07483101530460247,-3.817915889695953e-05,0.002993240612184099,0.001534799464989009
0.9,1.0,1.05,0.05,7,0.07247673178158953,-5.3422874999260565e-05,0.0028990692712635813,0.0015029575106310512
0.9,1.0,1.05,0.05,8,0.08750103717475627,0.00013042091090482706,0.003500041486990251,0.0018804416543999525
0.9,1.0,1.05,0.05,9,0.09044677693220302,0.00019958511265538554,0.0036178710772881207,0.002008520651299446
0.9,1.0,1.05,0.05,10,0.10392819202438446,-0.00010122994680065712,0.0041571276809753786,0.0021797937872883462
0.9,1.0,1.05,0.05,11,0.09868246631885311,-0.0002818930111883598,0.003947298652754124,0.002255542337565422
0.9,1.0,1.05,0.05,12,0.07999745507191226,6.540540602463552e-05,0.0031998982028764904,0.0016653545074628807
0.9,1.0,1.05,0.05,13,0.10871632157150832,1.3680943556533847e-06,0.004348652862860332,0.0021756945257858195
0.9,1.0,1.05,0.05,14,0.07144066422767296,-1.054958319605583e-06,0.0028576265691069185,0.001429868242873065
0.9,1.0,1.05,0.05,15,0.05335482470107861,-1.6025127394078862e-06,0.0021341929880431443,0.00106869900676098
0.9,1.0,1.05,0.1,1,0.0687239772567641,1.2531286339907818e-05,0.002748959090270564,0.0013870108314751899
0.9,1.0,1.05,0.1,2,0.10014484196232883,5.3322226049161406e-05,0.004005793678493153,0.0020562190652957378
0.9,1.0,1.05,0.1,3,0.07195302119702897,-7.981617095734226e-05,0.0028781208478811586,0.0015188765948979215
0.9,1.0,1.05,0.1,4,0.0963151653060514,0.00032949472678093323,0.0038526066122420563,0.0022557980329019614
0.9,1.0,1.05,0.1,5,0.11044068565633451,8.121246864162283e-05,0.00441762742625338,0.0022900261817683128
0.9,1.0,1.05,0.1,6,0.0763694714716491,1.7600596053728924e-05,0.003054778858865964,0.001544990025486711
0.9,1.0,1.05,0.1,7,0.06378086082955263,-8.741878132355855e-05,0.002551234433182105,0.001363035997914611
0.9,1.0,1.05,0.1,8,0.08187027126227775,0.00014475314205354123,0.0032748108504911102,0.0017821585672990964
0.9,1.0,1.05,0.1,9,0.08841291639577264,-9.798577892455602e-05,0.003536516655830906,0.001866244106840009
0.9,1.0,1.05,0.1,10,0.11454373240188942,-9.199568841436112e-05,0.004581749296075577,0.0023828703364521496
0.9,1.0,1.05,0.1,11,0.10183309768774085,-0.0003044828200467427,0.004073323907509634,0.0023411447738015596
0.9,1.0,1.05,0.1,12,0.0763612326967994,7.820720613232831e-05,0.003054449307871976,0.0016054318600683163
0.9,1.0,1.05,0.1,13,0.10018120215998526,-5.427001330780007e-05,0.004007248086399411,0.0020578940565075055
0.9,1.0,1.05,0.1,14,0.07754390745533438,-6.405435154815668e-06,0.0031017562982133752,0.0015572835842615033
0.9,1.0,1.05,0.1,15,0.0492418669812185,-3.0254653502819412e-06,0.00196967467924874,0.000987862804974652
0.9,1.0,1.05,0.2,1,0.05714654238047356,2.1438178397540057e-05,0.0022858616952189425,0.0011643690260070114
0.9,1.0,1.05,0.2,2,0.0910267063260639,-3.30893087708131e-05,0.003641068253042556,0.001853623435292091
0.9,1.0,1.05,0.2,3,0.06725031831074971,-4.970883361366987e-05,0.0026900127324299885,0.0013947151998286642
0.9,1.0,1.05,0.2,4,0.09144541814120005,0.00016863882554755727,0.003657816725648002,0.0019975471883715585
0.9,1.0,1.05,0.2,5,0.10491209120293744,0.00011570547502518053,0.004196483648117498,0.0022139472990839295
0.9,1.0,1.05,0.2,6,0.0672859480372578,-2.1602453925082337e-05,0.002691437921490312,0.0013673214146702384
0.9,1.0,1.05,0.2,7,0.06385200152797538,-6.39689820133037e-05,0.002554080061119015,0.0013410090125728113
0.9,1.0,1.05,0.2,8,0.08260011394157926,0.00016721276600423796,0.0033040045576631706,0.0018192150448358233
0.9,1.0,1.05,0.2,9,0.08389646175232933,-5.2733881823123065e-05,0.0033558584700931733,0.0017306631168697098
0.9,1.0,1.05,0.2,10,0.11020190128707882,-0.0001454719770968037,0.004408076051483153,0.00234951000283838
0.9,1.0,1.05,0.2,11,0.10011022343137248,-0.00015354107733935103,0.004004408937254899,0.0021557455459668006
0.9,1.0,1.05,0.2,12,0.07142945097361135,3.8878529545889814e-05,0.002857178038944454,0.0014674675490181169
0.9,1.0,1.05,0.2,13,0.09096794840846381,3.111341272352955e-05,0.0036387179363385523,0.0018504723808928057
0.9,1.0,1.05,0.2,14,0.06597162056124567,-2.961624611453865e-05,0.002638864822449827,0.001349048657339452
0.9,1.0,1.05,0.2,15,0.05157165394267877,-5.2285083240673045e-06,0.0020628661577071507,0.0010366615871776426
0.9,1.0,1.1,0.05,1,0.07138119882052872,4.165116702190702e-07,0.002855247952821149,0.0014280404880807934
0.9,1.0,1.1,0.05,2,0.10849947693835314,1.7669367543887814e-06,0.004339979077534126,0.0021717564755214516
0.9,1.0,1.1,0.05,3,0.07988652386841064,-7.04076571540939e-05,0.0031954609547364256,0.0016681381345223067
0.9,1.0,1.1,0.05,4,0.10376130392974016,0.00026532142314965264,0.004150452157189607,0.002340547501744456
0.9,1.0,1.1,0.05,5,0.10780073356032507,9.47886225554443e-05,0.004312029342413003,0.0022508032937619458
0.9,1.0,1.1,0.05,6,0.07475634420804586,-3.675022740303349e-05,0.0029902537683218345,0.0015318771115639509
0.9,1.0,1.1,0.05,7,0.0724101349725204,-4.950336928596981e-05,0.002896405398900816,0.0014977060687363778
0.9,1.0,1.1,0.05,8,0.08740893654515376,0.00012884007918244187,0.0034963574618061505,0.0018770188100855172
0.9,1.0,1.1,0.05,9,0.09035289096193995,0.00019587652850488113,0.0036141156384775983,0.0020029343477436803
0.9,1.0,1.1,0.05,10,0.10379555538100806,-9.971371561705875e-05,0.004151822215240322,0.00217562482323722
0.9,1.0,1.1,0.05,11,0.0986733186951202,-0.0002831423133116117,0.003946932747804808,0.0022566086872140155
0.9,1.0,1.1,0.05,12,0.07992977667273811,6.39600893858373e-05,0.0031971910669095246,0.0016625556228405996
0.9,1.0,1.1,0.05,13,0.10861636633503037,-2.049684959185237e-07,0.004344654653401215,0.002172532295196526
0.9,1.0,1.1,0.05,14,0.07138520067522916,-4.297838171189291e-07,0.0028554080270091664,0.0014281337973217022
0.9,1.0,1.1,0.05,15,0.053300438410764144,-1.6194917590337375e-06,0.0021320175364305657,0.0010676282599743165
0.9,1.0,1.1,0.1,1,0.06863837306964789,1.1594349727851575e-05,0.0027455349227859154,0.0013843618111208092
0.9,1.0,1.1,0.1,2,0.10000728665311903,5.4836267545126503e-05,0.004000291466124762,0.0020549820006075074
0.9,1.0,1.1,0.1,3,0.07185531382162753,-7.885284557462117e-05,0.0028742125528651015,0.0015159591220071718
0.9,1.0,1.1,0.1,4,0.09618500664828675,0.0003279588977215889,0.00384740026593147,0.002251659030687324
0.9,1.0,1.1,0.1,5,0.11030347567711324,7.834400342197563e-05,0.00441213902708453,0.0022844135169642404
0.9,1.0,1.1,0.1,6,0.07621038907268407,1.748945122602674e-05,0.0030484155629073627,0.001541697232679708
0.9,1.0,1.1,0.1,7,0.0637173436495732,-8.788512664418355e-05,0.002548693745982928,0.0013622319996356477
0.9,1.0,1.1,0.1,8,0.08179610917276572,0.0001368388626449408,0.003271844366910629,0.0017727610461002552
0.9,1.0,1.1,0.1,9,0.08830623515403524,-0.00010072864880961786,0.0035322494061614095,0.0018668533518903226
0.9,1.0,1.1,0.1,10,0.11439702661740352,-9.015770212848743e-05,0.00457588106469614,0.0023780982344765575
0.9,1.0,1.1,0.1,11,0.10173468730588921,-0.0003016460380902468,0.004069387492235568,0.0023363397842080308
0.9,1.0,1.1,0.1,12,0.07626736712867824,7.849233964455081e-05,0.0030506946851471296,0.0016038396822181157
0.9,1.0,1.1,0.1,13,0.10008875044973076,-5.437046489701841e-05,0.004003550017989231,0.0020561454738916335
0.9,1.0,1.1,0.1,14,0.07748736911777311,-5.061357157166321e-06,0.0030994947647109243,0.0015548087395126284
0.9,1.0,1.1,0.1,15,0.04919436833764865,-2.9534943357522073e-06,0.001967774733505946,0.0009868408610887252
0.9,1.0,1.1,0.2,1,0.05712062506466678,1.929292238068587e-05,0.002284825002586671,0.0011617054236740215
0.9,1.0,1.1,0.2,2,0.09096275032338962,-3.215800864888762e-05,0.0036385100129355846,0.00185141301511668
0.9,1.0,1.1,0.2,3,0.06718454788546559,-4.986750521600281e-05,0.0026873819154186237,0.0013935584629253147
0.9,1.0,1.1,0.2,4,0.09139187960201753,0.0001688289956260824,0.0036556751840807014,0.001996666587666433
0.9,1.0,1.1,0.2,5,0.10483160861779427,0.00011225845750486148,0.004193264344711771,0.0022088906298607467
0.9,1.0,1.1,0.2,6,0.06722770341915424,-1.8837306252976445e-05,0.0026891081367661695,0.0013633913746360611
0.9,1.0,1.1,0.2,7,0.06374612778189856,-6.23746514407829e-05,0.0025498451112759423,0.001337297207078754
0.9,1.0,1.1,0.2,8,0.08255539279070602,0.00016545381095475813,0.003302215711628241,0.0018165616667688786
0.9,1.0,1.1,0.2,9,0.0838387513354272,-5.639451897791059e-05,0.0033535500534170883,0.0017331695456864547
0.9,1.0,1.1,0.2,10,0.11013352816378638,-0.00014128529217073192,0.004405341126551455,0.0023439558554464593
0.9,1.0,1.1,0.2,11,0.1000036003564007,-0.0001527767753023009,0.004000144014256028,0.002152848782430315
0.9,1.0,1.1,0.2,12,0.07140841943283693,4.001009689197697e-05,0.0028563367773134776,0.0014681784855487157
0.9,1.0,1.1,0.2,13,0.09084993722565807,2.8597355421621405e-05,0.003633997489026323,0.0018455960999347828
0.9,1.0,1.1,0.2,14,0.06597896888655612,-2.7465659880710867e-05,0.002639158755462245,0.0013470450376118332
0.9,1.0,1.1,0.2,15,0.05159505058145668,-5.613829445337892e-06,0.0020638020232582673,0.0010375148410744716
0.9,1.05,0.9,0.05,1,0.0634532198286894,4.022222689167802e-07,0.002538128793147576,0.0012694666188427049
0.9,1.05,0.9,0.05,2,0.09540991887112532,-1.70597693772644e-06,0.003816396754845013,0.001909904354360233
0.9,1.05,0.9,0.05,3,0.06983808197025962,-4.773298710536711e-05,0.002793523278810385,0.0014444946265105595
0.9,1.05,0.9,0.05,4,0.09026811469177008,0.00018683348064879235,0.0036107245876708036,0.001992195774484194
0.9,1.05,0.9,0.05,5,0.09666645983573192,6.777984815478508e-05,0.0038666583934292773,0.0020011090448694238
0.9,1.05,0.9,0.05,6,0.06559751648572977,-2.756390939436618e-05,0.0026239006594291907,0.0013395142391089616
0.9,1.05,0.9,0.05,7,0.062243504126994316,-4.5004989583342636e-05,0.0024897401650797726,0.0012898750721232288
0.9,1.05,0.9,0.05,8,0.07511077203623777,9.327719144728368e-05,0.003004430881449511,0.0015954926321720391
0.9,1.05,0.9,0.05,9,0.07733350620944583,0.00014334535632013322,0.0030933402483778335,0.0016900154805090499
0.9,1.05,0.9,0.05,10,0.0943441827173605,-7.218548767918466e-05,0.00377376730869442,0.001959069142026395
0.9,1.05,0.9,0.05,11,0.08953918295891376,-0.0001933389086464326,0.0035815673183565507,0.001984122567824708
0.9,1.05,0.9,0.05,12,0.0698825532227441,4.8567609747618734e-05,0.002795302128909764,0.0014462186742025007
0.9,1.05,0.9,0.05,13,0.09544654082901616,2.9186292930787484e-06,0.0038178616331606464,0.001911849445873402
0.9,1.05,0.9,0.05,14,0.06345143770513442,-5.364109317567786e-07,0.002538057508205377,0.0012695651650344452
0.9,1.05,0.9,0.05,15,0.045391852473618696,-1.0223207470489652e-06,0.001815674098944748,0.000908859370219423
0.9,1.05,0.9,0.1,1,0.0492032018954782,7.885380063262068e-06,0.001968128075819128,0.000991949417972826
0.9,1.05,0.9,0.1,2,0.07316124451174448,3.518808055775993e-05,0.0029264497804697793,0.0014984129707926496
0.9,1.05,0.9,0.1,3,0.053880280043842474,-5.7723928968022586e-05,0.002155211201753699,0.001135329529844872
0.9,1.05,0.9,0.1,4,0.07588497257132094,0.00023160362856024821,0.003035398902852838,0.0017493030799866673
0.9,1.05,0.9,0.1,5,0.08396813923355671,6.052021958530057e-05,0.0033587255693422685,0.0017398830042564348
0.9,1.05,0.9,0.1,6,0.060285997055311756,1.4994720122678637e-05,0.00241143988221247,0.0012207146612289138
0.9,1.05,0.9,0.1,7,0.05170765498565677,-5.9186377425960594e-05,0.002068306199426271,0.001093339477139096
0.9,1.05,0.9,0.1,8,0.06977305670647335,0.00011615992306985567,0.002790922268258934,0.0015116210571993226
0.9,1.05,0.9,0.1,9,0.07540405760966175,-6.356743337755449e-05,0.00301616230438647,0.0015716485855707895
0.9,1.05,0.9,0.1,10,0.08956958247427646,-6.604023303014153e-05,0.0035827832989710584,0.0018574318825156707
0.9,1.05,0.9,0.1,11,0.08269472015044198,-0.00021748352656711118,0.003307788806017679,0.0018713779295759507
0.9,1.05,0.9,0.1,12,0.05989248498143866,5.405666419684629e-05,0.0023956993992575466,0.0012519063638256195
0.9,1.05,0.9,0.1,13,0.0730675577209329,-3.881025068584363e-05,0.002922702308837316,0.0015001614051045017
0.9,1.05,0.9,0.1,14,0.061645661082546835,-4.478919050634607e-06,0.0024658264433018735,0.0012373921407015714
0.9,1.05,0.9,0.1,15,0.04516609078772309,-2.1013381624981806e-06,0.0018066436315089234,0.0009054231539169599
0.9,1.05,0.9,0.2,1,0.04631858812471726,1.5414962563197018e-05,0.0018527435249886903,0.0009417867250575422
0.9,1.05,0.9,0.2,2,0.07278493263631257,-2.1815217834843954e-05,0.0029113973054525027,0.0014775138705610954
0.9,1.05,0.9,0.2,3,0.0548762919333623,-3.457457438607474e-05,0.002195051677334492,0.0011321004130533207
0.9,1.05,0.9,0.2,4,0.07668741647099872,0.00011698033826528312,0.003067496658839949,0.0016507286676852575
0.9,1.05,0.9,0.2,5,0.08633705349669071,8.434043374494771e-05,0.0034534821398676287,0.001811081503678762
0.9,1.05,0.9,0.2,6,0.05759120035606721,-1.72971174557922e-05,0.0023036480142426883,0.0011691211245771363
0.9,1.05,0.9,0.2,7,0.054386447770044935,-4.7308630247610314e-05,0.0021754579108017973,0.001135037585648509
0.9,1.05,0.9,0.2,8,0.07279342185833733,0.00011870597363349014,0.002911736874333493,0.0015745744108002367
0.9,1.05,0.9,0.2,9,0.07357687285485835,-3.117877448773118e-05,0.0029430749141943343,0.0015027162315848983
0.9,1.05,0.9,0.2,10,0.09248521985476996,-0.00010663482290165984,0.003699408794190798,0.001956339219997059
0.9,1.05,0.9,0.2,11,0.08501921058923291,-0.00010889604935079546,0.0034007684235693165,0.0018092802611354537
0.9,1.05,0.9,0.2,12,0.06049749685631123,2.512584692178053e-05,0.002419899874252449,0.001235075784048005
0.9,1.05,0.9,0.2,13,0.07286087092818835,2.374344863538778e-05,0.002914434837127534,0.0014809608671991548
0.9,1.05,0.9,0.2,14,0.058409749728237655,-2.1353442014569054e-05,0.002336389989129506,0.001189548436579322
0.9,1.05,0.9,0.2,15,0.047169807185227015,-2.6063684225802385e-06,0.0018867922874090807,0.0009460025121271206
0.9,1.05,0.9500000000000001,0.05,1,0.06336375046430218,9.966018837280266e-07,0.002534550018572087,0.0012682716111697715
0.9,1.05,0.9500000000000001,0.05,2,0.09525654313701712,-1.6356893309479818e-06,0.0038102617254806848,0.0019067665520712904
0.9,1.05,0.9500000000000001,0.05,3,0.06972894112024643,-4.8021801082352817e-05,0.002789157644809857,0.0014426006234872814
0.9,1.05,0.9500000000000001,0.05,4,0.09012434204254392,0.0001861972332397289,0.003604973681701757,0.0019886840740906075
0.9,1.05,0.9500000000000001,0.05,5,0.09661062359039888,6.797839602964368e-05,0.003864424943615955,0.002000190867837621
0.9,1.05,0.9500000000000001,0.05,6,0.06549659279710575,-2.7640075972707197e-05,0.00261986371188423,0.0013375719319148223
0.9,1.05,0.9500000000000001,0.05,7,0.06213673708739928,-4.229924005535946e-05,0.0024854694834959713,0.001285033981803345
0.9,1.05,0.9500000000000001,0.05,8,0.07497317528289503,9.218741720054091e-05,0.0029989270113158014,0.0015916509228584416
0.9,1.05,0.9500000000000001,0.05,9,0.07719566648494387,0.000141972840221518,0.003087826659397755,0.0016858861699203954
0.9,1.05,0.9500000000000001,0.05,10,0.09421044327350792,-7.218271557376738e-05,0.0037684177309403166,0.0019563915810439257
0.9,1.05,0.9500000000000001,0.05,11,0.08942854299621461,-0.00019416961279203045,0.0035771417198485846,0.001982740472716323
0.9,1.05,0.9500000000000001,0.05,12,0.06977453594774914,4.753632941345721e-05,0.0027909814379099658,0.00144302704836844
0.9,1.05,0.9500000000000001,0.05,13,0.09530362175226248,2.8099868161233668e-06,0.003812144870090499,0.0019088824218613729
0.9,1.05,0.9500000000000001,0.05,14,0.06336292684248332,-1.0945568710397187e-06,0.0025345170736993327,0.001268353093720706
0.9,1.05,0.9500000000000001,0.05,15,0.04531552328458312,-1.0319897699399292e-06,0.0018126209313833247,0.0009073424554616022
0.9,1.05,0.9500000000000001,0.1,1,0.049095697752908174,9.110694356776706e-06,0.001963827910116327,0.00099102464941494
0.9,1.05,0.9500000000000001,0.1,2,0.0730226979752193,3.440035913010286e-05,0.0029209079190087722,0.001494854318634489
0.9,1.05,0.9500000000000001,0.1,3,0.05379027279665145,-5.6989251145298405e-05,0.0021516109118660583,0.0011327947070783276
0.9,1.05,0.9500000000000001,0.1,4,0.07578783404273812,0.0002304895024615115,0.0030315133617095247,0.001746246183316274
0.9,1.05,0.9500000000000001,0.1,5,0.08383446040375443,6.038684357150757e-05,0.0033533784161501774,0.0017370760516465962
0.9,1.05,0.9500000000000001,0.1,6,0.060078430965379376,1.3060253386728253e-05,0.002403137238615175,0.0012146288726943158
0.9,1.05,0.9500000000000001,0.1,7,0.05168964876740073,-5.950971175515507e-05,0.002067585950696029,0.0010933026871031697
0.9,1.05,0.9500000000000001,0.1,8,0.06976021234722611,0.00011073299370713517,0.0027904084938890445,0.0015059372406516574
0.9,1.05,0.9500000000000001,0.1,9,0.07532312679079511,-6.35393025423279e-05,0.0030129250716318047,0.0015700018383582302
0.9,1.05,0.9500000000000001,0.1,10,0.08944555109353022,-6.662198133850941e-05,0.003577822043741209,0.0018555330032091139
0.9,1.05,0.9500000000000001,0.1,11,0.08266155569214653,-0.00021547719300035596,0.0033064622276858615,0.0018687083068432866
0.9,1.05,0.9500000000000001,0.1,12,0.05980448369987149,5.41865798030722e-05,0.00239217934799486,0.0012502762538005021
0.9,1.05,0.9500000000000001,0.1,13,0.07297729378643271,-3.7032663644458134e-05,0.0029190917514573082,0.0014965785393731123
0.9,1.05,0.9500000000000001,0.1,14,0.06158480624681548,-5.42183928592517e-06,0.002463392249872619,0.0012371179642222346
0.9,1.05,0.9500000000000001,0.1,15,0.0451880015124374,-2.048754962707684e-06,0.0018075200604974959,0.0009058087852114557
0.9,1.05,0.9500000000000001,0.2,1,0.04623761436678241,1.620665154641295e-05,0.0018495045746712965,0.0009409589388820612
0.9,1.05,0.9500000000000001,0.2,2,0.07267705339306832,-2.3298194372116505e-05,0.002907082135722733,0.001476839262233483
0.9,1.05,0.9500000000000001,0.2,3,0.05480456139815113,-3.461875671110172e-05,0.002192182455926045,0.0011307099846741243
0.9,1.05,0.9500000000000001,0.2,4,0.07674655694464835,0.00011706014333137823,0.003069862277785934,0.0016519912822243452
0.9,1.05,0.9500000000000001,0.2,5,0.0862782176937487,8.405988950712403e-05,0.003451128707749948,0.001809624243382098
0.9,1.05,0.9500000000000001,0.2,6,0.057486366766018336,-1.7520918641890413e-05,0.0022994546706407333,0.0011672482539622571
0.9,1.05,0.9500000000000001,0.2,7,0.054340999561753325,-4.621489898643962e-05,0.0021736399824701332,0.0011330348902215063
0.9,1.05,0.9500000000000001,0.2,8,0.07285228140953418,0.00011750720042848662,0.0029140912563813673,0.0015745528286191701
0.9,1.05,0.9500000000000001,0.2,9,0.0735502752135855,-3.160332848169707e-05,0.00294201100854342,0.001502608832753407
0.9,1.05,0.9500000000000001,0.2,10,0.09246005904000656,-0.00010581626041396522,0.0036984023616002627,0.0019550174412140964
0.9,1.05,0.9500000000000001,0.2,11,0.0850457591693462,-0.0001083311879533316,0.003401830366773848,0.0018092463713402557
0.9,1.05,0.9500000000000001,0.2,12,0.060477093179380645,2.5839896876014714e-05,0.0024190837271752257,0.0012353817604636276
0.9,1.05,0.9500000000000001,0.2,13,0.07270016590848319,2.412510741014946e-05,0.0029080066363393275,0.0014781284255798131
0.9,1.05,0.9500000000000001,0.2,14,0.05839417180984947,-2.199091849014166e-05,0.0023357668723939786,0.001189874354687131
0.9,1.05,0.9500000000000001,0.2,15,0.04723657560511545,-2.8543093588248223e-06,0.001889463024204618,0.0009475858214611338
0.9,1.05,1.0,0.05,1,0.06328335627993201,1.1462486760583615e-06,0.0025313342511972805,0.0012668133742746986
0.9,1.05,1.0,0.05,2,0.09511859128351136,-1.1234198249831605e-06,0.0038047436513404544,0.0019034952454952104
0.9,1.05,1.0,0.05,3,0.06963115499800702,-4.8324846111229806e-05,0.002785246199920281,0.0014409479460713705
0.9,1.05,1.0,0.05,4,0.08999734134710952,0.00018557257266013264,0.0035998936538843805,0.001985519399602323
0.9,1.05,1.0,0.05,5,0.09657092782111254,6.771748847067897e-05,0.0038628371128445016,0.00199913604489293
0.9,1.05,1.0,0.05,6,0.06540585072245285,-2.7245316786964114e-05,0.002616234028898114,0.0013353623312360211
0.9,1.05,1.0,0.05,7,0.062041206527435465,-3.959237250969484e-05,0.002481648261097419,0.0012804165030584043
0.9,1.05,1.0,0.05,8,0.07485052018159698,9.109505036961005e-05,0.002994020807263879,0.0015881054540015495
0.9,1.05,1.0,0.05,9,0.07707272088978437,0.00014007153234157674,0.003082908835591375,0.0016815259501372641
0.9,1.05,1.0,0.05,10,0.09409411778786111,-7.171304044033603e-05,0.0037637647115144448,0.0019535953961975585
0.9,1.05,1.0,0.05,11,0.08933449417379379,-0.00019501202697884694,0.0035733797669517515,0.0019817019104547227
0.9,1.05,1.0,0.05,12,0.06967799150169324,4.651974620011297e-05,0.0027871196600677294,0.0014400795762339778
0.9,1.05,1.0,0.05,13,0.09517611318130717,2.262951386971638e-06,0.003807044527252287,0.001905785215013115
0.9,1.05,1.0,0.05,14,0.06328342806290933,-1.2107710892377528e-06,0.002531337122516373,0.0012668793323474244
0.9,1.05,1.0,0.05,15,0.04524807925660843,-1.0415531549374046e-06,0.0018099231702643373,0.0009060031382871061
0.9,1.05,1.0,0.1,1,0.04901017745040845,9.489943011510463e-06,0.001960407098016338,0.0009896934920196796
0.9,1.05,1.0,0.1,2,0.07291117264826984,3.443284604325004e-05,0.0029164469059307935,0.0014926562990086468
0.9,1.05,1.0,0.1,3,0.05371963161637103,-5.62808715333179e-05,0.0021487852646548413,0.0011306735038607385
0.9,1.05,1.0,0.1,4,0.07571097373055859,0.0002293940596959891,0.0030284389492223436,0.0017436135343071608
0.9,1.05,1.0,0.1,5,0.08372885709867081,5.943020359458084e-05,0.0033491542839468326,0.0017340073455679973
0.9,1.05,1.0,0.1,6,0.05989317373943276,1.1958753765588666e-05,0.0023957269495773104,0.0012098222285542438
0.9,1.05,1.0,0.1,7,0.05168399584933887,-5.983314005788059e-05,0.0020673598339735547,0.001093513057044658
0.9,1.05,1.0,0.1,8,0.06975849375710863,0.00010530751920407451,0.0027903397502843453,0.0015004773943462471
0.9,1.05,1.0,0.1,9,0.07526430030419769,-6.435740853532427e-05,0.0030105720121679077,0.001569643414619278
0.9,1.05,1.0,0.1,10,0.08934978503955682,-6.638203828110492e-05,0.003573991401582273,0.0018533777390722414
0.9,1.05,1.0,0.1,11,0.08264678153480307,-0.0002134891556493465,0.0033058712613921225,0.0018664247863454078
0.9,1.05,1.0,0.1,12,0.059736527013941436,5.434228469549168e-05,0.0023894610805576576,0.0012490728249743206
0.9,1.05,1.0,0.1,13,0.0729145495628411,-3.607700223094495e-05,0.0029165819825136443,0.0014943679934877672
0.9,1.05,1.0,0.1,14,0.061546574318292774,-5.53259511166199e-06,0.002461862972731711,0.0012364640814775175
0.9,1.05,1.0,0.1,15,0.04521240794889697,-1.9960913133119038e-06,0.0018084963179558788,0.0009062442502912513
0.9,1.05,1.0,0.2,1,0.046180232897089675,1.6024505742983236e-05,0.0018472093158835871,0.0009396291636847768
0.9,1.05,1.0,0.2,2,0.07260433461797212,-2.3862728115590352e-05,0.002904173384718885,0.0014759494204750329
0.9,1.05,1.0,0.2,3,0.054753529773449994,-3.468683625857062e-05,0.002190141190938,0.0011297574317275705
0.9,1.05,1.0,0.2,4,0.07682265249333556,0.00011715895965017277,0.0030729060997334223,0.0016536120095168839
0.9,1.05,1.0,0.2,5,0.08624917544297911,8.287343674046627e-05,0.0034499670177191646,0.0018078569456000486
0.9,1.05,1.0,0.2,6,0.057412727471512576,-1.683255031013183e-05,0.002296509098860503,0.0011650870997403835
0.9,1.05,1.0,0.2,7,0.05430604378560599,-4.511963213259342e-05,0.0021722417514242398,0.0011312405078447133
0.9,1.05,1.0,0.2,8,0.07291873474920725,0.00011630454061459469,0.00291674938996829,0.0015746792355987398
0.9,1.05,1.0,0.2,9,0.07354772834424793,-3.292698069874555e-05,0.0029419091337699174,0.0015038815475837042
0.9,1.05,1.0,0.2,10,0.09246316943564192,-0.00010410542579031965,0.003698526777425677,0.001953368814503158
0.9,1.05,1.0,0.2,11,0.08508644507268098,-0.00010778290550239907,0.0034034578029072393,0.0018095118069560187
0.9,1.05,1.0,0.2,12,0.06047946364786642,2.6577552905026884e-05,0.002419178545914657,0.0012361668258623554
0.9,1.05,1.0,0.2,13,0.07257429819660376,2.3590789928386617e-05,0.0029029719278641504,0.0014750767538604618
0.9,1.05,1.0,0.2,14,0.058409479875354275,-2.171921911089491e-05,0.002336379195014171,0.0011899088166179804
0.9,1.05,1.0,0.2,15,0.04730375299697048,-3.102101400822913e-06,0.0018921501198788193,0.0009491771613402326
0.9,1.05,1.05,0.05,1,0.06321073048832493,9.163156170836388e-07,0.0025284292195329973,0.0012651309253835822
0.9,1.05,1.05,0.05,2,0.09499386743215095,-2.3388602681888892e-07,0.003799754697286038,0.001900111234669838
0.9,1.05,1.05,0.05,3,0.06954314251397617,-4.864002957253083e-05,0.0027817257005590466,0.0014395028798520541
0.9,1.05,1.05,0.05,4,0.08988469783091081,0.0001849577842594549,0.0035953879132364325,0.001982651740877671
0.9,1.05,1.05,0.05,5,0.09654509842804856,6.706435590974202e-05,0.0038618039371219426,0.001997966324470713
0.9,1.05,1.05,0.05,6,0.06532384721349987,-2.6448562063659824e-05,0.002612953888539995,0.0013329255063336573
0.9,1.05,1.05,0.05,7,0.06195533371868196,-3.688454584333105e-05,0.0024782133487472784,0.0012759912202169703
0.9,1.05,1.05,0.05,8,0.07474066263172813,9.000046075183929e-05,0.002989626505269125,0.0015848137133864018
0.9,1.05,1.05,0.05,9,0.07696254534655053,0.00013771871022757776,0.003078501813862021,0.0016769696171585883
0.9,1.05,1.05,0.05,10,0.0939926979084025,-7.084476435904339e-05,0.0037597079163361005,0.0019506987225270936
0.9,1.05,1.05,0.05,11,0.08925464358071737,-0.0001958644187726157,0.0035701857432286948,0.001980957290386963
0.9,1.05,1.05,0.05,12,0.0695913294964915,4.551570086940813e-05,0.00278365317985966,0.001437342290799238
0.9,1.05,1.05,0.05,13,0.09506184669654005,1.341722990251695e-06,0.0038024738678616023,0.0019025786569210527
0.9,1.05,1.05,0.05,14,0.06321165820132416,-9.498025238544256e-07,0.0025284663280529663,0.0012651829665503377
0.9,1.05,1.05,0.05,15,0.04518829049133329,-1.0510261437945167e-06,0.0018075316196533317,0.0009048168359704604
0.9,1.05,1.05,0.1,1,0.048943441718991905,9.14745122766641e-06,0.0019577376687596763,0.0009880162856075046
0.9,1.05,1.05,0.1,2,0.07282265941067605,3.5165024356527936e-05,0.0029129063764270417,0.0014916182125700487
0.9,1.05,1.05,0.1,3,0.05366549352152504,-5.559491194774207e-05,0.0021466197408610017,0.001128904782378243
0.9,1.05,1.05,0.1,4,0.0756512769096273,0.00022831452036687028,0.003026051076385092,0.0017413400585594163
0.9,1.05,1.05,0.1,5,0.08364718116802958,5.7771262230929055e-05,0.003345887246721183,0.0017307148855915206
0.9,1.05,1.05,0.1,6,0.05972701794450094,1.156777159013966e-05,0.0023890807177800377,0.0012061081304801586
0.9,1.05,1.05,0.1,7,0.05168871026446481,-6.0156646930606576e-05,0.0020675484105785926,0.0010939308522199028
0.9,1.05,1.05,0.1,8,0.06976611046712328,9.988328668936949e-05,0.002790644418684931,0.001495205496031835
0.9,1.05,1.05,0.1,9,0.07522437721358785,-6.589738312889017e-05,0.003008975088543514,0.0015703849274006474
0.9,1.05,1.05,0.1,10,0.08927799522073322,-6.544114367987387e-05,0.003571119808829329,0.0018510010480945382
0.9,1.05,1.05,0.1,11,0.08264751979483204,-0.0002115166895898315,0.0033059007917932816,0.0018644670854864724
0.9,1.05,1.05,0.1,12,0.05968567177784863,5.451997348075417e-05,0.002387426871113945,0.0012482334090377267
0.9,1.05,1.05,0.1,13,0.07287526990651604,-3.582250266100338e-05,0.0029150107962606416,0.0014933279007913242
0.9,1.05,1.05,0.1,14,0.06152771090558805,-4.933526920324418e-06,0.002461108436223522,0.0012354877450320855
0.9,1.05,1.05,0.1,15,0.045238864723288634,-1.9433588245613165e-06,0.0018095545889315454,0.000906720653290334
0.9,1.05,1.05,0.2,1,0.046143148066757504,1.5012101173078271e-05,0.0018457259226703003,0.0009378750625082284
0.9,1.05,1.05,0.2,2,0.07256118876528417,-2.3644300748934172e-05,0.0029024475506113667,0.0014748680760546175
0.9,1.05,1.05,0.2,3,0.05471976092430313,-3.477525856306214e-05,0.0021887904369721255,0.001129170477049125
0.9,1.05,1.05,0.2,4,0.07691277204975208,0.00011727393837706473,0.003076510881990083,0.0016555293793721064
0.9,1.05,1.05,0.2,5,0.08624502156469167,8.091474934117531e-05,0.003449800862587667,0.0018058151806350088
0.9,1.05,1.05,0.2,6,0.05736548558039361,-1.5366690326404925e-05,0.0022946194232157445,0.0011626764019342772
0.9,1.05,1.05,0.2,7,0.054279569049697406,-4.4023049367114856e-05,0.002171182761987896,0.001129614430361063
0.9,1.05,1.05,0.2,8,0.07299133610834677,0.00011509855304763384,0.002919653444333871,0.0015749252752145693
0.9,1.05,1.05,0.2,9,0.0735632535222464,-3.501694283497907e-05,0.002942530140889856,0.001506282013279907
0.9,1.05,1.05,0.2,10,0.09248969450954689,-0.00010163402391532152,0.0036995877803818757,0.0019514279141062594
0.9,1.05,1.05,0.2,11,0.08513862024475354,-0.00010724870412526837,0.0034055448097901416,0.0018100211090203392
0.9,1.05,1.05,0.2,12,0.06050104902285366,2.7335302151917095e-05,0.0024200419609141464,0.0012373562826089902
0.9,1.05,1.05,0.2,13,0.0724777140657091,2.2275620721553614e-05,0.002899108562628364,0.0014718299020357356
0.9,1.05,1.05,0.2,14,0.05845107996686241,-2.0672589269684478e-05,0.0023380431986744967,0.0011896941886069328
0.9,1.05,1.05,0.2,15,0.04737114151171083,-3.3497660415758643e-06,0.0018948456604684332,0.0009507725962757925
0.9,1.05,1.1,0.05,1,0.06314480609480905,3.598266276306182e-07,0.002525792243792362,0.0012632559485238116
0.9,1.05,1.1,0.05,2,0.09488057875037599,9.802368902341717e-07,0.00379522315001504,0.0018985918118977541
0.9,1.05,1.1,0.05,3,0.06946361370008156,-4.896564977966965e-05,0.002778544548003262,0.0014382379237813008
0.9,1.05,1.1,0.05,4,0.08978444033851729,0.00018435147555266322,0.0035913776135406915,0.001980040282323009
0.9,1.05,1.1,0.05,5,0.0965312826001422,6.607372657464172e-05,0.003861251304005688,0.0019966993785774855
0.9,1.05,1.1,0.05,6,0.0652494041810231,-2.530592005793414e-05,0.0026099761672409238,0.001330294003678396
0.9,1.05,1.1,0.05,7,0.06187783115300994,-3.417589021155958e-05,0.0024751132461203976,0.0012717325132717585
0.9,1.05,1.1,0.05,8,0.07464185354128253,8.89039510101398e-05,0.002985674141651301,0.0015817410218357903
0.9,1.05,1.1,0.05,9,0.0768634069934696,0.00013497729772071263,0.003074536279738784,0.0016722454375901045
0.9,1.05,1.1,0.05,10,0.09390414022094551,-6.963349102706841e-05,0.0037561656088378205,0.0019477162954459786
0.9,1.05,1.1,0.05,11,0.0891870417450133,-0.00019672538117436984,0.003567481669800532,0.001980466216074636
0.9,1.05,1.1,0.05,12,0.06951325302312097,4.452243722924243e-05,0.002780530120924839,0.0014347874976916618
0.9,1.05,1.1,0.05,13,0.09495905105088104,9.855413852974168e-08,0.0037983620420352416,0.0018992795751561506
0.9,1.05,1.1,0.05,14,0.06314657177096716,-3.643452014106272e-07,0.0025258628708386866,0.001263295780620754
0.9,1.05,1.1,0.05,15,0.04513515464312923,-1.0604211855152113e-06,0.001805406185725169,0.0009037635140480997
0.9,1.05,1.1,0.1,1,0.04889288870284617,8.184331569642864e-06,0.001955715548113847,0.0009860421056265664
0.9,1.05,1.1,0.1,2,0.07275391305586532,3.6498877161539355e-05,0.002910156522234613,0.0014915771382788458
0.9,1.05,1.1,0.1,3,0.053625540337284186,-5.492822072750031e-05,0.0021450216134913675,0.0011274390274731841
0.9,1.05,1.1,0.1,4,0.0756062443180185,0.0002272486295862302,0.0030242497727207404,0.0017393735159466003
0.9,1.05,1.1,0.1,5,0.08358608393759531,5.550839940468398e-05,0.0033434433575038128,0.0017272300781565903
0.9,1.05,1.1,0.1,6,0.05957735141101667,1.1787728062613427e-05,0.002383094056440667,0.0012033347562829468
0.9,1.05,1.1,0.1,7,0.05170221127902992,-6.048022012490472e-05,0.002068088451161197,0.0010945244457055033
0.9,1.05,1.1,0.1,8,0.06978165834616777,9.446012287648033e-05,0.002791266333846711,0.0014900932897998357
0.9,1.05,1.1,0.1,9,0.07520075041694078,-6.805808177829325e-05,0.0030080300166776316,0.001572073090117109
0.9,1.05,1.1,0.1,10,0.08922672068541711,-6.389749487882741e-05,0.0035690688274166845,0.0018484319085871697
0.9,1.05,1.1,0.1,11,0.08266148139413076,-0.00020955758497349364,0.0033064592557652305,0.001862787212856109
0.9,1.05,1.1,0.1,12,0.05964953011226412,5.471655403483048e-05,0.002385981204490565,0.0012477071562801128
0.9,1.05,1.1,0.1,13,0.07285617082402587,-3.6170946331994105e-05,0.002914246832961035,0.0014932943628125116
0.9,1.05,1.1,0.1,14,0.06152556367631185,-3.7241231574456203e-06,0.0024610225470524743,0.0012342353966836828
0.9,1.05,1.1,0.1,15,0.0452670421674289,-1.8905669795518033e-06,0.001810681686697156,0.0009072314103281298
0.9,1.05,1.1,0.2,1,0.046123739119887125,1.3286108296309987e-05,0.001844949564795485,0.0009357608906940525
0.9,1.05,1.1,0.2,2,0.0725431562951726,-2.275299253765169e-05,0.002901726251806904,0.0014736161184411038
0.9,1.05,1.1,0.2,3,0.05470053891976854,-3.4881140812783593e-05,0.0021880215567907416,0.0011288919192081544
0.9,1.05,1.1,0.2,4,0.07701466735202953,0.00011740277268001117,0.003080586694081181,0.0016576961197206017
0.9,1.05,1.1,0.2,5,0.08626189144385883,7.829243144148696e-05,0.0034504756577543533,0.0018035302603186636
0.9,1.05,1.1,0.2,6,0.05734077190959278,-1.3232744300806544e-05,0.0022936308763837113,0.0011600481824926622
0.9,1.05,1.1,0.2,7,0.054260036257345746,-4.292533039511043e-05,0.0021704014502938298,0.0011281260555420253
0.9,1.05,1.1,0.2,8,0.07306901972152272,0.00011388969435857307,0.002922760788860909,0.0015752700887890275
0.9,1.05,1.1,0.2,9,0.07359261185014701,-3.776535142413738e-05,0.0029437044740058807,0.0015096175884270777
0.9,1.05,1.1,0.2,10,0.09253583775006882,-9.850905155826425e-05,0.0037014335100027528,0.0019492258065596406
0.9,1.05,1.1,0.2,11,0.08520028788015555,-0.00010672656354439304,0.0034080115152062217,0.001810732321147504
0.9,1.05,1.1,0.2,12,0.060539011146535725,2.811029583965588e-05,0.002421560445861429,0.0012388905187703705
0.9,1.05,1.1,0.2,13,0.0724059785735895,2.0289388669619985e-05,0.0028962391429435803,0.0014684089601414102
0.9,1.05,1.1,0.2,14,0.058515257708449085,-1.896008155487749e-05,0.0023406103083379636,0.0011892652357238594
0.9,1.05,1.1,0.2,15,0.047438645477718575,-3.597320831352831e-06,0.0018975458191087431,0.0009523702303857244
0.9,1.1,0.9,0.05,1,0.054597076717058726,7.923485001795627e-17,0.002183883068682349,0.0010919415343412537
0.9,1.1,0.9,0.05,2,0.0805814864296673,8.616696765828546e-17,0.0032232594571866917,0.001611629728593432
0.9,1.1,0.9,0.05,3,0.05895431925253376,-2.97816784254612e-18,0.0023581727701013507,0.0011790863850506784
0.9,1.1,0.9,0.05,4,0.07573651525241518,5.1215000122784016e-17,0.0030294606100966072,0.0015147303050483548
0.9,1.1,0.9,0.05,5,0.08478833672110721,-5.885862543880682e-17,0.0033915334688442884,0.001695766734422203
0.9,1.1,0.9,0.05,6,0.05564767863044305,-1.145188544687814e-18,0.002225907145217722,0.001112953572608862
0.9,1.1,0.9,0.05,7,0.051792402407037655,-6.4211873665454e-17,0.0020716960962815062,0.0010358480481408173
0.9,1.1,0.9,0.05,8,0.0626038123154687,3.390842294448415e-17,0.0025041524926187483,0.001252076246309408
0.9,1.1,0.9,0.05,9,0.06412753043693008,-2.4977307548634808e-17,0.002565101217477203,0.0012825506087386265
0.9,1.1,0.9,0.05,10,0.08356986841184805,6.188083899461017e-17,0.003342794736473922,0.0016713973682370227
0.9,1.1,0.9,0.05,11,0.07981813050427494,8.927049637702522e-17,0.0031927252201709977,0.0015963626100855882
0.9,1.1,0.9,0.05,12,0.05901535770193386,2.4580896129319796e-17,0.0023606143080773545,0.0011803071540387017
0.9,1.1,0.9,0.05,13,0.08058295910836355,2.151497567343813e-16,0.003223318364334542,0.001611659182167486
0.9,1.1,0.9,0.05,14,0.054598855994331376,1.254286388294168e-17,0.002183954239773255,0.0010919771198866402
0.9,1.1,0.9,0.05,15,0.0376427614193397,1.009554747030759e-16,0.001505710456773588,0.000752855228386895
0.9,1.1,0.9,0.1,1,0.03387428021273626,1.9704019232208436e-16,0.0013549712085094503,0.0006774856042549222
0.9,1.1,0.9,0.1,2,0.05594348283376371,8.937891659427377e-17,0.0022377393133505485,0.0011188696566753636
0.9,1.1,0.9,0.1,3,0.044699382950552334,1.9843949075094847e-16,0.0017879753180220935,0.0008939876590112452
0.9,1.1,0.9,0.1,4,0.0654400881788871,2.8297676701871666e-17,0.002617603527155484,0.00130880176357777
0.9,1.1,0.9,0.1,5,0.07026756616787408,1.3792406886731223e-16,0.0028107026467149633,0.0014053513233576195
0.9,1.1,0.9,0.1,6,0.05005199736172962,9.242823520438925e-18,0.002002079894469185,0.0010010399472346017
0.9,1.1,0.9,0.1,7,0.049990723675261695,4.330900635134919e-17,0.0019996289470104677,0.0009998144735052772
0.9,1.1,0.9,0.1,8,0.06688526482208011,2.942931271940341e-17,0.0026754105928832044,0.0013377052964416317
0.9,1.1,0.9,0.1,9,0.06774327045356554,2.1808726699545922e-16,0.002709730818142622,0.001354865409071529
0.9,1.1,0.9,0.1,10,0.07771048955050358,3.2607380337501546e-17,0.0031084195820201433,0.0015542097910101042
0.9,1.1,0.9,0.1,11,0.07537627425574625,2.9905006422581426e-16,0.00301505097022985,0.001507525485115224
0.9,1.1,0.9,0.1,12,0.048627690874299426,1.1424780392566003e-17,0.001945107634971977,0.0009725538174859999
0.9,1.1,0.9,0.1,13,0.05595403153421266,2.2123145329566718e-16,0.0022381612613685065,0.0011190806306844744
0.9,1.1,0.9,0.1,14,0.04702041647677585,-5.827586677109586e-19,0.001880816659071034,0.0009404083295355176
0.9,1.1,0.9,0.1,15,0.046854976395062475,5.89316290909483e-17,0.0018741990558024991,0.0009370995279013085
0.9,1.1,0.9,0.2,1,0.033731923754275646,-1.1428846150712824e-16,0.0013492769501710258,0.0006746384750856272
0.9,1.1,0.9,0.2,2,0.05476319300142444,1.3992984288641042e-18,0.0021905277200569774,0.00109526386002849
0.9,1.1,0.9,0.2,3,0.04355600899087695,-1.9095171949722045e-16,0.001742240359635078,0.0008711201798177299
0.9,1.1,0.9,0.2,4,0.06493703770410587,3.781832702901e-17,0.002597481508164235,0.0012987407540821553
0.9,1.1,0.9,0.2,5,0.06927864864766023,-1.755890829328692e-16,0.0027711459459064092,0.0013855729729533803
0.9,1.1,0.9,0.2,6,0.048622707741849396,6.7728754462453855e-18,0.0019449083096739759,0.0009724541548369947
0.9,1.1,0.9,0.2,7,0.0485691878344954,-2.343477584839e-16,0.001942767513379816,0.0009713837566901423
0.9,1.1,0.9,0.2,8,0.0665390687211145,2.5190759851342892e-17,0.00266156274884458,0.001330781374422315
0.9,1.1,0.9,0.2,9,0.06611171723504801,-2.2772311380342414e-16,0.0026444686894019206,0.001322234344701188
0.9,1.1,0.9,0.2,10,0.07729185392074174,2.898631448798941e-17,0.00309167415682967,0.001545837078414864
0.9,1.1,0.9,0.2,11,0.0748654560738505,-2.0464316005663896e-17,0.0029946182429540203,0.0014973091214770305
0.9,1.1,0.9,0.2,12,0.04748495397020181,1.3938774180016766e-17,0.0018993981588080724,0.0009496990794040502
0.9,1.1,0.9,0.2,13,0.05476410779598916,-1.5317743818146767e-16,0.0021905643118395666,0.0010952821559199364
0.9,1.1,0.9,0.2,14,0.04612531757793665,8.151845084375386e-18,0.001845012703117466,0.0009225063515587411
0.9,1.1,0.9,0.2,15,0.0456423388776927,-2.168160277059469e-16,0.001825693555107708,0.0009128467775540709
0.9,1.1,0.9500000000000001,0.05,1,0.05449898178416746,5.836858848920384e-07,0.0021799592713666986,0.0010905633215682413
0.9,1.1,0.9500000000000001,0.05,2,0.08042958612955971,-5.844411692191541e-07,0.0032171834451823885,0.0016091761637604134
0.9,1.1,0.9500000000000001,0.05,3,0.05883637216642276,1.545121808527755e-08,0.0023534548866569107,0.0011767428945465407
0.9,1.1,0.9500000000000001,0.05,4,0.07558755788419937,-1.288992571069124e-08,0.0030235023153679748,0.0015117640476096982
0.9,1.1,0.9500000000000001,0.05,5,0.0847225591371013,6.037148218738196e-07,0.0033889023654840524,0.0016950548975639
0.9,1.1,0.9500000000000001,0.05,6,0.05554771465897788,-6.046858098869511e-07,0.002221908586359115,0.0011115589789894445
0.9,1.1,0.9500000000000001,0.05,7,0.05167943149050357,-8.346210566505914e-10,0.002067177259620143,0.0010335894644311282
0.9,1.1,0.9500000000000001,0.05,8,0.06247109968108335,2.825086894515862e-09,0.002498843987243334,0.0012494248187085615
0.9,1.1,0.9500000000000001,0.05,9,0.06399378947760762,6.830391366729539e-07,0.0025597515791043047,0.0012805588286888252
0.9,1.1,0.9500000000000001,0.05,10,0.08348005350969283,-6.140063429255248e-07,0.003339202140387713,0.001670215076536782
0.9,1.1,0.9500000000000001,0.05,11,0.07965510207893237,1.2740790055084088e-08,0.0031862040831572946,0.0015931147823687025
0.9,1.1,0.9500000000000001,0.05,12,0.05889469033445528,-1.6443323940225303e-08,0.0023557876133782113,0.001177910250013046
0.9,1.1,0.9500000000000001,0.05,13,0.08043862147223987,5.772637352702338e-07,0.003217544858889595,0.0016093496931800678
0.9,1.1,0.9500000000000001,0.05,14,0.05450100683333446,-5.790551247796756e-07,0.0021800402733333783,0.0010905991917914688
0.9,1.1,0.9500000000000001,0.05,15,0.037566768953553535,-1.3786082887040955e-10,0.0015026707581421415,0.0007513355169318996
0.9,1.1,0.9500000000000001,0.1,1,0.033887066068291435,1.0952113035268563e-06,0.0013554826427316575,0.0006788365326693556
0.9,1.1,0.9500000000000001,0.1,2,0.055995816378080945,-1.0589130161873958e-06,0.002239832655123238,0.0011209752405778063
0.9,1.1,0.9500000000000001,0.1,3,0.044744393087883264,2.815484053460027e-08,0.0017897757235153305,0.0008949160165981999
0.9,1.1,0.9500000000000001,0.1,4,0.06551344491669886,-1.7931338307205548e-08,0.0026205377966679543,0.0013102868296722843
0.9,1.1,0.9500000000000001,0.1,5,0.07028368613328764,1.0542853897467947e-06,0.0028113474453315057,0.0014067280080554997
0.9,1.1,0.9500000000000001,0.1,6,0.05011891606264558,-1.0690394729929482e-06,0.002004756642505823,0.0010034473607259046
0.9,1.1,0.9500000000000001,0.1,7,0.05005689661071909,4.1070286033654646e-10,0.002002275864428764,0.0010011383429172423
0.9,1.1,0.9500000000000001,0.1,8,0.06695780754886788,-4.416892323148348e-09,0.002678312301954715,0.0013391605678696808
0.9,1.1,0.9500000000000001,0.1,9,0.0678220357197871,1.058302826209708e-06,0.002712881428791484,0.0013574990172219516
0.9,1.1,0.9500000000000001,0.1,10,0.0777996327287848,-1.0476484278123448e-06,0.0031119853091513923,0.0015570403030035086
0.9,1.1,0.9500000000000001,0.1,11,0.07546615365438966,1.7398744446569885e-08,0.0030186461461755867,0.0015093404718322398
0.9,1.1,0.9500000000000001,0.1,12,0.04866828639701877,-2.7115513413367295e-08,0.0019467314558807508,0.0009733928434537888
0.9,1.1,0.9500000000000001,0.1,13,0.05601008117040065,1.060213681758953e-06,0.002240403246816026,0.001121261837089772
0.9,1.1,0.9500000000000001,0.1,14,0.047056424610164876,-1.0638919054468233e-06,0.0018822569844065952,0.0009421923841087444
0.9,1.1,0.9500000000000001,0.1,15,0.04690368755913636,2.492216060013035e-12,0.0018761475023654545,0.0009380737536749433
0.9,1.1,0.9500000000000001,0.2,1,0.033718065250130894,1.1888432745209884e-06,0.0013487226100052357,0.0006755501482771389
0.9,1.1,0.9500000000000001,0.2,2,0.054864404461718204,-1.120081801521126e-06,0.0021945761784687282,0.0010984081710358853
0.9,1.1,0.9500000000000001,0.2,3,0.043659030535179874,2.2717052495590753e-08,0.001746361221407195,0.0008732033277560931
0.9,1.1,0.9500000000000001,0.2,4,0.06511193966728782,-2.0376845471314984e-08,0.0026044775866915127,0.0013022591701912277
0.9,1.1,0.9500000000000001,0.2,5,0.06945358521249591,1.1024304764056227e-06,0.0027781434084998362,0.0013901741347263237
0.9,1.1,0.9500000000000001,0.2,6,0.04877002369563984,-1.0983140043973928e-06,0.0019508009478255935,0.0009764987879171942
0.9,1.1,0.9500000000000001,0.2,7,0.04870378567228975,3.722141878930111e-10,0.0019481514268915902,0.000974076085659983
0.9,1.1,0.9500000000000001,0.2,8,0.0667238911201043,-1.3918678163423338e-10,0.002668955644804172,0.0013344779615888677
0.9,1.1,0.9500000000000001,0.2,9,0.06629486286516759,1.0848774176802514e-06,0.0026517945146067035,0.001326982134721032
0.9,1.1,0.9500000000000001,0.2,10,0.07750325858906551,-1.0828378262918594e-06,0.0031001303435626206,0.001551148009607602
0.9,1.1,0.9500000000000001,0.2,11,0.07506269077602992,1.727039211784514e-08,0.003002507631041197,0.0015012710859127164
0.9,1.1,0.9500000000000001,0.2,12,0.047588545075506195,-2.19886871978111e-08,0.0019035418030202479,0.0009517928901973217
0.9,1.1,0.9500000000000001,0.2,13,0.05487144393037879,1.1152234992155933e-06,0.0021948577572151514,0.0010985441021067912
0.9,1.1,0.9500000000000001,0.2,14,0.04621257694631608,-1.0909755742990974e-06,0.0018485030778526432,0.0009253425145006207
0.9,1.1,0.9500000000000001,0.2,15,0.045760495588135844,2.7000952966858942e-11,0.0018304198235254338,0.0009152099387636699
0.9,1.1,1.0,0.05,1,0.054410783892376455,7.38263695273481e-07,0.0021764313556950584,0.0010889539415428026
0.9,1.1,1.0,0.05,2,0.08029160471864825,-7.392402851851724e-07,0.0032116641887459303,0.0016065713346581504
0.9,1.1,1.0,0.05,3,0.058730501755757204,1.953882934849785e-08,0.002349220070230288,0.0011746295739444926
0.9,1.1,1.0,0.05,4,0.0754523599698681,-1.6294589957226765e-08,0.003018094398794724,0.0015090634939873193
0.9,1.1,1.0,0.05,5,0.08467343753884143,7.636427357117189e-07,0.0033869375015536576,0.0016942323935125404
0.9,1.1,1.0,0.05,6,0.055457756663981166,-7.648484430129371e-07,0.0022183102665592467,0.0011099199817226364
0.9,1.1,1.0,0.05,7,0.05157781913579328,-1.0575691364853902e-09,0.002063112765431731,0.001031557440285002
0.9,1.1,1.0,0.05,8,0.06235095000819782,3.5786448374965085e-09,0.0024940380003279127,0.0012470225788087938
0.9,1.1,1.0,0.05,9,0.06387263520284378,8.640372849702202e-07,0.0025549054081137512,0.0012783167413418458
0.9,1.1,1.0,0.05,10,0.08340773013285688,-7.766725683192282e-07,0.003336309205314275,0.0016689312752254568
0.9,1.1,1.0,0.05,11,0.07950930290826397,1.6105331499552617e-08,0.003180372116330559,0.001590202163496779
0.9,1.1,1.0,0.05,12,0.05878626872143994,-2.0795396241492166e-08,0.0023514507488575976,0.0011757461698250404
0.9,1.1,1.0,0.05,13,0.08030815473306224,7.30154174575194e-07,0.0032123261893224897,0.00160689324883582
0.9,1.1,1.0,0.05,14,0.054412919050663804,-7.324015117174412e-07,0.0021765167620265524,0.0010889907825249936
0.9,1.1,1.0,0.05,15,0.03749972167558068,-1.7450576989769764e-10,0.0014999888670232274,0.0007499946080173835
0.9,1.1,1.0,0.1,1,0.033899268777551825,1.3851191947133725e-06,0.001355970751102073,0.0006793704947457499
0.9,1.1,1.0,0.1,2,0.056042241176694804,-1.3392045347488063e-06,0.0022416896470677924,0.001122184028068645
0.9,1.1,1.0,0.1,3,0.044784104477271616,3.560038249638591e-08,0.0017913641790908647,0.0008957176899279287
0.9,1.1,1.0,0.1,4,0.06557999363367772,-2.2659129621313155e-08,0.0026231997453471092,0.0013116225318031758
0.9,1.1,1.0,0.1,5,0.07029135465067107,1.3333423977224886e-06,0.002811654186026843,0.001407160435411144
0.9,1.1,1.0,0.1,6,0.05017975568990501,-1.3519735661700859e-06,0.0020071902275962004,0.0010049470873642703
0.9,1.1,1.0,0.1,7,0.05011677414461656,5.193561889484871e-10,0.0020046709657846624,0.00100233600224852
0.9,1.1,1.0,0.1,8,0.06702174011083493,-5.590865600083668e-09,0.0026808696044333977,0.001340440393082299
0.9,1.1,1.0,0.1,9,0.06789430258990806,1.338377913251399e-06,0.0027157721035963225,0.0013592244297114127
0.9,1.1,1.0,0.1,10,0.07787877154244871,-1.3249365090136245e-06,0.0031151508616979484,0.0015589003673579878
0.9,1.1,1.0,0.1,11,0.07554604238512538,2.1984248756761675e-08,0.0030218416954050156,0.0015109428319512645
0.9,1.1,1.0,0.1,12,0.04870416425930748,-3.42840148501141e-08,0.0019481665703722992,0.0009741175692009997
0.9,1.1,1.0,0.1,13,0.05606004062591272,1.3408519188374602e-06,0.002242401625036509,0.0011225416644370918
0.9,1.1,1.0,0.1,14,0.047088384367639964,-1.3454516667448527e-06,0.0018835353747055986,0.0009431131390195441
0.9,1.1,1.0,0.1,15,0.04694778178526614,3.1502353230821133e-12,0.0018779112714106456,0.0009389556388555581
0.9,1.1,1.0,0.2,1,0.03370716729156726,1.503429949494419e-06,0.0013482866916626904,0.0006756467757808396
0.9,1.1,1.0,0.2,2,0.05495463753037145,-1.416429249651443e-06,0.002198185501214858,0.0011005091798570803
0.9,1.1,1.0,0.2,3,0.04375195078420594,2.8711927163018266e-08,0.0017500780313682376,0.0008750677276112819
0.9,1.1,1.0,0.2,4,0.06526946745424103,-2.574931737391728e-08,0.0026107786981696413,0.0013054150984021945
0.9,1.1,1.0,0.2,5,0.06961145622815659,1.3940873472358257e-06,0.002784458249126264,0.0013936232119103678
0.9,1.1,1.0,0.2,6,0.04890333384535909,-1.3888374557029774e-06,0.0019561333538143637,0.000979455514362885
0.9,1.1,1.0,0.2,7,0.04882500002411816,4.7052021361407e-10,0.0019530000009647264,0.0009765004710025768
0.9,1.1,1.0,0.2,8,0.06689006295214084,-1.7558609175333004e-10,0.0026756025180856334,0.0013378014346289084
0.9,1.1,1.0,0.2,9,0.06645918731788944,1.3718356301943102e-06,0.0026583674927155776,0.0013305555819879832
0.9,1.1,1.0,0.2,10,0.07769317286639402,-1.3692887472863155e-06,0.0031077269146557607,0.0015552327460751666
0.9,1.1,1.0,0.2,11,0.07524018055232135,2.18169434935446e-08,0.0030096072220928537,0.0015048254279899204
0.9,1.1,1.0,0.2,12,0.04768142195116737,-2.778943853335122e-08,0.0019072568780466948,0.0009536562284618807
0.9,1.1,1.0,0.2,13,0.054968188835041225,1.4102798501468588e-06,0.002198727553401649,0.0011007740565509713
0.9,1.1,1.0,0.2,14,0.04628855749097073,-1.379548201364967e-06,0.0018515422996388292,0.0009271506980207796
0.9,1.1,1.0,0.2,15,0.04586703713877616,3.417802105838323e-11,0.0018346814855510463,0.0009173407769535442
0.9,1.1,1.05,0.05,1,0.054331018994363746,5.266391967781027e-07,0.00217324075977455,0.001087147019084053
0.9,1.1,1.05,0.05,2,0.08016551739674087,-5.273495937948784e-07,0.003206620695869635,0.0016038376975286122
0.9,1.1,1.05,0.05,3,0.05863504841209277,1.3935192446934983e-08,0.002345401936483711,0.0011727149034343025
0.9,1.1,1.05,0.05,4,0.07532891198142322,-1.1617919412534178e-08,0.0030131564792569288,0.001506589857547877
0.9,1.1,1.05,0.05,5,0.08463862247336251,5.447729109232384e-07,0.0033855448989345005,0.0016933172223781736
0.9,1.1,1.05,0.05,6,0.05537634751476581,-5.456185079801592e-07,0.0022150539005906327,0.0011080725688032964
0.9,1.1,1.05,0.05,7,0.05148594565977588,-7.556526630825029e-10,0.0020594378263910354,0.0010297196688481807
0.9,1.1,1.05,0.05,8,0.06224153216949559,2.55630460672089e-09,0.0024896612867798236,0.0012448331996945186
0.9,1.1,1.05,0.05,9,0.06376230570381201,6.164297509757949e-07,0.0025504922281524805,0.0012758625438272161
0.9,1.1,1.05,0.05,10,0.08335037400558726,-5.540759958932214e-07,0.0033340149602234903,0.0016675615561076384
0.9,1.1,1.05,0.05,11,0.07937768855959158,1.1482507291347976e-08,0.0031751075423836635,0.001587565253699123
0.9,1.1,1.05,0.05,12,0.05868841443371893,-1.4832674774448146e-08,0.0023475365773487572,0.001173783121349153
0.9,1.1,1.05,0.05,13,0.08018964347988018,5.208629437220832e-07,0.0032075857391952074,0.0016043137325413258
0.9,1.1,1.05,0.05,14,0.0543332003763571,-5.224541486401957e-07,0.002173328015054284,0.0010871864616757822
0.9,1.1,1.05,0.05,15,0.037440342870224526,-1.2457017555910396e-10,0.0014976137148089812,0.0007488069819746662
0.9,1.1,1.05,0.1,1,0.033910403520496714,9.879846646707323e-07,0.0013564161408198686,0.000679196055074605
0.9,1.1,1.05,0.1,2,0.05608354410781948,-9.552292220367308e-07,0.002243341764312779,0.0011226261113784263
0.9,1.1,1.05,0.1,3,0.04481926487879893,2.5388589381454308e-08,0.0017927705951519572,0.00089641068616536
0.9,1.1,1.05,0.1,4,0.06563929414182443,-1.615033844467028e-08,0.002625571765672977,0.0013128020331749331
0.9,1.1,1.05,0.1,5,0.07029148476385891,9.51041675043216e-07,0.0028116593905543564,0.0014067807369522215
0.9,1.1,1.05,0.1,6,0.05023537254767504,-9.643126753705936e-07,0.0020094149019070015,0.0010056717636288714
0.9,1.1,1.05,0.1,7,0.05017124520599127,3.704099737265213e-10,0.0020068498082396508,0.0010034252745297991
0.9,1.1,1.05,0.1,8,0.0670780543980029,-3.990979411011596e-09,0.002683122175920116,0.0013415650789394692
0.9,1.1,1.05,0.1,9,0.06795954749120298,9.546041442184895e-07,0.002718381899648119,0.001360145553968278
0.9,1.1,1.05,0.1,10,0.07794918964431165,-9.450380689175373e-07,0.003117967585772466,0.0015599288309551505
0.9,1.1,1.05,0.1,11,0.07561728468079185,1.566811210016849e-08,0.0030246913872316737,0.001512361361727937
0.9,1.1,1.05,0.1,12,0.04873548477617097,-2.4448399490960678e-08,0.0019494193910468388,0.0009747341439229104
0.9,1.1,1.05,0.1,13,0.05610494568859187,9.564058444075417e-07,0.002244197827543675,0.001123055319616245
0.9,1.1,1.05,0.1,14,0.04711564837806376,-9.596531127177186e-07,0.0018846259351225504,0.0009432726206739929
0.9,1.1,1.05,0.1,15,0.0469880178341365,2.2465281809149766e-12,0.0018795207133654602,0.0009397603589292583
0.9,1.1,1.05,0.2,1,0.03369721886271326,1.0723091457316776e-06,0.0013478887545085305,0.0006750166863999969
0.9,1.1,1.05,0.2,2,0.055035434443494784,-1.0102283896010737e-06,0.0022014173777397915,0.0011017189172594969
0.9,1.1,1.05,0.2,3,0.0438359737939832,2.0467989944763484e-08,0.001753438951759328,0.0008767399438696087
0.9,1.1,1.05,0.2,4,0.06541188471277115,-1.8352905070880834e-08,0.002616475388510846,0.0013082560471604939
0.9,1.1,1.05,0.2,5,0.06975450277652631,9.942805141692992e-07,0.0027901801110610525,0.0013960843360446955
0.9,1.1,1.05,0.2,6,0.0490246202190477,-9.905077038476578e-07,0.001960984808761908,0.0009814829120848017
0.9,1.1,1.05,0.2,7,0.048934466246544406,3.354740692160466e-10,0.0019573786498617764,0.0009786896604049575
0.9,1.1,1.05,0.2,8,0.06703903753087248,-1.2495767127087007e-10,0.0026815615012348993,0.0013407808755751208
0.9,1.1,1.05,0.2,9,0.06660654472586347,9.783750764707399e-07,0.002664261789034539,0.0013331092695937402
0.9,1.1,1.05,0.2,10,0.07786457711954922,-9.7657934758668e-07,0.003114583084781969,0.001558268121738571
0.9,1.1,1.05,0.2,11,0.0753992631614551,1.5545660851347875e-08,0.0030159705264582036,0.001508000808889953
0.9,1.1,1.05,0.2,12,0.047764160113377474,-1.980913852143445e-08,0.001910566404535099,0.000955303011406071
0.9,1.1,1.05,0.2,13,0.05505516107686593,1.0058388366074391e-06,0.0022022064430746373,0.0011021090603739261
0.9,1.1,1.05,0.2,14,0.04635220916305609,-9.838764597524925e-07,0.0018540883665222436,0.0009280280597208743
0.9,1.1,1.05,0.2,15,0.045963715847431,2.439791791529959e-11,0.0018385486338972402,0.000919274341346538
0.9,1.1,1.1,0.05,1,0.054258533865092856,7.895024694767883e-17,0.002170341354603714,0.001085170677301936
0.9,1.1,1.1,0.05,2,0.08004968538579046,-5.112690869626957e-18,0.0032019874154316187,0.0016009937077158145
0.9,1.1,1.1,0.05,3,0.05854866174293239,-1.876330444098781e-16,0.0023419464697172956,0.0011709732348588354
0.9,1.1,1.1,0.05,4,0.07521558228329923,2.518059545597584e-17,0.0030086232913319696,0.00150431164566601
0.9,1.1,1.1,0.05,5,0.08461620292135572,2.1304572689340162e-17,0.0033846481168542286,0.0016923240584271356
0.9,1.1,1.1,0.05,6,0.05530230219996486,-8.551644635479416e-18,0.0022120920879985947,0.0011060460439993058
0.9,1.1,1.1,0.05,7,0.05140249235832217,-7.152685019794214e-17,0.002056099694332887,0.001028049847166515
0.9,1.1,1.1,0.05,8,0.06214135894284223,1.7631837830045516e-17,0.0024856543577136893,0.0012428271788568622
0.9,1.1,1.1,0.05,9,0.06366137013336097,-1.1188966420050406e-16,0.002546454805334439,0.0012732274026673314
0.9,1.1,1.1,0.05,10,0.08330593322220886,2.7633602871224294e-17,0.0033322373288883545,0.0016661186644442048
0.9,1.1,1.1,0.05,11,0.07925827693703821,4.9087253359281213e-17,0.0031703310774815288,0.0015851655387408134
0.9,1.1,1.1,0.05,12,0.05859975842727608,1.0377847669759688e-17,0.0023439903370910432,0.001171995168545532
0.9,1.1,1.1,0.05,13,0.08008152936741258,1.1389543821960224e-16,0.0032032611746965036,0.0016016305873483656
0.9,1.1,1.1,0.05,14,0.05426080230201667,4.133520782600986e-18,0.002170432092080667,0.0010852160460403375
0.9,1.1,1.1,0.05,15,0.03738776120756564,-2.6946669738912897e-16,0.0014955104483026255,0.0007477552241515822
0.9,1.1,1.1,0.1,1,0.03392095357590126,1.5485117528524217e-16,0.0013568381430360504,0.00067841907151818
0.9,1.1,1.1,0.1,2,0.05612046547984767,-8.673617379884035e-18,0.0022448186191939066,0.001122409309596962
0.9,1.1,1.1,0.1,3,0.04485083353525411,2.1612892682140727e-17,0.0017940333414101645,0.0008970166707051038
0.9,1.1,1.1,0.1,4,0.06569273675991982,1.5226264259843303e-17,0.002627709470396793,0.0013138547351984116
0.9,1.1,1.1,0.1,5,0.07028514397619642,-9.623649533524459e-17,0.002811405759047857,0.0014057028795240248
0.9,1.1,1.1,0.1,6,0.05028651779980339,7.548757625930325e-18,0.002011460711992136,0.0010057303559960755
0.9,1.1,1.1,0.1,7,0.05022107267435261,-2.9559157576261575e-16,0.002008842906974104,0.0010044214534873476
0.9,1.1,1.1,0.1,8,0.06712823582982877,1.8987090545652396e-17,0.0026851294331931507,0.0013425647165965944
0.9,1.1,1.1,0.1,9,0.0680196548503467,-2.463849436973309e-16,0.0027207861940138677,0.0013603930970071802
0.9,1.1,1.1,0.1,10,0.0780120350793044,1.7862230791698686e-17,0.0031204814031721762,0.001560240701586106
0.9,1.1,1.1,0.1,11,0.07568123659137077,-1.548782803395543e-16,0.0030272494636548308,0.0015136247318275702
0.9,1.1,1.1,0.1,12,0.048762753615812025,8.84980023291293e-18,0.001950510144632481,0.0009752550723162494
0.9,1.1,1.1,0.1,13,0.05614572695392205,-2.9853506819388365e-16,0.002245829078156882,0.0011229145390787396
0.9,1.1,1.1,0.1,14,0.047139951956322604,2.3852447794681098e-18,0.0018855980782529042,0.0009427990391264545
0.9,1.1,1.1,0.1,15,0.0470250365379813,-2.057635803322451e-17,0.001881001461519252,0.0009405007307596466
0.9,1.1,1.1,0.2,1,0.033688273847258136,-4.458781434346637e-18,0.0013475309538903254,0.0006737654769451672
0.9,1.1,1.1,0.2,2,0.05511002173389008,5.244150383040824e-17,0.002204400869355603,0.001102200434677854
0.9,1.1,1.1,0.2,3,0.0439145882305032,2.1687092768320204e-16,0.001756583529220128,0.0008782917646102808
0.9,1.1,1.1,0.2,4,0.06554274342483771,2.1182599944935543e-17,0.002621709736993508,0.0013108548684967753
0.9,1.1,1.1,0.2,5,0.06988524406560201,1.3383120566617945e-19,0.00279540976262408,0.0013977048813120403
0.9,1.1,1.1,0.2,6,0.049135599092561766,5.160124714673198e-18,0.0019654239637024707,0.0009827119818512405
0.9,1.1,1.1,0.2,7,0.049033620117781875,1.1412021958797985e-16,0.001961344804711275,0.0009806724023557515
0.9,1.1,1.1,0.2,8,0.06717425192251032,1.6515977801156382e-17,0.002686970076900413,0.001343485038450223
0.9,1.1,1.1,0.2,9,0.06674119881624492,1.4007892068512717e-16,0.002669647952649797,0.0013348239763250386
0.9,1.1,1.1,0.2,10,0.07802010177796023,1.2880194754185705e-17,0.0031208040711184094,0.0015604020355592175
0.9,1.1,1.1,0.2,11,0.07554293281028804,2.625395560673649e-16,0.0030217173124115217,0.0015108586562060235
0.9,1.1,1.1,0.2,12,0.04783825287496379,6.4679435852338374e-18,0.0019135301149985516,0.0009567650574992823
0.9,1.1,1.1,0.2,13,0.0551334093779493,7.131339789523405e-17,0.002205336375117972,0.0011026681875590573
0.9,1.1,1.1,0.2,14,0.04640603011100657,7.09474796620202e-18,0.001856241204440263,0.0009281206022201385
0.9,1.1,1.1,0.2,15,0.046052017061432915,3.4099641624943545e-16,0.0018420806824573166,0.0009210403412289993
0.9500000000000001,0.9,0.9,0.05,1,0.08552748196346349,-4.504373570742872e-09,0.00342109927853854,0.0017105541436428407
0.9500000000000001,0.9,0.9,0.05,2,0.1305191857353472,-9.594813899952781e-08,0.005220767429413888,0.0026104796628459437
0.9500000000000001,0.9,0.9,0.05,3,0.09805324720450875,-6.632535554316186e-08,0.00392212988818035,0.0019611312694457184
0.9500000000000001,0.9,0.9,0.05,4,0.12654681818389873,4.0901441922171905e-08,0.005061872727355949,0.0025309772651198967
0.9500000000000001,0.9,0.9,0.05,5,0.12754129961644303,-8.401567723223904e-08,0.005101651984657721,0.0025509100080060927
0.9500000000000001,0.9,0.9,0.05,6,0.09238680370898493,6.346402358873307e-07,0.0036954721483593972,0.001848370714415586
0.9500000000000001,0.9,0.9,0.05,7,0.09157052891888456,-1.902966898818738e-09,0.0036628211567553827,0.0018314124813445902
0.9500000000000001,0.9,0.9,0.05,8,0.11000782384850083,3.9305842177572584e-07,0.004400312953940034,0.0022005495353917925
0.9500000000000001,0.9,0.9,0.05,9,0.11429180990143872,-1.1886429623773529e-06,0.004571672396057549,0.002287024840991152
0.9500000000000001,0.9,0.9,0.05,10,0.12162149008510974,2.4621424640850756e-07,0.00486485960340439,0.0024326760159486035
0.9500000000000001,0.9,0.9,0.05,11,0.11456077588106985,7.435511121183869e-08,0.004582431035242794,0.0022912898727326086
0.9500000000000001,0.9,0.9,0.05,12,0.09806465373008909,1.0785233590685449e-07,0.003922586149203563,0.0019614009269376884
0.9500000000000001,0.9,0.9,0.05,13,0.1306529445300052,6.331693884889824e-08,0.005226117781200208,0.0026131222075389533
0.9500000000000001,0.9,0.9,0.05,14,0.0855396225569673,8.495261340663593e-09,0.003421584902278692,0.0017108009464006867
0.9500000000000001,0.9,0.9,0.05,15,0.06905456154772932,1.3379415632898069e-09,0.002762182461909173,0.0013810925688961498
0.9500000000000001,0.9,0.9,0.1,1,0.11170556276722075,-1.0853932051231455e-09,0.004468222510688831,0.0022341123407376203
0.9500000000000001,0.9,0.9,0.1,2,0.16205906851759305,4.408099749221648e-08,0.0064823627407037225,0.0032412254513493536
0.9500000000000001,0.9,0.9,0.1,3,0.11634270619821134,-1.287675716520406e-07,0.004653708247928454,0.002326982891535879
0.9500000000000001,0.9,0.9,0.1,4,0.14517216590745588,5.938878240959377e-08,0.005806886636298235,0.0029035027069315273
0.9500000000000001,0.9,0.9,0.1,5,0.17263236947481644,-6.121558285254714e-07,0.006905294778992658,0.0034532595453248545
0.9500000000000001,0.9,0.9,0.1,6,0.11226920209508262,1.740703943245946e-07,0.004490768083803305,0.0022455581122959767
0.9500000000000001,0.9,0.9,0.1,7,0.09886856221249395,3.685011420690392e-07,0.003954742488499758,0.001977739745391948
0.9500000000000001,0.9,0.9,0.1,8,0.11713359577357643,-1.8885366653959533e-06,0.004685343830943057,0.0023445604521369246
0.9500000000000001,0.9,0.9,0.1,9,0.12060617749040208,-1.9629655868484805e-06,0.004824247099616083,0.00241408651539489
0.9500000000000001,0.9,0.9,0.1,10,0.17448441846553753,1.0240678662010443e-06,0.0069793767386215014,0.0034907124371769517
0.9500000000000001,0.9,0.9,0.1,11,0.15070601303282471,3.5105414138137097e-07,0.006028240521312989,0.003014471314797876
0.9500000000000001,0.9,0.9,0.1,12,0.11639591653980749,8.717963471712288e-08,0.0046558366615923,0.002328005510430867
0.9500000000000001,0.9,0.9,0.1,13,0.1619997113562937,-6.329549425196081e-08,0.006479988454251748,0.003240057522620126
0.9500000000000001,0.9,0.9,0.1,14,0.11170794650340704,2.0460046679343473e-09,0.004468317860136282,0.0022341609760728087
0.9500000000000001,0.9,0.9,0.1,15,0.06990452531832457,6.81331955593243e-08,0.0027961810127329827,0.0013981586395620507
0.9500000000000001,0.9,0.9,0.2,1,0.061661022595827585,1.034092090562976e-08,0.0024664409038331033,0.0012332307928374572
0.9500000000000001,0.9,0.9,0.2,2,0.09861600038347976,-2.454985429961739e-07,0.00394464001533919,0.0019725655062125913
0.9500000000000001,0.9,0.9,0.2,3,0.0743832375673471,-7.218811114217754e-08,0.0029753295026938844,0.0014877369394580844
0.9500000000000001,0.9,0.9,0.2,4,0.10217602014523103,7.218044256588653e-08,0.0040870408058092415,0.002043592583347187
0.9500000000000001,0.9,0.9,0.2,5,0.11568100127514877,-1.1185134106154386e-07,0.004627240051005951,0.002313731876844037
0.9500000000000001,0.9,0.9,0.2,6,0.07607248084070567,-6.201714253587214e-08,0.003042899233628227,0.0015215116339566495
0.9500000000000001,0.9,0.9,0.2,7,0.07227646391506795,-2.820982011463198e-08,0.002891058556602718,0.0014455574881214737
0.9500000000000001,0.9,0.9,0.2,8,0.09030162181357483,5.943876914109043e-07,0.0036120648725429935,0.0018066268239629076
0.9500000000000001,0.9,0.9,0.2,9,0.09249211640452233,-1.434677348773438e-06,0.0036996846561808934,0.0018512770054392202
0.9500000000000001,0.9,0.9,0.2,10,0.12195420519957896,6.851602498995023e-08,0.004878168207983159,0.0024391526200165693
0.9500000000000001,0.9,0.9,0.2,11,0.11102634841410192,1.0667878093769583e-07,0.004441053936564077,0.002220633647062976
0.9500000000000001,0.9,0.9,0.2,12,0.0755495076423944,2.2364625358337682e-07,0.003021980305695776,0.0015112137991014714
0.9500000000000001,0.9,0.9,0.2,13,0.09871530508129195,2.001121083552239e-07,0.003948612203251678,0.0019745062137341944
0.9500000000000001,0.9,0.9,0.2,14,0.06979944249329785,-7.675337013626123e-08,0.002791977699731914,0.0013960656032360934
0.9500000000000001,0.9,0.9,0.2,15,0.05568017666341317,-5.341692105609101e-08,0.002227207066536527,0.0011136569501893196
0.9500000000000001,0.9,0.9500000000000001,0.05,1,0.08547926730289926,6.523805725993132e-07,0.0034191706921159705,0.0017102377266305846
0.9500000000000001,0.9,0.9500000000000001,0.05,2,0.13041253467778996,-7.373253700716328e-07,0.005216501387111598,0.002608988018925871
0.9500000000000001,0.9,0.9500000000000001,0.05,3,0.09798732054491029,-2.2460938569140673e-08,0.003919492821796411,0.001959768871836775
0.9500000000000001,0.9,0.9500000000000001,0.05,4,0.12646192975488743,-2.2146545872138088e-09,0.005058477190195497,0.002529240809752336
0.9500000000000001,0.9,0.9500000000000001,0.05,5,0.12748190496779135,5.762137985126014e-07,0.005099276198711655,0.00255021431315434
0.9500000000000001,0.9,0.9500000000000001,0.05,6,0.09231330467400897,-1.1930007316434516e-07,0.0036925321869603588,0.0018463853935533436
0.9500000000000001,0.9,0.9500000000000001,0.05,7,0.09150102541945203,-1.3030731537043102e-07,0.0036600410167780813,0.0018301508157044111
0.9500000000000001,0.9,0.9500000000000001,0.05,8,0.10991803144168714,4.405203592507676e-07,0.004396721257667486,0.0021988011491929937
0.9500000000000001,0.9,0.9500000000000001,0.05,9,0.11419205433600257,-3.5722434491681316e-07,0.004567682173440103,0.0022841983110649684
0.9500000000000001,0.9,0.9500000000000001,0.05,10,0.12140350682712733,-4.119969245613422e-07,0.004856140273085094,0.002428482133467108
0.9500000000000001,0.9,0.9500000000000001,0.05,11,0.11456561837288015,1.3328493144246093e-07,0.004582624734915206,0.0022914456523890456
0.9500000000000001,0.9,0.9500000000000001,0.05,12,0.09800182475892369,5.725260735390137e-08,0.003920072990356948,0.0019600937477858276
0.9500000000000001,0.9,0.9500000000000001,0.05,13,0.13055030191406924,7.302627981512627e-07,0.00522201207656277,0.0026117363010795362
0.9500000000000001,0.9,0.9500000000000001,0.05,14,0.08549031912420785,-6.557770034470566e-07,0.0034196127649683138,0.001710462159487604
0.9500000000000001,0.9,0.9500000000000001,0.05,15,0.06898972268341841,-7.635065518730785e-09,0.0027595889073367364,0.001379802088733887
0.9500000000000001,0.9,0.9500000000000001,0.1,1,0.11150899159439943,1.3793336712531184e-06,0.0044603596637759774,0.002231559165559242
0.9500000000000001,0.9,0.9500000000000001,0.1,2,0.16174641639697476,-1.2527039398201251e-06,0.00646985665587899,0.0032361810318793155
0.9500000000000001,0.9,0.9500000000000001,0.1,3,0.1161063000522507,-7.283085325367829e-08,0.004644252002090028,0.002322198831898268
0.9500000000000001,0.9,0.9500000000000001,0.1,4,0.1448790033371622,9.39445455780917e-09,0.005795160133486488,0.002897589461197802
0.9500000000000001,0.9,0.9500000000000001,0.1,5,0.17230727228665296,7.220455946248207e-07,0.0068922908914661185,0.003446867491327684
0.9500000000000001,0.9,0.9500000000000001,0.1,6,0.11207077667105074,-1.2106144178871704e-06,0.00448283106684203,0.002242626147838902
0.9500000000000001,0.9,0.9500000000000001,0.1,7,0.09864493494884322,3.983534481599054e-07,0.003945797397953729,0.0019732970524250245
0.9500000000000001,0.9,0.9500000000000001,0.1,8,0.11687924821208823,-1.7169895003118422e-06,0.0046751699284835295,0.0023393019537420764
0.9500000000000001,0.9,0.9500000000000001,0.1,9,0.12034166713787188,-4.26594470590957e-07,0.004813666685514875,0.0024072599372280284
0.9500000000000001,0.9,0.9500000000000001,0.1,10,0.17414330623148017,-3.909403849810546e-07,0.006965732249259207,0.0034832570650145844
0.9500000000000001,0.9,0.9500000000000001,0.1,11,0.15039795069353173,3.4843441315698075e-07,0.00601591802774127,0.003008307448283792
0.9500000000000001,0.9,0.9500000000000001,0.1,12,0.11616058677582851,3.564394390675129e-08,0.004646423471033141,0.002323247379460477
0.9500000000000001,0.9,0.9500000000000001,0.1,13,0.16171143703654134,1.2595639492161859e-06,0.006468457481461654,0.0032354883046800433
0.9500000000000001,0.9,0.9500000000000001,0.1,14,0.11151288423408509,-1.3958702374746611e-06,0.0044605153693634035,0.0022316535549191763
0.9500000000000001,0.9,0.9500000000000001,0.1,15,0.06972080235378157,4.872665321711749e-08,0.002788832094151263,0.0013944647737288486
0.9500000000000001,0.9,0.9500000000000001,0.2,1,0.06158393469927169,2.0342776316814397e-06,0.0024633573879708675,0.0012337129716171152
0.9500000000000001,0.9,0.9500000000000001,0.2,2,0.09850639187887783,-2.117857472585063e-06,0.003940255675155113,0.0019722456950501416
0.9500000000000001,0.9,0.9500000000000001,0.2,3,0.07427629006910758,5.027228272865946e-08,0.002971051602764303,0.0014855760736648801
0.9500000000000001,0.9,0.9500000000000001,0.2,4,0.10199486096846973,-1.3756491692193222e-08,0.0040797944387387895,0.002039910975861087
0.9500000000000001,0.9,0.9500000000000001,0.2,5,0.11550032451675418,1.8083017339075064e-06,0.004620012980670167,0.0023118147920689913
0.9500000000000001,0.9,0.9500000000000001,0.2,6,0.07592910397786616,-2.033576219280243e-06,0.0030371641591146466,0.0015206156557766035
0.9500000000000001,0.9,0.9500000000000001,0.2,7,0.07212056025400472,-7.158960358677187e-08,0.002884822410160189,0.0014424827946836812
0.9500000000000001,0.9,0.9500000000000001,0.2,8,0.09008764279573292,4.3874381214009314e-07,0.0036035057118293167,0.0018021915997267985
0.9500000000000001,0.9,0.9500000000000001,0.2,9,0.09227042620073837,5.220404450554869e-07,0.003690817048029535,0.001845930564459823
0.9500000000000001,0.9,0.9500000000000001,0.2,10,0.12172836248593241,-1.7850892626813095e-06,0.004869134499437297,0.0024363523389813297
0.9500000000000001,0.9,0.9500000000000001,0.2,11,0.11081322792011525,1.7363648773601088e-07,0.00443252911680461,0.002216438194890041
0.9500000000000001,0.9,0.9500000000000001,0.2,12,0.07542798231748499,1.0567110562811411e-07,0.0030171192926993994,0.0015086653174553278
0.9500000000000001,0.9,0.9500000000000001,0.2,13,0.09858963637049717,2.1032471268069773e-06,0.003943585454819887,0.0019738959745367506
0.9500000000000001,0.9,0.9500000000000001,0.2,14,0.06968774771023595,-2.0643353574367964e-06,0.002787509908409438,0.001395819289562156
0.9500000000000001,0.9,0.9500000000000001,0.2,15,0.055625722702321995,-3.1014888045767315e-08,0.00222502890809288,0.0011125454689344858
0.9500000000000001,0.9,1.0,0.05,1,0.08543579490800411,8.258927413240551e-07,0.0034174317963201646,0.0017095417909014064
0.9500000000000001,0.9,1.0,0.05,2,0.13031438217934938,-9.132397872942868e-07,0.005212575287173975,0.0026072008833742818
0.9500000000000001,0.9,1.0,0.05,3,0.09792795622880598,-6.834892633095745e-09,0.0039171182491522395,0.001958565959468753
0.9500000000000001,0.9,1.0,0.05,4,0.12638587631279477,-2.1682545371898114e-08,0.0050554350525117905,0.0025277392088012673
0.9500000000000001,0.9,1.0,0.05,5,0.12743160526096178,7.409684849749118e-07,0.005097264210438471,0.0025493730737042104
0.9500000000000001,0.9,1.0,0.05,6,0.09224676012991602,-3.227749141769087e-07,0.003689870405196641,0.0018452579775124975
0.9500000000000001,0.9,1.0,0.05,7,0.09143951988353657,-2.5674317307015405e-07,0.003657580795341463,0.0018290471408438016
0.9500000000000001,0.9,1.0,0.05,8,0.10983707191781784,4.842196599826986e-07,0.0043934828767127135,0.0021972256580163395
0.9500000000000001,0.9,1.0,0.05,9,0.11410260744788889,-1.3333659632452314e-07,0.004564104297915555,0.002282185485554102
0.9500000000000001,0.9,1.0,0.05,10,0.12119590861780054,-5.69684909933958e-07,0.004847836344712021,0.0024244878572659448
0.9500000000000001,0.9,1.0,0.05,11,0.11458061853749998,1.6846188547289158e-07,0.0045832247415,0.002291780832635473
0.9500000000000001,0.9,1.0,0.05,12,0.09794569484954603,3.450365740475668e-08,0.003917827793981842,0.0019589484006483256
0.9500000000000001,0.9,1.0,0.05,13,0.13045612900771578,9.265773677159465e-07,0.005218245160308631,0.002610049157522031
0.9500000000000001,0.9,1.0,0.05,14,0.0854463981657239,-8.320520781849599e-07,0.003417855926628956,0.001709760015392663
0.9500000000000001,0.9,1.0,0.05,15,0.06893146930943998,-1.656385400071229e-08,0.0027572587723775992,0.0013786459500428002
0.9500000000000001,0.9,1.0,0.1,1,0.11133327031579403,1.7449667238910176e-06,0.0044533308126317615,0.002228410373039772
0.9500000000000001,0.9,1.0,0.1,2,0.16146227494858237,-1.5700462079019933e-06,0.006458490997943295,0.0032308155451795492
0.9500000000000001,0.9,1.0,0.1,3,0.11589401832665647,-7.50899158314148e-08,0.004635760733066259,0.0023179554564489607
0.9500000000000001,0.9,1.0,0.1,4,0.14461865914056965,1.1205033570210656e-08,0.005784746365622786,0.002892384387844963
0.9500000000000001,0.9,1.0,0.1,5,0.17201539916617464,1.0461988359277742e-06,0.006880615966646986,0.003441354182159421
0.9500000000000001,0.9,1.0,0.1,6,0.1118920449362589,-1.573931739987905e-06,0.004475681797450356,0.002239414830465166
0.9500000000000001,0.9,1.0,0.1,7,0.09844372245711505,4.279520631083239e-07,0.0039377488982846025,0.0019693024012054096
0.9500000000000001,0.9,1.0,0.1,8,0.11665005473685966,-1.5484665715830514e-06,0.0046660021894743865,0.0023345495613087764
0.9500000000000001,0.9,1.0,0.1,9,0.12010143175980537,-2.053076989395452e-09,0.004804057270392215,0.002402030688273097
0.9500000000000001,0.9,1.0,0.1,10,0.1738363780997426,-7.887786590042925e-07,0.006953455123989704,0.003477516340653856
0.9500000000000001,0.9,1.0,0.1,11,0.15012162419306296,2.9393837074585816e-07,0.006004864967722519,0.0030027264222320053
0.9500000000000001,0.9,1.0,0.1,12,0.1159487717579419,4.308002054155687e-08,0.004637950870317676,0.0023190185151793796
0.9500000000000001,0.9,1.0,0.1,13,0.1614537852000734,1.6008357963993462e-06,0.006458151408002936,0.003230676539797867
0.9500000000000001,0.9,1.0,0.1,14,0.11133774635655261,-1.7662583927425288e-06,0.004453509854262104,0.0022285211855237945
0.9500000000000001,0.9,1.0,0.1,15,0.06955403318549602,2.9767333864021776e-08,0.002782161327419841,0.0013911104310437845
0.9500000000000001,0.9,1.0,0.2,1,0.06152749437441835,2.5635464582436447e-06,0.0024610997749767343,0.0012331134339466107
0.9500000000000001,0.9,1.0,0.2,2,0.0984061370798175,-2.588917223056665e-06,0.0039362454831927,0.0019707116588194066
0.9500000000000001,0.9,1.0,0.2,3,0.07417887510958342,9.804555734958462e-08,0.0029671550043833365,0.0014836755477490179
0.9500000000000001,0.9,1.0,0.2,4,0.10183043033355066,-4.2921176070112935e-08,0.004073217213342027,0.0020366515278470833
0.9500000000000001,0.9,1.0,0.2,5,0.1153356195302697,2.335101317388409e-06,0.004613424781210788,0.0023090474919227827
0.9500000000000001,0.9,1.0,0.2,6,0.0758008525470409,-2.54223613247891e-06,0.0030320341018816362,0.001518559287073297
0.9500000000000001,0.9,1.0,0.2,7,0.07197913027783792,-1.0800799871699737e-07,0.002879165211113517,0.0014396906135554755
0.9500000000000001,0.9,1.0,0.2,8,0.08989379085884494,2.624357526951899e-07,0.0035957516343537977,0.001798138252929594
0.9500000000000001,0.9,1.0,0.2,9,0.09206801684229211,1.0369864470080028e-06,0.0036827206736916845,0.0018423973232928503
0.9500000000000001,0.9,1.0,0.2,10,0.12151907713488738,-2.2521941402997613e-06,0.004860763085395495,0.002432633736838047
0.9500000000000001,0.9,1.0,0.2,11,0.11061701980210631,1.8614531114506238e-07,0.004424680792084253,0.0022125265413532715
0.9500000000000001,0.9,1.0,0.2,12,0.07531766584944269,6.491396258555011e-08,0.0030127066339777075,0.0015064182309514392
0.9500000000000001,0.9,1.0,0.2,13,0.09847305092742614,2.603316322607839e-06,0.003938922037097046,0.0019720643348711308
0.9500000000000001,0.9,1.0,0.2,14,0.06957866050772,-2.5827735772680015e-06,0.0027831464203088,0.0013941559837316682
0.9500000000000001,0.9,1.0,0.2,15,0.05558603056648459,-7.584369815622516e-09,0.0022234412226593836,0.0011117281956995074
0.9500000000000001,0.9,1.05,0.05,1,0.08539640814668924,5.866217472129973e-07,0.0034158563258675696,0.0017085147846809979
0.9500000000000001,0.9,1.05,0.05,2,0.13022357407573038,-6.916334092263694e-07,0.005208942963029215,0.0026051631149238337
0.9500000000000001,0.9,1.05,0.05,3,0.09787424084650287,-1.531200465028457e-08,0.0039149696338601145,0.0019575001289347076
0.9500000000000001,0.9,1.05,0.05,4,0.12631661710811992,-2.0980527996460226e-08,0.005052664684324797,0.0025263533226903946
0.9500000000000001,0.9,1.05,0.05,5,0.1273891516972909,4.82498834621938e-07,0.005095566067891636,0.00254826553278044
0.9500000000000001,0.9,1.05,0.05,6,0.09218621540713198,-5.6023785265275645e-08,0.003687448616285279,0.0018437803319279048
0.9500000000000001,0.9,1.05,0.05,7,0.0913847085868483,-3.8148895922430104e-07,0.0036553883434739323,0.0018280756606961904
0.9500000000000001,0.9,1.05,0.05,8,0.10976305621462669,5.246912553806104e-07,0.0043905222485850675,0.0021957858155479144
0.9500000000000001,0.9,1.05,0.05,9,0.11402200851849716,-4.285295900506494e-07,0.004560880340739887,0.0022808686999599937
0.9500000000000001,0.9,1.05,0.05,10,0.12099721488656011,-2.998228097201704e-07,0.004839888595462405,0.0024202441205409225
0.9500000000000001,0.9,1.05,0.05,11,0.11460433105180423,1.833776553654843e-07,0.004584173242072169,0.0022922699986914503
0.9500000000000001,0.9,1.05,0.05,12,0.09789544685327545,3.5525883569284804e-08,0.003915817874131018,0.001957944462949078
0.9500000000000001,0.9,1.05,0.05,13,0.1303692257279978,7.209461826538292e-07,0.005214769029119912,0.00260810546074261
0.9500000000000001,0.9,1.05,0.05,14,0.08540695833876574,-5.915848213181442e-07,0.00341627833355063,0.0017087307515966331
0.9500000000000001,0.9,1.05,0.05,15,0.06887885745543473,-2.545470275047629e-08,0.0027551542982173893,0.0013776026038114452
0.9500000000000001,0.9,1.05,0.1,1,0.11117426164167762,1.2447356378427865e-06,0.004446970465667105,0.0022247299684713955
0.9500000000000001,0.9,1.05,0.1,2,0.16120258810963908,-1.0515949063531164e-06,0.006448103524385564,0.003225103357099135
0.9500000000000001,0.9,1.05,0.1,3,0.11570204600152358,-1.269821254535193e-07,0.004628081840060943,0.002314167902155925
0.9500000000000001,0.9,1.05,0.1,4,0.14438224253379606,5.717761638099729e-08,0.005775289701351842,0.0028877020282923023
0.9500000000000001,0.9,1.05,0.1,5,0.17175208144990736,5.083619502877781e-07,0.006870083257996294,0.003435549990948435
0.9500000000000001,0.9,1.05,0.1,6,0.11173020310949044,-1.0657445420026536e-06,0.004469208124379618,0.0022356698067318116
0.9500000000000001,0.9,1.05,0.1,7,0.0982616950867869,4.5734056225429985e-07,0.003930467803471476,0.0019656912422979923
0.9500000000000001,0.9,1.05,0.1,8,0.11644244503437626,-1.3825426739512891e-06,0.00465769780137505,0.0023302314433614763
0.9500000000000001,0.9,1.05,0.1,9,0.11988206221030744,-5.264634257126687e-07,0.004795282488412297,0.002398167707631861
0.9500000000000001,0.9,1.05,0.1,10,0.17355874643977692,-3.185293511755161e-07,0.006942349857591077,0.0034714934581467137
0.9500000000000001,0.9,1.05,0.1,11,0.1498725460345669,1.9521961609698978e-07,0.005994901841382676,0.002997646140307435
0.9500000000000001,0.9,1.05,0.1,12,0.11575710126397487,1.0081395156493736e-07,0.004630284050558995,0.002315242839231062
0.9500000000000001,0.9,1.05,0.1,13,0.16122096661153668,1.1044778416123834e-06,0.006448838664461467,0.0032255238100723457
0.9500000000000001,0.9,1.05,0.1,14,0.1111795730437452,-1.2598733320148153e-06,0.0044471829217498085,0.002224851334206919
0.9500000000000001,0.9,1.05,0.1,15,0.06940185516520446,1.1190899445925486e-08,0.0027760742066081784,0.001388048294203535
0.9500000000000001,0.9,1.05,0.2,1,0.061475485013604156,1.8197281251325623e-06,0.002459019400544166,0.0012313294283972157
0.9500000000000001,0.9,1.05,0.2,2,0.09831382792147524,-1.8664467924413609e-06,0.0039325531168590095,0.001968143005221946
0.9500000000000001,0.9,1.05,0.2,3,0.07408958703904048,8.226469216043256e-08,0.0029635834815616192,0.00148187400547297
0.9500000000000001,0.9,1.05,0.2,4,0.10168050528029049,-2.3859040330063714e-08,0.004067220211211619,0.00203363396464614
0.9500000000000001,0.9,1.05,0.2,5,0.11518438314014953,1.6751921529958803e-06,0.004607375325605982,0.0023053628549559867
0.9500000000000001,0.9,1.05,0.2,6,0.0756806617447406,-1.8050214204663872e-06,0.003027226469789624,0.0015154182563152784
0.9500000000000001,0.9,1.05,0.2,7,0.07185028176677569,-1.3845545196137382e-07,0.0028740112706710274,0.001437144090787475
0.9500000000000001,0.9,1.05,0.2,8,0.08971744232425113,6.842530009810413e-08,0.0035886976929700456,0.0017944172717851209
0.9500000000000001,0.9,1.05,0.2,9,0.09188224182921212,3.2415855598560744e-07,0.003675289673168485,0.001837968995140228
0.9500000000000001,0.9,1.05,0.2,10,0.12132428232565474,-1.538463138024877e-06,0.00485297129302619,0.00242802410965112
0.9500000000000001,0.9,1.05,0.2,11,0.11043548639020118,1.5241691851913906e-07,0.0044174194556080475,0.0022088621447225428
0.9500000000000001,0.9,1.05,0.2,12,0.07521695682994438,8.987740544854023e-08,0.003008678273197775,0.0015044290140043362
0.9500000000000001,0.9,1.05,0.2,13,0.09836460840540297,1.9083414627106283e-06,0.003934584336216119,0.00196920050957077
0.9500000000000001,0.9,1.05,0.2,14,0.06946966352382893,-1.8499991165762414e-06,0.002778786540953157,0.0013912432695931548
0.9500000000000001,0.9,1.05,0.2,15,0.05555899373665964,1.6726655629810085e-08,0.0022223597494663854,0.0011111966013888225
0.9500000000000001,0.9,1.1,0.05,1,0.08536057031536297,-7.944902976123307e-09,0.003414422812614519,0.0017072193512102356
0.9500000000000001,0.9,1.1,0.05,2,0.13013916684677418,-1.2784309347785132e-07,0.005205566673870967,0.002602911180028961
0.9500000000000001,0.9,1.1,0.05,3,0.0978254304999211,-4.452659075154211e-08,0.003913017219996844,0.0019565531365891738
0.9500000000000001,0.9,1.1,0.05,4,0.12625323582227915,-2.9370187102132315e-09,0.005050129432891166,0.0025250676534642933
0.9500000000000001,0.9,1.1,0.05,5,0.1273535260750936,-1.4033686367536367e-07,0.005094141043003744,0.0025472108583655473
0.9500000000000001,0.9,1.1,0.05,6,0.0921308904513718,6.155817626093794e-07,0.003685235618054872,0.0018432333907900454
0.9500000000000001,0.9,1.1,0.05,7,0.09133579597675467,-5.047729618744051e-07,0.003653431839070187,0.0018272206924969678
0.9500000000000001,0.9,1.1,0.05,8,0.10969506384943503,5.623732705072081e-07,0.004387802553977401,0.002194463650259208
0.9500000000000001,0.9,1.1,0.05,9,0.11394906374933193,-1.1707241309627026e-06,0.0045579625499732775,0.0022801519991176014
0.9500000000000001,0.9,1.1,0.05,10,0.1208062189245736,3.3814008132751483e-07,0.004832248756982944,0.0024164625185727996
0.9500000000000001,0.9,1.1,0.05,11,0.11463557853805886,1.8087188150586438e-07,0.0045854231415223545,0.0022928924426426833
0.9500000000000001,0.9,1.1,0.05,12,0.09785046261073264,5.699905882690598e-08,0.003914018504429306,0.00195706625127348
0.9500000000000001,0.9,1.1,0.05,13,0.13028861059321517,1.6931353722745978e-07,0.005211544423728607,0.002605941525401531
0.9500000000000001,0.9,1.1,0.05,14,0.08537132210987167,7.593770450222358e-09,0.0034148528843948667,0.0017074340359678835
0.9500000000000001,0.9,1.1,0.05,15,0.06883111605539818,-3.4312755897956815e-08,0.0027532446422159273,0.0013766566338638615
0.9500000000000001,0.9,1.1,0.1,1,0.11102964520881424,-2.0567383846113296e-10,0.00444118580835257,0.0022205931098501237
0.9500000000000001,0.9,1.1,0.1,2,0.16096530228213746,1.8577084431306898e-07,0.006438612091285498,0.003219491816487062
0.9500000000000001,0.9,1.1,0.1,3,0.11552768737306257,-2.2154536486795396e-07,0.004621107494922503,0.0023107752928261194
0.9500000000000001,0.9,1.1,0.1,4,0.144171324674114,1.4110140543504473e-07,0.005766852986964561,0.0028835675948877156
0.9500000000000001,0.9,1.1,0.1,5,0.17151350716536753,-7.709850087379941e-07,0.006860540286614702,0.0034310411283160888
0.9500000000000001,0.9,1.1,0.1,6,0.11158295990721809,1.9202341233652347e-07,0.004463318396288724,0.0022318512215566987
0.9500000000000001,0.9,1.1,0.1,7,0.09809621602688595,4.865533089658464e-07,0.003923848641075438,0.001962410873846685
0.9500000000000001,0.9,1.1,0.1,8,0.11625350729231701,-1.21886871042685e-06,0.00465014029169268,0.002326289014556767
0.9500000000000001,0.9,1.1,0.1,9,0.11968077920795456,-1.8672690490097025e-06,0.004787231168318183,0.002395482853208101
0.9500000000000001,0.9,1.1,0.1,10,0.1733064210146506,8.984905926944702e-07,0.006932256840586024,0.0034670269108857065
0.9500000000000001,0.9,1.1,0.1,11,0.14964705578380028,5.849761284442215e-08,0.005985882231352011,0.00299299961328885
0.9500000000000001,0.9,1.1,0.1,12,0.11558282077429186,2.0179264648323327e-07,0.004623312830971674,0.0023118582081323204
0.9500000000000001,0.9,1.1,0.1,13,0.16100960634104816,-1.1237862202772056e-07,0.006440384253641926,0.003220304505442991
0.9500000000000001,0.9,1.1,0.1,14,0.11103602376355895,6.335110740168662e-10,0.004441440950542358,0.002220721108782253
0.9500000000000001,0.9,1.1,0.1,15,0.06926234026767004,-7.055212067720556e-09,0.0027704936107068017,0.0013852538605654686
0.9500000000000001,0.9,1.1,0.2,1,0.06142747834394126,-1.731630199240368e-08,0.0024570991337576503,0.0012285668831808175
0.9500000000000001,0.9,1.1,0.2,2,0.09822844581341872,-1.1909117413458402e-07,0.003929137832536749,0.001964688007442509
0.9500000000000001,0.9,1.1,0.2,3,0.07400737284469756,1.1955783297136046e-08,0.0029602949137879026,0.0014801594126772485
0.9500000000000001,0.9,1.1,0.2,4,0.10154336262438671,3.6515925921231816e-08,0.0040617345049754686,0.0020309037684136553
0.9500000000000001,0.9,1.1,0.2,5,0.11504516801177381,-3.702562114245517e-09,0.004601806720470953,0.0023009070627975905
0.9500000000000001,0.9,1.1,0.2,6,0.07557679497617635,1.931481156254805e-09,0.0030230717990470542,0.0015115378310046833
0.9500000000000001,0.9,1.1,0.2,7,0.07173254478362023,-1.6374309954373626e-07,0.0028693017913448094,0.0014348146387719485
0.9500000000000001,0.9,1.1,0.2,8,0.08955653660267981,-1.408658910415485e-07,0.0035822614641071926,0.001791271597944638
0.9500000000000001,0.9,1.1,0.2,9,0.09171102081429262,-1.442781670477739e-06,0.003668440832571705,0.0018356631979563301
0.9500000000000001,0.9,1.1,0.2,10,0.1211464723762492,1.891823303282116e-07,0.004845858895049968,0.002423118629855312
0.9500000000000001,0.9,1.1,0.2,11,0.11026846820559796,7.909254066626199e-08,0.004410738728223919,0.0022054484566526255
0.9500000000000001,0.9,1.1,0.2,12,0.07512466226077817,1.7123765894448088e-07,0.003004986490431127,0.001502664482874508
0.9500000000000001,0.9,1.1,0.2,13,0.09826366532231597,1.8717428250838427e-07,0.003930546612892639,0.001965460480728828
0.9500000000000001,0.9,1.1,0.2,14,0.06936327861758337,-4.288755365861396e-08,0.002774531144703335,0.0013873084599053261
0.9500000000000001,0.9,1.1,0.2,15,0.05554295555489947,4.1797295862333114e-08,0.0022217182221959788,0.0011109009083938516
0.9500000000000001,0.9500000000000001,0.9,0.05,1,0.07935033944964892,3.539253510770557e-07,0.003174013577985957,0.0015873607143440556
0.9500000000000001,0.9500000000000001,0.9,0.05,2,0.12127425415276462,-2.1671397691801518e-06,0.004850970166110585,0.0024276522228244726
0.9500000000000001,0.9500000000000001,0.9,0.05,3,0.08984491454740864,-5.662499617330616e-05,0.003593796581896346,0.001853523287121479
0.9500000000000001,0.9500000000000001,0.9,0.05,4,0.11656444661004231,0.00021921659033282033,0.004662577864401693,0.0025505055225336667
0.9500000000000001,0.9500000000000001,0.9,0.05,5,0.11899363563981244,7.961557988973267e-05,0.004759745425592498,0.0024594882926859815
0.9500000000000001,0.9500000000000001,0.9,0.05,6,0.08409969783324375,-2.88267642695762e-05,0.00336398791332975,0.0017108207209344513
0.9500000000000001,0.9500000000000001,0.9,0.05,7,0.08250152468699135,-5.404012794194918e-05,0.003300060987479654,0.0017040706216817762
0.9500000000000001,0.9500000000000001,0.9,0.05,8,0.09947461034351364,0.00011534745986394965,0.003978984413740546,0.0021048396667342224
0.9500000000000001,0.9500000000000001,0.9,0.05,9,0.10308344031433886,0.00016854319188499515,0.004123337612573555,0.0022302119981717724
0.9500000000000001,0.9500000000000001,0.9,0.05,10,0.11412680699029754,-8.335732240469338e-05,0.004565072279611901,0.002365893462210644
0.9500000000000001,0.9500000000000001,0.9,0.05,11,0.10765094699703587,-0.00022643323421944956,0.004306037879881435,0.002379452174160167
0.9500000000000001,0.9500000000000001,0.9,0.05,12,0.08986876332661978,5.706654844420136e-05,0.003594750533064791,0.001854441814976597
0.9500000000000001,0.9500000000000001,0.9,0.05,13,0.1213759018156149,3.5178234218899434e-06,0.0048550360726245965,0.002431035859734188
0.9500000000000001,0.9500000000000001,0.9,0.05,14,0.07936294114199303,-4.53817728759452e-07,0.0031745176456797215,0.00158771264056862
0.9500000000000001,0.9500000000000001,0.9,0.05,15,0.06125589243181148,-1.3465485617402403e-06,0.002450235697272459,0.0012264643971979699
0.9500000000000001,0.9500000000000001,0.9,0.1,1,0.09115264206555904,8.669759335753883e-06,0.0036461056826223616,0.0018317226006469346
0.9500000000000001,0.9500000000000001,0.9,0.1,2,0.13181976378339372,4.5809104682874126e-05,0.005272790551335749,0.002682204380350749
0.9500000000000001,0.9500000000000001,0.9,0.1,3,0.09421869385628114,-6.823490634019217e-05,0.0037687477542512455,0.001952608783465815
0.9500000000000001,0.9500000000000001,0.9,0.1,4,0.12089918079178708,0.00027306161477542274,0.004835967231671483,0.0026910452306111643
0.9500000000000001,0.9500000000000001,0.9,0.1,5,0.14221221574222578,6.334356322303686e-05,0.005688488629689031,0.0029075878780675524
0.9500000000000001,0.9500000000000001,0.9,0.1,6,0.09546012613906665,1.6151417675835516e-05,0.003818405045562666,0.0019253539404571686
0.9500000000000001,0.9500000000000001,0.9,0.1,7,0.08047871729206574,-6.840160135049197e-05,0.0032191486916826294,0.0016779759471918067
0.9500000000000001,0.9500000000000001,0.9,0.1,8,0.098643361951099,0.0001248140893743788,0.0039457344780439605,0.0020976813283963593
0.9500000000000001,0.9500000000000001,0.9,0.1,9,0.10442163628274756,-8.669351003167753e-05,0.004176865451309903,0.002175126235686629
0.9500000000000001,0.9500000000000001,0.9,0.1,10,0.1451034864683936,-6.729177420398413e-05,0.0058041394587357445,0.0029693615035718563
0.9500000000000001,0.9500000000000001,0.9,0.1,11,0.12600398038923744,-0.00025181819463542286,0.005040159215569498,0.0027718978024201717
0.9500000000000001,0.9500000000000001,0.9,0.1,12,0.09659921004239626,6.269484850263512e-05,0.0038639684016958504,0.00199467904935056
0.9500000000000001,0.9500000000000001,0.9,0.1,13,0.13189126061590367,-5.138672493016024e-05,0.005275650424636147,0.002689211937248234
0.9500000000000001,0.9500000000000001,0.9,0.1,14,0.0956467753579649,-4.361146160278211e-06,0.003825871014318596,0.0019172966533195761
0.9500000000000001,0.9500000000000001,0.9,0.1,15,0.058465535100623994,-2.2749924187090035e-06,0.0023386214040249597,0.001171585694431189
0.9500000000000001,0.9500000000000001,0.9,0.2,1,0.06247476462666856,1.774309829062496e-05,0.0024989905850667424,0.0012672383908239962
0.9500000000000001,0.9500000000000001,0.9,0.2,2,0.10043420939875236,-2.6015799956241013e-05,0.004017368375950094,0.002034699987931288
0.9500000000000001,0.9500000000000001,0.9,0.2,3,0.07445315639492829,-3.999693700335139e-05,0.0029781262557971315,0.0015290600649019172
0.9500000000000001,0.9500000000000001,0.9,0.2,4,0.10209355025715573,0.00013675151320412395,0.00408374201028623,0.0021786225183472387
0.9500000000000001,0.9500000000000001,0.9,0.2,5,0.11559384734722178,9.619456416171037e-05,0.004623753893888871,0.002408071511106146
0.9500000000000001,0.9500000000000001,0.9,0.2,6,0.07488478272835697,-2.152940474056933e-05,0.002995391309134279,0.0015192250593077088
0.9500000000000001,0.9500000000000001,0.9,0.2,7,0.07074325330729218,-5.680770952702184e-05,0.0028297301322916875,0.0014716727756728656
0.9500000000000001,0.9500000000000001,0.9,0.2,8,0.08880630267244656,0.0001458832877326734,0.0035522521068978626,0.0019220093411816048
0.9500000000000001,0.9500000000000001,0.9,0.2,9,0.09108244780918902,-4.128188685350631e-05,0.0036432979123675606,0.0018629308430372865
0.9500000000000001,0.9500000000000001,0.9,0.2,10,0.12106477860968459,-0.00012292732010218667,0.004842591144387383,0.0025442228922958783
0.9500000000000001,0.9500000000000001,0.9,0.2,11,0.11054695036524484,-0.0001235585970123845,0.004421878014609794,0.0023344976043172816
0.9500000000000001,0.9500000000000001,0.9,0.2,12,0.07691891975467344,2.9255108002083842e-05,0.0030767567901869375,0.0015676335030955525
0.9500000000000001,0.9500000000000001,0.9,0.2,13,0.1007076486025889,2.657525344417016e-05,0.004028305944103556,0.002040728225495948
0.9500000000000001,0.9500000000000001,0.9,0.2,14,0.06931233371739011,-2.5639269183852857e-05,0.0027724933486956045,0.001411885943531655
0.9500000000000001,0.9500000000000001,0.9,0.2,15,0.054761471144121415,-3.784841531833392e-06,0.0021904588457648567,0.0010990142644142617
0.9500000000000001,0.9500000000000001,0.9500000000000001,0.05,1,0.07928870919367312,9.71260057665887e-07,0.0031715483677469247,0.0015867454439311283
0.9500000000000001,0.9500000000000001,0.9500000000000001,0.05,2,0.12115017449991801,-2.0840927453862787e-06,0.004846006979996721,0.0024250875827437467
0.9500000000000001,0.9500000000000001,0.9500000000000001,0.05,3,0.0897622088840922,-5.679456808298514e-05,0.003590488355363688,0.001852038745764829
0.9500000000000001,0.9500000000000001,0.9500000000000001,0.05,4,0.11645650811186363,0.00021863506655579875,0.004658260324474545,0.0025477652287930713
0.9500000000000001,0.9500000000000001,0.9500000000000001,0.05,5,0.11893661899724467,7.964552314253834e-05,0.004757464759889787,0.0024583779030874315
0.9500000000000001,0.9500000000000001,0.9500000000000001,0.05,6,0.08400972214156037,-2.890652706415626e-05,0.0033603888856624147,0.0017091009698953635
0.9500000000000001,0.9500000000000001,0.9500000000000001,0.05,7,0.08241939573961611,-5.1506867863914215e-05,0.0032967758295846445,0.0016998947826562364
0.9500000000000001,0.9500000000000001,0.9500000000000001,0.05,8,0.09936242573352073,0.00011393840103574235,0.00397449702934083,0.0021011869157061573
0.9500000000000001,0.9500000000000001,0.9500000000000001,0.05,9,0.102965722374068,0.0001669124222315364,0.004118628894962719,0.0022262268697128963
0.9500000000000001,0.9500000000000001,0.9500000000000001,0.05,10,0.11393545117086419,-8.327689026006702e-05,0.004557418046834568,0.0023619859136773513
0.9500000000000001,0.9500000000000001,0.9500000000000001,0.05,11,0.10760583104673746,-0.00022725155928534198,0.004304233241869499,0.002379368180220091
0.9500000000000001,0.9500000000000001,0.9500000000000001,0.05,12,0.08978987510785869,5.6003473836535735e-05,0.0035915950043143474,0.0018518009759937095
0.9500000000000001,0.9500000000000001,0.9500000000000001,0.05,13,0.12125832426996784,3.454411636657653e-06,0.004850332970798714,0.0024286208970360143
0.9500000000000001,0.9500000000000001,0.9500000000000001,0.05,14,0.07930032183349375,-1.0531481896228025e-06,0.00317201287333975,0.001587059584859498
0.9500000000000001,0.9500000000000001,0.9500000000000001,0.05,15,0.06118337827511901,-1.409057020742873e-06,0.0024473351310047606,0.0012250766225231232
0.9500000000000001,0.9500000000000001,0.9500000000000001,0.1,1,0.09097008157727042,1.0064854924908851e-05,0.003638803263090817,0.0018294664864703172
0.9500000000000001,0.9500000000000001,0.9500000000000001,0.1,2,0.13154933835998597,4.51597727172477e-05,0.005261973534399439,0.0026761465399169674
0.9500000000000001,0.9500000000000001,0.9500000000000001,0.1,3,0.09401217751477273,-6.752883098203997e-05,0.003760487100590909,0.0019477723812774946
0.9500000000000001,0.9500000000000001,0.9500000000000001,0.1,4,0.1206465765909095,0.0002717843590193717,0.00482586306363638,0.0026847158908375615
0.9500000000000001,0.9500000000000001,0.9500000000000001,0.1,5,0.14191978356967241,6.303978218939136e-05,0.0056767913427868966,0.0029014354535828396
0.9500000000000001,0.9500000000000001,0.9500000000000001,0.1,6,0.09525526802333248,1.4062264415921194e-05,0.0038102107209332992,0.0019191676248825709
0.9500000000000001,0.9500000000000001,0.9500000000000001,0.1,7,0.08030109986046156,-6.859361500933575e-05,0.0032120439944184624,0.001674615612218567
0.9500000000000001,0.9500000000000001,0.9500000000000001,0.1,8,0.09844571912207874,0.00011995122382475629,0.00393782876488315,0.002088865606266331
0.9500000000000001,0.9500000000000001,0.9500000000000001,0.1,9,0.10419826002214946,-8.635940000920495e-05,0.004167930400885978,0.002170324600452194
0.9500000000000001,0.9500000000000001,0.9500000000000001,0.1,10,0.14480495943785643,-6.808702141641233e-05,0.005792198377514257,0.0029641862101735406
0.9500000000000001,0.9500000000000001,0.9500000000000001,0.1,11,0.1257510188994708,-0.00024971310266551215,0.005030040755978832,0.0027647334806549283
0.9500000000000001,0.9500000000000001,0.9500000000000001,0.1,12,0.09639956977572475,6.295980080922514e-05,0.00385598279102899,0.0019909511963237202
0.9500000000000001,0.9500000000000001,0.9500000000000001,0.1,13,0.13165132787330402,-4.9257703993466623e-05,0.005266053114932161,0.0026822842614595468
0.9500000000000001,0.9500000000000001,0.9500000000000001,0.1,14,0.09548533397469239,-5.544395592561516e-06,0.0038194133589876957,0.0019152510750864093
0.9500000000000001,0.9500000000000001,0.9500000000000001,0.1,15,0.058322352581223424,-2.3357853095914184e-06,0.002332894103248937,0.00116878283693406
0.9500000000000001,0.9500000000000001,0.9500000000000001,0.2,1,0.06239842538235869,1.8878072297624672e-05,0.0024959370152943475,0.0012668465799447984
0.9500000000000001,0.9500000000000001,0.9500000000000001,0.2,2,0.10030915218141145,-2.767205307682528e-05,0.004012366087256458,0.0020338550967050543
0.9500000000000001,0.9500000000000001,0.9500000000000001,0.2,3,0.07433693526986783,-3.995784694669462e-05,0.0029734774107947133,0.0015266965523440513
0.9500000000000001,0.9500000000000001,0.9500000000000001,0.2,4,0.101906651398556,0.00013668037540026813,0.00407626605594224,0.002174813403371388
0.9500000000000001,0.9500000000000001,0.9500000000000001,0.2,5,0.11542244916621225,9.624424584099339e-05,0.0046168979666484904,0.0024046932291652387
0.9500000000000001,0.9500000000000001,0.9500000000000001,0.2,6,0.07476618036715063,-2.1801208289826925e-05,0.0029906472146860254,0.0015171248156328396
0.9500000000000001,0.9500000000000001,0.9500000000000001,0.2,7,0.07058337690357722,-5.572737665046706e-05,0.0028233350761430885,0.0014673949147220114
0.9500000000000001,0.9500000000000001,0.9500000000000001,0.2,8,0.08863663551533371,0.00014324391521502173,0.0035454654206133487,0.001915976625521696
0.9500000000000001,0.9500000000000001,0.9500000000000001,0.2,9,0.09091093966210387,-4.1663211390792834e-05,0.003636437586484155,0.0018598820046328702
0.9500000000000001,0.9500000000000001,0.9500000000000001,0.2,10,0.12086690508928358,-0.00012182004196942187,0.004834676203571343,0.0025391581437550935
0.9500000000000001,0.9500000000000001,0.9500000000000001,0.2,11,0.11033052981680766,-0.00012297639854808888,0.004413221192672306,0.002329586994884242
0.9500000000000001,0.9500000000000001,0.9500000000000001,0.2,12,0.07681091416654356,2.9789605986356698e-05,0.0030724365666617427,0.001566007889317228
0.9500000000000001,0.9500000000000001,0.9500000000000001,0.2,13,0.10055070876661529,2.7301424428092628e-05,0.0040220283506646115,0.002038315599760398
0.9500000000000001,0.9500000000000001,0.9500000000000001,0.2,14,0.06919929843517245,-2.6605452248608487e-05,0.002767971937406898,0.0014105914209520574
0.9500000000000001,0.9500000000000001,0.9500000000000001,0.2,15,0.054713430135917784,-3.979701397184043e-06,0.0021885372054367114,0.0010982483041155398
0.9500000000000001,0.9500000000000001,1.0,0.05,1,0.07923337952855952,1.115943513257905e-06,0.003169335181142381,0.0015857835340844484
0.9500000000000001,0.9500000000000001,1.0,0.05,2,0.12103715913136773,-1.5398508810571682e-06,0.004841486365254709,0.0024222830335084117
0.9500000000000001,0.9500000000000001,1.0,0.05,3,0.08968785692527431,-5.6986753884279194e-05,0.0035875142770109727,0.0018507438923897656
0.9500000000000001,0.9500000000000001,1.0,0.05,4,0.11636168518763237,0.00021807202547771335,0.004654467407505295,0.002545305729230361
0.9500000000000001,0.9500000000000001,1.0,0.05,5,0.11889311442948558,7.91878480388985e-05,0.004755724577179423,0.00245705013662861
0.9500000000000001,0.9500000000000001,1.0,0.05,6,0.08392785327399449,-2.8461308755126566e-05,0.0033571141309597795,0.0017070183742350163
0.9500000000000001,0.9500000000000001,1.0,0.05,7,0.0823464001640146,-4.897188630582291e-05,0.0032938560065605836,0.0016958998895861147
0.9500000000000001,0.9500000000000001,1.0,0.05,8,0.09926261327555229,0.00011252596076675921,0.0039705045310220915,0.002097778226277805
0.9500000000000001,0.9500000000000001,1.0,0.05,9,0.10286034749365079,0.00016469747065021726,0.004114413899746032,0.0022219044205232332
0.9500000000000001,0.9500000000000001,1.0,0.05,10,0.11375739558168886,-8.27029251230838e-05,0.004550295823267554,0.0023578508367568607
0.9500000000000001,0.9500000000000001,1.0,0.05,11,0.10757366203220747,-0.00022808871429124067,0.004302946481288299,0.0023795619549353904
0.9500000000000001,0.9500000000000001,1.0,0.05,12,0.08971940231025943,5.496283581083242e-05,0.003588776092410377,0.001849350882016021
0.9500000000000001,0.9500000000000001,1.0,0.05,13,0.12115180194156544,2.926836436260612e-06,0.0048460720776626175,0.002425962875267569
0.9500000000000001,0.9500000000000001,1.0,0.05,14,0.0792442501661722,-1.1773874306745977e-06,0.003169770006646888,0.0015860623907541186
0.9500000000000001,0.9500000000000001,1.0,0.05,15,0.06111849458654635,-1.471491946450222e-06,0.002444739783461854,0.0012238413836773772
0.9500000000000001,0.9500000000000001,1.0,0.1,1,0.09080897867668168,1.0507700314443575e-05,0.003632359147067267,0.001826687273848077
0.9500000000000001,0.9500000000000001,1.0,0.1,2,0.1313095634018753,4.543555777691239e-05,0.005252382536075012,0.0026716268258144184
0.9500000000000001,0.9500000000000001,1.0,0.1,3,0.09382985419834156,-6.686730003776238e-05,0.0037531941679336623,0.0019434643840045935
0.9500000000000001,0.9500000000000001,1.0,0.1,4,0.12042172609910523,0.00027054516295798794,0.0048168690439642095,0.0026789796849400927
0.9500000000000001,0.9500000000000001,1.0,0.1,5,0.14166194004937332,6.179041636208724e-05,0.005666477601974933,0.0028950292173495536
0.9500000000000001,0.9500000000000001,1.0,0.1,6,0.09507191024753416,1.292777120891378e-05,0.0038028764099013665,0.001914365976159597
0.9500000000000001,0.9500000000000001,1.0,0.1,7,0.08014503131656063,-6.878560506678239e-05,0.003205801252662425,0.0016716862313979949
0.9500000000000001,0.9500000000000001,1.0,0.1,8,0.09827145544778747,0.00011508626917008848,0.0039308582179114985,0.0020805153781258377
0.9500000000000001,0.9500000000000001,1.0,0.1,9,0.10399850105552308,-8.704188172012665e-05,0.004159940042220923,0.002167011902830588
0.9500000000000001,0.9500000000000001,1.0,0.1,10,0.14454176224296253,-6.7932863584402e-05,0.005781670489718501,0.0029587681084436526
0.9500000000000001,0.9500000000000001,1.0,0.1,11,0.12552762018303534,-0.00024764533231375903,0.005021104807321414,0.002758197735974466
0.9500000000000001,0.9500000000000001,1.0,0.1,12,0.09622393961263348,6.326951273219197e-05,0.003848957584505339,0.0019877483049848617
0.9500000000000001,0.9500000000000001,1.0,0.1,13,0.1314424163616269,-4.805527030095897e-05,0.005257696654465076,0.002676903597533497
0.9500000000000001,0.9500000000000001,1.0,0.1,14,0.0953455126656889,-5.769799442835341e-06,0.003813820506627556,0.0019126800527566135
0.9500000000000001,0.9500000000000001,1.0,0.1,15,0.058194556713806744,-2.3963070327253223e-06,0.00232778226855227,0.0011662874413088603
0.9500000000000001,0.9500000000000001,1.0,0.2,1,0.062334197342409636,1.8734810026200162e-05,0.0024933678936963854,0.001265418756874393
0.9500000000000001,0.9500000000000001,1.0,0.2,2,0.10020341517988994,-2.8122922221695527e-05,0.0040081366071955974,0.002032191225819494
0.9500000000000001,0.9500000000000001,1.0,0.2,3,0.07423453999809318,-3.996996493171473e-05,0.002969381599923727,0.0015246607648935783
0.9500000000000001,0.9500000000000001,1.0,0.2,4,0.1017394552821828,0.00013664717047281254,0.004069578211287312,0.0021714362761164688
0.9500000000000001,0.9500000000000001,1.0,0.2,5,0.11526925401074672,9.509960482605445e-05,0.004610770160429869,0.0024004846850409893
0.9500000000000001,0.9500000000000001,1.0,0.2,6,0.07465612186593545,-2.0837587726682924e-05,0.0029862448746374184,0.0015139600250453922
0.9500000000000001,0.9500000000000001,1.0,0.2,7,0.07043622999033491,-5.4641833839539795e-05,0.0028174491996133966,0.001463366433646238
0.9500000000000001,0.9500000000000001,1.0,0.2,8,0.08847953462337609,0.00014058949560255988,0.0035391813849350437,0.0019101801880700817
0.9500000000000001,0.9500000000000001,1.0,0.2,9,0.090752431689808,-4.325979133993947e-05,0.00363009726759232,0.0018583084251360994
0.9500000000000001,0.9500000000000001,1.0,0.2,10,0.12069129980024325,-0.00011952846936990193,0.00482765199200973,0.002533354465374767
0.9500000000000001,0.9500000000000001,1.0,0.2,11,0.11013152547136562,-0.0001224295203013753,0.004405261018854625,0.0023250600297286877
0.9500000000000001,0.9500000000000001,1.0,0.2,12,0.07671831845873345,3.037653607021557e-05,0.003068732738349338,0.0015647429052448845
0.9500000000000001,0.9500000000000001,1.0,0.2,13,0.10041233374431219,2.6822277798337334e-05,0.004016493349772487,0.002035068952684581
0.9500000000000001,0.9500000000000001,1.0,0.2,14,0.06911246164814538,-2.6333733166439655e-05,0.0027644984659258155,0.0014085829661293473
0.9500000000000001,0.9500000000000001,1.0,0.2,15,0.05467447175841941,-4.17393021760008e-06,0.0021869788703367766,0.0010976633653859884
0.9500000000000001,0.9500000000000001,1.05,0.05,1,0.0791834597189576,8.570855129225034e-07,0.003167338388758304,0.0015845262798920745
0.9500000000000001,0.9500000000000001,1.05,0.05,2,0.12093367039078064,-6.018154068678988e-07,0.004837346815631226,0.0024192752232224807
0.9500000000000001,0.9500000000000001,1.05,0.05,3,0.08962067926743095,-5.7198236886930173e-05,0.003584827170697238,0.0018496118222355493
0.9500000000000001,0.9500000000000001,1.05,0.05,4,0.11627811196753864,0.00021752474134770997,0.004651124478701546,0.002543086980698483
0.9500000000000001,0.9500000000000001,1.05,0.05,5,0.11886122682411784,7.831375104369145e-05,0.004754449072964714,0.0024555382875260487
0.9500000000000001,0.9500000000000001,1.05,0.05,6,0.08385295658187528,-2.756775212508185e-05,0.0033541182632750113,0.0017046268837625875
0.9500000000000001,0.9500000000000001,1.05,0.05,7,0.08228130841351168,-4.6435427296486136e-05,0.003291252336540467,0.0016920615955667198
0.9500000000000001,0.9500000000000001,1.05,0.05,8,0.09917341356003952,0.00011111062044289629,0.003966936542401581,0.002094578891643687
0.9500000000000001,0.9500000000000001,1.05,0.05,9,0.10276556083032935,0.0001619835047301467,0.004110622433213174,0.0022172947213367337
0.9500000000000001,0.9500000000000001,1.05,0.05,10,0.11359073213440744,-8.170747166507276e-05,0.004543629285376298,0.0023535221143532216
0.9500000000000001,0.9500000000000001,1.05,0.05,11,0.10755258577701868,-0.0002289419246373417,0.004302103431080747,0.0023799936401777155
0.9500000000000001,0.9500000000000001,1.05,0.05,12,0.08965616598727993,5.3941343181008775e-05,0.0035862466394911974,0.0018470646629266075
0.9500000000000001,0.9500000000000001,1.05,0.05,13,0.12105476515441525,2.002926463391663e-06,0.00484219060617661,0.002423098229551697
0.9500000000000001,0.9500000000000001,1.05,0.05,14,0.07919376270720577,-8.95996535286742e-07,0.003167750508288231,0.0015847712506794022
0.9500000000000001,0.9500000000000001,1.05,0.05,15,0.061060150982456804,-1.533863879882401e-06,0.0024424060392982724,0.0012227368835290185
0.9500000000000001,0.9500000000000001,1.05,0.1,1,0.09066626085326134,1.013818132196309e-05,0.0036266504341304533,0.0018234633983871898
0.9500000000000001,0.9500000000000001,1.05,0.1,2,0.13109602775848544,4.6500626715678165e-05,0.005243841110339418,0.002668421181885387
0.9500000000000001,0.9500000000000001,1.05,0.1,3,0.09366828234529544,-6.624375068835484e-05,0.0037467312938118174,0.0019396093975942636
0.9500000000000001,0.9500000000000001,1.05,0.1,4,0.12022063309808738,0.00026933839648739846,0.004808825323923495,0.002673751058449146
0.9500000000000001,0.9500000000000001,1.05,0.1,5,0.14143374315743454,5.973425076682639e-05,0.0056573497262973815,0.002888409113915517
0.9500000000000001,0.9500000000000001,1.05,0.1,6,0.09490696761930234,1.2607704729180146e-05,0.0037962787047720937,0.001910747057115227
0.9500000000000001,0.9500000000000001,1.05,0.1,7,0.0800073892683704,-6.89775701114092e-05,0.003200295570734816,0.0016691253554788172
0.9500000000000001,0.9500000000000001,1.05,0.1,8,0.09811718164206008,0.00011021951904715619,0.003924687265682404,0.002072563151888358
0.9500000000000001,0.9500000000000001,1.05,0.1,9,0.10381897622427838,-8.859180276170702e-05,0.004152759048971135,0.0021649713272472748
0.9500000000000001,0.9500000000000001,1.05,0.1,10,0.14430878579148035,-6.696863673370755e-05,0.005772351431659214,0.0029531443525633145
0.9500000000000001,0.9500000000000001,1.05,0.1,11,0.12532951078338347,-0.00024560935938310995,0.005013180431335339,0.0027521995750507794
0.9500000000000001,0.9500000000000001,1.05,0.1,12,0.09606885815828865,6.3617390460281e-05,0.0038427543263315463,0.001984994553626054
0.9500000000000001,0.9500000000000001,1.05,0.1,13,0.13126005374300967,-4.764337893435048e-05,0.005250402149720387,0.002672844453794544
0.9500000000000001,0.9500000000000001,1.05,0.1,14,0.0952242199074179,-5.178054613237323e-06,0.0038089687962967163,0.0019096624527615955
0.9500000000000001,0.9500000000000001,1.05,0.1,15,0.05807995183070097,-2.4565966330005085e-06,0.002323198073228039,0.00116405563324702
0.9500000000000001,0.9500000000000001,1.05,0.2,1,0.062280437727109096,1.750266804871684e-05,0.002491217509084364,0.0012631114225908988
0.9500000000000001,0.9500000000000001,1.05,0.2,2,0.10011406589412723,-2.754702240383754e-05,0.00400456263576509,0.0020298283402863824
0.9500000000000001,0.9500000000000001,1.05,0.2,3,0.07414384263091718,-4.00256573628834e-05,0.0029657537052366874,0.0015229025099812272
0.9500000000000001,0.9500000000000001,1.05,0.2,4,0.10158899855588135,0.0001366461817258858,0.004063559942235255,0.0021684261528435132
0.9500000000000001,0.9500000000000001,1.05,0.2,5,0.11513151426616024,9.293767498754925e-05,0.004605260570646409,0.002395567960310754
0.9500000000000001,0.9500000000000001,1.05,0.2,6,0.07455318747480683,-1.882174844664122e-05,0.002982127498992273,0.0015098854979427778
0.9500000000000001,0.9500000000000001,1.05,0.2,7,0.07029990333372123,-5.355182509691956e-05,0.002811996133348849,0.0014595498917713441
0.9500000000000001,0.9500000000000001,1.05,0.2,8,0.08833308231201163,0.00013792218928615924,0.0035333232924804653,0.0019045838355263918
0.9500000000000001,0.9500000000000001,1.05,0.2,9,0.09060482001986059,-4.589131704004611e-05,0.0036241928007944234,0.0018579877174372578
0.9500000000000001,0.9500000000000001,1.05,0.2,10,0.12053438678631989,-0.00011622819596091983,0.004821375471452795,0.0025269159316873174
0.9500000000000001,0.9500000000000001,1.05,0.2,11,0.1099472702290156,-0.00012191262154091125,0.004397890809160624,0.002320858026121223
0.9500000000000001,0.9500000000000001,1.05,0.2,12,0.07663877867926452,3.100808819791342e-05,0.003065551147170581,0.001563783661783204
0.9500000000000001,0.9500000000000001,1.05,0.2,13,0.10028982176870044,2.5316417270239973e-05,0.0040115928707480175,0.002031112852644249
0.9500000000000001,0.9500000000000001,1.05,0.2,14,0.06904789948299848,-2.500767750120365e-05,0.0027619159793199396,0.0014059656671611734
0.9500000000000001,0.9500000000000001,1.05,0.2,15,0.05464318463813183,-4.367618891047932e-06,0.0021857273855252733,0.0010972313116536846
0.9500000000000001,0.9500000000000001,1.1,0.05,1,0.07913835443130365,2.509534936445603e-07,0.0031655341772521464,0.0015830180421197177
0.9500000000000001,0.9500000000000001,1.1,0.05,2,0.12083845155524546,6.751315532797861e-07,0.004833538062209818,0.002417444162658189
0.9500000000000001,0.9500000000000001,1.1,0.05,3,0.08955971271098459,-5.74263185037157e-05,0.0035823885084393836,0.0018486205727234076
0.9500000000000001,0.9500000000000001,1.1,0.05,4,0.11620426360634575,0.00021699099893347665,0.0046481705442538305,0.0025410762710603918
0.9500000000000001,0.9500000000000001,1.1,0.05,5,0.11883940878204276,7.708121591403009e-05,0.00475357635128171,0.0024538693915548853
0.9500000000000001,0.9500000000000001,1.1,0.05,6,0.08378410498505293,-2.6288278024191915e-05,0.003351364199402117,0.0017019703777252505
0.9500000000000001,0.9500000000000001,1.1,0.05,7,0.08222311629599767,-4.389769083322078e-05,0.003288924651839907,0.0016883600167531742
0.9500000000000001,0.9500000000000001,1.1,0.05,8,0.09909338929267192,0.00010969277422007652,0.003963735571706877,0.002091560560073515
0.9500000000000001,0.9500000000000001,1.1,0.05,9,0.10267992871772866,0.00015883990842876234,0.0041071971487091465,0.0022124384827833356
0.9500000000000001,0.9500000000000001,1.1,0.05,10,0.11343390515850757,-8.034920706942203e-05,0.004537356206340303,0.0023490273102395732
0.9500000000000001,0.9500000000000001,1.1,0.05,11,0.10754109080829433,-0.00022980893499643072,0.004301643632331773,0.002380630751162317
0.9500000000000001,0.9500000000000001,1.1,0.05,12,0.08959920204850365,5.293631819176025e-05,0.003583968081940146,0.0018449203591618332
0.9500000000000001,0.9500000000000001,1.1,0.05,13,0.12096593051603824,7.379129584236155e-07,0.00483863722064153,0.0024200565232791885
0.9500000000000001,0.9500000000000001,1.1,0.05,14,0.07914808240987006,-2.655298913327488e-07,0.0031659232963948025,0.001583227178088734
0.9500000000000001,0.9500000000000001,1.1,0.05,15,0.06100745719810234,-1.5961814434914123e-06,0.002440298287924094,0.0012217453254055384
0.9500000000000001,0.9500000000000001,1.1,0.1,1,0.09053941857970683,9.070075520415313e-06,0.0036215767431882736,0.0018198584471145521
0.9500000000000001,0.9500000000000001,1.1,0.1,2,0.13090513292857534,4.824448671304718e-05,0.005236205317143013,0.002666347145284554
0.9500000000000001,0.9500000000000001,1.1,0.1,3,0.09352465327711237,-6.565284838849509e-05,0.0037409861310844952,0.0019361459139307427
0.9500000000000001,0.9500000000000001,1.1,0.1,4,0.12004004385855739,0.0002681594870782074,0.004801601754342296,0.0026689603642493552
0.9500000000000001,0.9500000000000001,1.1,0.1,5,0.14123116211079273,5.6984188534349586e-05,0.005649246484431709,0.002881607430750204
0.9500000000000001,0.9500000000000001,1.1,0.1,6,0.09475791986712637,1.2988003626173897e-05,0.003790316794685055,0.0019081464009687013
0.9500000000000001,0.9500000000000001,1.1,0.1,7,0.07988562738440455,-6.916950983496706e-05,0.003195425095376182,0.001666882057523058
0.9500000000000001,0.9500000000000001,1.1,0.1,8,0.09798013816484391,0.0001053512145508991,0.003919205526593757,0.0020649539778477776
0.9500000000000001,0.9500000000000001,1.1,0.1,9,0.10365692129664683,-9.08878168104976e-05,0.004146276851865873,0.002164026242743434
0.9500000000000001,0.9500000000000001,1.1,0.1,10,0.14410186297484362,-6.530769390644214e-05,0.005764074518993745,0.0029473449534033144
0.9500000000000001,0.9500000000000001,1.1,0.1,11,0.12515321085973147,-0.00024360069791931708,0.005006128434389258,0.002746664915113946
0.9500000000000001,0.9500000000000001,1.1,0.1,12,0.09593149957472824,6.399807412974754e-05,0.0038372599829891297,0.0019826280656243126
0.9500000000000001,0.9500000000000001,1.1,0.1,13,0.1311005913077783,-4.791136411229801e-05,0.005244023652311132,0.002669923190267864
0.9500000000000001,0.9500000000000001,1.1,0.1,14,0.09511893446107736,-3.88360025603943e-06,0.0038047573784430943,0.0019062622894775866
0.9500000000000001,0.9500000000000001,1.1,0.1,15,0.0579767485996206,-2.516686007041446e-06,0.002319069943984824,0.0011620516579994534
0.9500000000000001,0.9500000000000001,1.1,0.2,1,0.06223586204063458,1.533536940542277e-05,0.0024894344816253832,0.0012600526102181143
0.9500000000000001,0.9500000000000001,1.1,0.2,2,0.10003877572860449,-2.6089347905745595e-05,0.00400155102914418,0.0020268648624778354
0.9500000000000001,0.9500000000000001,1.1,0.2,3,0.07406316660850823,-4.011873559794886e-05,0.0029625266643403293,0.0015213820677681135
0.9500000000000001,0.9500000000000001,1.1,0.2,4,0.10145293409983111,0.0001366727852909133,0.004058117363993244,0.0021657314672875357
0.9500000000000001,0.9500000000000001,1.1,0.2,5,0.11500708546820451,8.990215706409165e-05,0.004600283418728181,0.002390043866428182
0.9500000000000001,0.9500000000000001,1.1,0.2,6,0.07445629062497595,-1.5902386859385748e-05,0.002978251624999038,0.0015050281993589049
0.9500000000000001,0.9500000000000001,1.1,0.2,7,0.07017289730405059,-5.2457959247521e-05,0.0028069158921620236,0.0014559159053285327
0.9500000000000001,0.9500000000000001,1.1,0.2,8,0.08819581204114663,0.0001352437620255605,0.003527832481645865,0.001899160002848493
0.9500000000000001,0.9500000000000001,1.1,0.2,9,0.09046648137672415,-4.941145880747516e-05,0.003618659255068966,0.0018587410863419582
0.9500000000000001,0.9500000000000001,1.1,0.2,10,0.12039336336167693,-0.0001120617454507051,0.004815734534467077,0.0025199290126842436
0.9500000000000001,0.9500000000000001,1.1,0.2,11,0.10977567703578264,-0.00012142138553649241,0.004391027081431306,0.0023169349262521454
0.9500000000000001,0.9500000000000001,1.1,0.2,12,0.0765704306668556,3.167792962280898e-05,0.003062817226674224,0.001563086542959921
0.9500000000000001,0.9500000000000001,1.1,0.2,13,0.10018103203794135,2.292882819404505e-05,0.004007241281517654,0.002026549468952872
0.9500000000000001,0.9500000000000001,1.1,0.2,14,0.06900244827258055,-2.2776275231908804e-05,0.002760097930903222,0.00140282524068352
0.9500000000000001,0.9500000000000001,1.1,0.2,15,0.05461847087959469,-4.5608416628350256e-06,0.002184738835183788,0.0010969302592547289
0.9500000000000001,1.0,0.9,0.05,1,0.07213016530651348,5.27848654615715e-07,0.002885206612260539,0.0014431311547848853
0.9500000000000001,1.0,0.9,0.05,2,0.10961410534473665,-3.116611355207e-06,0.004384564213789466,0.00219539871824994
0.9500000000000001,1.0,0.9,0.05,3,0.08043793015367796,-6.994103063661724e-05,0.0032175172061471185,0.0016786996337101764
0.9500000000000001,1.0,0.9,0.05,4,0.10426862711241956,0.0002703895937760443,0.004170745084496783,0.0023557621360244356
0.9500000000000001,1.0,0.9,0.05,5,0.10885132080253199,9.861886127426675e-05,0.00435405283210128,0.0022756452773249067
0.9500000000000001,1.0,0.9,0.05,6,0.07540928016451352,-3.545629854087917e-05,0.003016371206580541,0.0015436419018311498
0.9500000000000001,1.0,0.9,0.05,7,0.07255053590259768,-6.61518085386766e-05,0.002902021436103907,0.0015171625265906301
0.9500000000000001,1.0,0.9,0.05,8,0.08748732006873902,0.0001408836729452935,0.003499492802749561,0.001890630074320074
0.9500000000000001,1.0,0.9,0.05,9,0.09038525890273609,0.0002062152679656113,0.0036154103561094435,0.002013920446020333
0.9500000000000001,1.0,0.9,0.05,10,0.10534463017811357,-0.00010346951148664345,0.0042137852071245435,0.0022103621150489153
0.9500000000000001,1.0,0.9,0.05,11,0.09931435898124327,-0.0002793860923466782,0.003972574359249731,0.0022656732719715435
0.9500000000000001,1.0,0.9,0.05,12,0.08047407681526997,7.047092520640194e-05,0.003218963072610799,0.0016799524615118014
0.9500000000000001,1.0,0.9,0.05,13,0.10967943360177099,4.763051542311529e-06,0.0043871773440708394,0.0021983517235777315
0.9500000000000001,1.0,0.9,0.05,14,0.07213699961124993,-6.442581834761066e-07,0.0028854799844499975,0.0014433842504084748
0.9500000000000001,1.0,0.9,0.05,15,0.05312749815207955,-1.5629442090534398e-06,0.002125099926083182,0.0010641129072506445
0.9500000000000001,1.0,0.9,0.1,1,0.07010844502977706,1.1100073218818973e-05,0.0028043378011910823,0.0014132689738143602
0.9500000000000001,1.0,0.9,0.1,2,0.10177285010298409,5.3660540765940705e-05,0.004070914004119364,0.0020891175428256227
0.9500000000000001,1.0,0.9,0.1,3,0.07298070380762872,-8.437256495539523e-05,0.002919228152305149,0.0015439866411079697
0.9500000000000001,1.0,0.9,0.1,4,0.0973540436971753,0.00033588488135446527,0.0038941617478870125,0.0022829657552979714
0.9500000000000001,1.0,0.9,0.1,5,0.11207787536793704,8.033248352987871e-05,0.004483115014717482,0.0023218899908886196
0.9500000000000001,1.0,0.9,0.1,6,0.07818293317143636,1.9273817801765682e-05,0.0031273173268574544,0.001582932481230493
0.9500000000000001,1.0,0.9,0.1,7,0.06424537845443438,-8.361999808647808e-05,0.0025698151381773754,0.0013685275671751658
0.9500000000000001,1.0,0.9,0.1,8,0.08237517051594447,0.0001534069148019831,0.0032950068206377787,0.0018009103251208725
0.9500000000000001,1.0,0.9,0.1,9,0.08942137733832578,-0.00010334236406643707,0.0035768550935330315,0.0018917699108329529
0.9500000000000001,1.0,0.9,0.1,10,0.11626029085565912,-8.563310111389417e-05,0.004650411634226365,0.0024108389182270766
0.9500000000000001,1.0,0.9,0.1,11,0.10277507740237374,-0.000310741072096233,0.00411100309609495,0.002366242620143708
0.9500000000000001,1.0,0.9,0.1,12,0.07761338220867137,7.766521431523069e-05,0.003104535288346855,0.0016299328584886582
0.9500000000000001,1.0,0.9,0.1,13,0.10197854152572182,-6.05070658743851e-05,0.004079141661028873,0.0021000778963888213
0.9500000000000001,1.0,0.9,0.1,14,0.0790547984880269,-5.810408404168557e-06,0.0031621919395210763,0.0015869063781647067
0.9500000000000001,1.0,0.9,0.1,15,0.049524020778630475,-2.6269345114635842e-06,0.001980960831145219,0.000993107350084073
0.9500000000000001,1.0,0.9,0.2,1,0.057819049749708896,2.1788534487551564e-05,0.002312761989988356,0.0011781695294817295
0.9500000000000001,1.0,0.9,0.2,2,0.09170518026405301,-3.288470934476176e-05,0.0036682072105621204,0.001866988314625822
0.9500000000000001,1.0,0.9,0.2,3,0.06773472337607483,-4.973981213893185e-05,0.0027093889350429936,0.0014044342796604287
0.9500000000000001,1.0,0.9,0.2,4,0.09212568749642955,0.00016889586994826326,0.003685027499857182,0.0020114096198768543
0.9500000000000001,1.0,0.9,0.2,5,0.10580993270495347,0.00011941738710214977,0.004232397308198139,0.0022356160412012193
0.9500000000000001,1.0,0.9,0.2,6,0.06812917776327344,-2.6777898039508078e-05,0.002725167110530938,0.001389361453304977
0.9500000000000001,1.0,0.9,0.2,7,0.06431864143127253,-6.933157868989394e-05,0.0025727456572509013,0.0013557044073153445
0.9500000000000001,1.0,0.9,0.2,8,0.08302653966540013,0.00017788038511023786,0.0033210615866160055,0.0018384111784182405
0.9500000000000001,1.0,0.9,0.2,9,0.084685077061131,-4.844004723104833e-05,0.00338740308244524,0.0017421415884536684
0.9500000000000001,1.0,0.9,0.2,10,0.11128262908337139,-0.00015240942075751788,0.004451305163334855,0.0023780620024249455
0.9500000000000001,1.0,0.9,0.2,11,0.10094296209074766,-0.00015343222156974953,0.004037718483629906,0.002172291463384703
0.9500000000000001,1.0,0.9,0.2,12,0.07222914401071974,3.658814748682848e-05,0.0028891657604287898,0.0014811710277012234
0.9500000000000001,1.0,0.9,0.2,13,0.09215220786646294,3.364030789174003e-05,0.0036860883146585177,0.0018766844652209989
0.9500000000000001,1.0,0.9,0.2,14,0.06675911955755003,-3.154299451662159e-05,0.002670364782302001,0.0013667253856676222
0.9500000000000001,1.0,0.9,0.2,15,0.05175975567638072,-4.262194990851172e-06,0.002070390227055229,0.0010394573085184657
0.9500000000000001,1.0,0.9500000000000001,0.05,1,0.07205449729533014,1.1226049492151592e-06,0.0028821798918132057,0.001442212550855818
0.9500000000000001,1.0,0.9500000000000001,0.05,2,0.10947449857449248,-2.8516469041168514e-06,0.004378979942979699,0.0021923416183939667
0.9500000000000001,1.0,0.9500000000000001,0.05,3,0.08034089303717935,-7.01635468005458e-05,0.003213635721487174,0.001676981407544133
0.9500000000000001,1.0,0.9500000000000001,0.05,4,0.10414232120650346,0.0002696793699212694,0.004165692848260139,0.002352525794051339
0.9500000000000001,1.0,0.9500000000000001,0.05,5,0.10880126194579116,9.848658450765642e-05,0.004352050477831646,0.0022745118234234795
0.9500000000000001,1.0,0.9500000000000001,0.05,6,0.07531257139429377,-3.535333574729223e-05,0.003012502855771751,0.0015416047636331678
0.9500000000000001,1.0,0.9500000000000001,0.05,7,0.07245432701236822,-6.299759291636558e-05,0.002898173080494729,0.00151208413316373
0.9500000000000001,1.0,0.9500000000000001,0.05,8,0.0873594722045891,0.00013914692317633495,0.0034943788881835643,0.0018863363672681171
0.9500000000000001,1.0,0.9500000000000001,0.05,9,0.09025381367942607,0.00020399799134182222,0.003610152547177043,0.0020090742649303437
0.9500000000000001,1.0,0.9500000000000001,0.05,10,0.10518928342784427,-0.0001032102210246331,0.004207571337113771,0.0022069958895815185
0.9500000000000001,1.0,0.9500000000000001,0.05,11,0.09922437325678438,-0.00028040529676836033,0.003968974930271375,0.002264892761904048
0.9500000000000001,1.0,0.9500000000000001,0.05,12,0.08038036143246832,6.917898887021004e-05,0.003215214457298733,0.0016767862175195766
0.9500000000000001,1.0,0.9500000000000001,0.05,13,0.10954926940088422,4.517213547400533e-06,0.004381970776035369,0.002195502601565085
0.9500000000000001,1.0,0.9500000000000001,0.05,14,0.07206046130712397,-1.2134391227300572e-06,0.002882418452284959,0.0014424226652652095
0.9500000000000001,1.0,0.9500000000000001,0.05,15,0.05305154829306472,-1.6299631729354643e-06,0.002122061931722589,0.00106266092903423
0.9500000000000001,1.0,0.9500000000000001,0.1,1,0.0699443391595689,1.2395700298576499e-05,0.0027977735663827557,0.0014112824834899543
0.9500000000000001,1.0,0.9500000000000001,0.1,2,0.10155740900952849,5.3232037773073455e-05,0.00406229636038114,0.0020843802179636435
0.9500000000000001,1.0,0.9500000000000001,0.1,3,0.07282014947310714,-8.351710664936831e-05,0.0029128059789242855,0.001539920096111511
0.9500000000000001,1.0,0.9500000000000001,0.1,4,0.09716141890344422,0.000334330710203991,0.003886456756137769,0.0022775590882728753
0.9500000000000001,1.0,0.9500000000000001,0.1,5,0.11184547158039293,7.957378302590852e-05,0.004473818863215718,0.002316483214633767
0.9500000000000001,1.0,0.9500000000000001,0.1,6,0.07798160289784672,1.7117847495330877e-05,0.003119264115913869,0.0015767499054522654
0.9500000000000001,1.0,0.9500000000000001,0.1,7,0.06412836931213685,-8.386902325891513e-05,0.002565134772485474,0.0013664364095016522
0.9500000000000001,1.0,0.9500000000000001,0.1,8,0.08226222488338945,0.00014741246400705248,0.003290488995335578,0.0017926569616748414
0.9500000000000001,1.0,0.9500000000000001,0.1,9,0.08925128355867892,-0.00010339428674868757,0.003570051342347157,0.0018884199579222662
0.9500000000000001,1.0,0.9500000000000001,0.1,10,0.11603312223293569,-8.620178403563123e-05,0.0046413248893174275,0.002406864228694345
0.9500000000000001,1.0,0.9500000000000001,0.1,11,0.10260903236229156,-0.00030816425388319695,0.004104361294491663,0.0023603449011290285
0.9500000000000001,1.0,0.9500000000000001,0.1,12,0.07746383914794172,7.80042612384542e-05,0.003098553565917669,0.0016272810441972888
0.9500000000000001,1.0,0.9500000000000001,0.1,13,0.10179744401009996,-5.826477019786783e-05,0.004071897760403999,0.0020942136503998674
0.9500000000000001,1.0,0.9500000000000001,0.1,14,0.07893769230814696,-6.849016840591342e-06,0.0031575076923258784,0.0015856028630035306
0.9500000000000001,1.0,0.9500000000000001,0.1,15,0.049447466060067696,-2.6806442001728833e-06,0.001977898642402708,0.000991629965401527
0.9500000000000001,1.0,0.9500000000000001,0.2,1,0.05771769400639604,2.2567627443613416e-05,0.002308707760255842,0.0011769215075715343
0.9500000000000001,1.0,0.9500000000000001,0.2,2,0.09158094744746086,-3.4336454487353545e-05,0.003663237897898434,0.0018659554034365707
0.9500000000000001,1.0,0.9500000000000001,0.2,3,0.0676304544164397,-4.972827583548213e-05,0.002705218176657588,0.001402337364164276
0.9500000000000001,1.0,0.9500000000000001,0.2,4,0.09199623330145326,0.0001688371968524713,0.0036798493320581304,0.0020087618628815366
0.9500000000000001,1.0,0.9500000000000001,0.2,5,0.10567615835836766,0.0001188724396627437,0.0042270463343347065,0.002232395606830097
0.9500000000000001,1.0,0.9500000000000001,0.2,6,0.068026805201885,-2.6502787056038766e-05,0.0027210722080754004,0.0013870388910937389
0.9500000000000001,1.0,0.9500000000000001,0.2,7,0.06419570237535367,-6.79935637474112e-05,0.002567828095014147,0.0013519076112544848
0.9500000000000001,1.0,0.9500000000000001,0.2,8,0.08295813156623182,0.00017471877568536146,0.0033183252626492726,0.0018338814070099976
0.9500000000000001,1.0,0.9500000000000001,0.2,9,0.08459514337097045,-4.951210979191289e-05,0.003383805734838818,0.0017414149772113218
0.9500000000000001,1.0,0.9500000000000001,0.2,10,0.11115014807512869,-0.00015047732129445585,0.004446005923005147,0.0023734802827970296
0.9500000000000001,1.0,0.9500000000000001,0.2,11,0.10078285746508497,-0.0001527473202569818,0.004031314298603399,0.0021684044695586815
0.9500000000000001,1.0,0.9500000000000001,0.2,12,0.0721562446191866,3.7285999379807784e-05,0.002886249784767464,0.00148041089176354
0.9500000000000001,1.0,0.9500000000000001,0.2,13,0.09198363155847553,3.392868149512523e-05,0.0036793452623390213,0.0018736013126646358
0.9500000000000001,1.0,0.9500000000000001,0.2,14,0.06668908573700592,-3.2095014678811576e-05,0.002667563429480237,0.00136587672941893
0.9500000000000001,1.0,0.9500000000000001,0.2,15,0.051751267002592014,-4.486794829136862e-06,0.0020700506801036808,0.0010395121348809773
0.9500000000000001,1.0,1.0,0.05,1,0.07198658407406038,1.2580844809284314e-06,0.002879463362962415,0.0014409897659621359
0.9500000000000001,1.0,1.0,0.05,2,0.10934829485835165,-2.133642060433623e-06,0.004373931794334067,0.002189099539227467
0.9500000000000001,1.0,1.0,0.05,3,0.08025383950637399,-7.040412524080758e-05,0.00321015358025496,0.0016754809153682875
0.9500000000000001,1.0,1.0,0.05,4,0.10403119930679737,0.00026898364365606756,0.004161247972271895,0.002349607629792015
0.9500000000000001,1.0,1.0,0.05,5,0.1087669886378341,9.78783639788635e-05,0.004350679545513364,0.0022732181367355457
0.9500000000000001,1.0,1.0,0.05,6,0.07522510873374201,-3.475243187587479e-05,0.0030090043493496803,0.001539254606550715
0.9500000000000001,1.0,1.0,0.05,7,0.07236848264921744,-5.9842006181092416e-05,0.0028947393059686978,0.0015072116591654413
0.9500000000000001,1.0,1.0,0.05,8,0.08724559807823655,0.00013740727641411288,0.003489823923129462,0.001882319237978844
0.9500000000000001,1.0,1.0,0.05,9,0.09013626610844272,0.00020122225269054734,0.0036054506443377087,0.0020039475748594017
0.9500000000000001,1.0,1.0,0.05,10,0.10504959583047317,-0.00010246840541631433,0.004201983833218927,0.002203460322025778
0.9500000000000001,1.0,1.0,0.05,11,0.09914947158921289,-0.00028143938568033275,0.0039659788635685155,0.0022644288174645906
0.9500000000000001,1.0,1.0,0.05,12,0.08029668083779255,6.790513786240352e-05,0.0032118672335117024,0.0016738387546182548
0.9500000000000001,1.0,1.0,0.05,13,0.10943251838322521,3.817388571244577e-06,0.004377300735329008,0.002192467756235749
0.9500000000000001,1.0,1.0,0.05,14,0.07199171047702979,-1.3228625991231103e-06,0.0028796684190811918,0.001441157072139719
0.9500000000000001,1.0,1.0,0.05,15,0.05298400805037446,-1.6968957146967987e-06,0.0021193603220149783,0.001061377056722186
0.9500000000000001,1.0,1.0,0.1,1,0.06980292907669283,1.279609281909653e-05,0.002792117163067713,0.0014088546743529532
0.9500000000000001,1.0,1.0,0.1,2,0.10137291531115435,5.3676795522476485e-05,0.004054916612446174,0.0020811351017455634
0.9500000000000001,1.0,1.0,0.1,3,0.07268282666504586,-8.269596222174761e-05,0.002907313066601834,0.0015363524955226647
0.9500000000000001,1.0,1.0,0.1,4,0.09699472846327713,0.00033280440905209116,0.0038797891385310853,0.0022726989783176336
0.9500000000000001,1.0,1.0,0.1,5,0.11164688117436963,7.79304777915829e-05,0.0044658752469747855,0.0023108681012789754
0.9500000000000001,1.0,1.0,0.1,6,0.07780293761407678,1.5855180543882555e-05,0.003112117504563071,0.0015719139328254181
0.9500000000000001,1.0,1.0,0.1,7,0.06403059971412395,-8.411799769251509e-05,0.002561223988564958,0.001364729991974994
0.9500000000000001,1.0,1.0,0.1,8,0.08216938422892812,0.0001414170961149273,0.003286775369157125,0.0017848047806934898
0.9500000000000001,1.0,1.0,0.1,9,0.08910483356478331,-0.00010437540186211675,0.0035641933425913327,0.0018864720731577831
0.9500000000000001,1.0,1.0,0.1,10,0.11584034626855427,-8.588514501912728e-05,0.004633613850742171,0.002402692070390213
0.9500000000000001,1.0,1.0,0.1,11,0.10246988627084742,-0.00030561390011476163,0.004098795450833897,0.00235501162553171
0.9500000000000001,1.0,1.0,0.1,12,0.077337517237927,7.837737087534451e-05,0.0030935006895170805,0.0016251277156338847
0.9500000000000001,1.0,1.0,0.1,13,0.10164755743075232,-5.689661927370795e-05,0.004065902297230093,0.0020898477678887545
0.9500000000000001,1.0,1.0,0.1,14,0.0788433700977195,-6.993795210884086e-06,0.00315373480390878,0.0015838611971652741
0.9500000000000001,1.0,1.0,0.1,15,0.04938327496585116,-2.73420538428222e-06,0.0019753309986340465,0.0009903997047013054
0.9500000000000001,1.0,1.0,0.2,1,0.0576343063582419,2.2238441562647726e-05,0.002305372254329676,0.0011749245687274856
0.9500000000000001,1.0,1.0,0.2,2,0.09148582763712393,-3.473940647268707e-05,0.0036594331054849573,0.0018644559592151657
0.9500000000000001,1.0,1.0,0.2,3,0.06754472003840727,-4.975231302487415e-05,0.0027017888015362906,0.0014006467137930194
0.9500000000000001,1.0,1.0,0.2,4,0.09189114206815996,0.00016880479551654727,0.0036756456827263984,0.0020066276368797464
0.9500000000000001,1.0,1.0,0.2,5,0.10556834242123617,0.0001172918979098137,0.004222733696849446,0.002228658746334537
0.9500000000000001,1.0,1.0,0.2,6,0.06794557047266059,-2.5171123377940565e-05,0.0027178228189064235,0.0013840825328311523
0.9500000000000001,1.0,1.0,0.2,7,0.06408692037087999,-6.665225197583672e-05,0.0025634768148351996,0.0013483906593934364
0.9500000000000001,1.0,1.0,0.2,8,0.08290138848313039,0.0001715476012111685,0.0033160555393252156,0.0018295753708737763
0.9500000000000001,1.0,1.0,0.2,9,0.08451897599523059,-5.1622218187822764e-05,0.0033807590398092237,0.0017420017380924346
0.9500000000000001,1.0,1.0,0.2,10,0.11104543988677634,-0.00014752214543155303,0.004441817595471054,0.00236843094316708
0.9500000000000001,1.0,1.0,0.2,11,0.10064401554544955,-0.00015208589748961506,0.004025760621817982,0.002164966208398606
0.9500000000000001,1.0,1.0,0.2,12,0.07210328550098336,3.801956747592854e-05,0.0028841314200393343,0.0014800852774955956
0.9500000000000001,1.0,1.0,0.2,13,0.09184325974329682,3.316994687446193e-05,0.003673730389731873,0.0018700351417403984
0.9500000000000001,1.0,1.0,0.2,14,0.06664706307291704,-3.159108428245858e-05,0.002665882522916682,0.0013645323457407994
0.9500000000000001,1.0,1.0,0.2,15,0.051748922285266674,-4.7110414818733506e-06,0.002069956891410667,0.001039689487187207
0.9500000000000001,1.0,1.05,0.05,1,0.07192531756668896,1.0015150487932396e-06,0.0028770127026675587,0.0014395078663825725
0.9500000000000001,1.0,1.05,0.05,2,0.1092336070999028,-1.0288776070301495e-06,0.004369344283996112,0.002185701019605086
0.9500000000000001,1.0,1.05,0.05,3,0.08017536121198175,-7.066011325150276e-05,0.00320701444847927,0.0016741673374911377
0.9500000000000001,1.0,1.05,0.05,4,0.10393309706516152,0.0002683002720336305,0.004157323882606461,0.002346962213336861
0.9500000000000001,1.0,1.05,0.05,5,0.10874627179192373,9.686377231605417e-05,0.004349850871676949,0.0022717892081545285
0.9500000000000001,1.0,1.05,0.05,6,0.07514558866112922,-3.372638541310802e-05,0.003005823546445169,0.0015366381586356926
0.9500000000000001,1.0,1.05,0.05,7,0.0722915594982969,-5.668524293637315e-05,0.002891662379931876,0.0015025164329023112
0.9500000000000001,1.0,1.05,0.05,8,0.08714370109304694,0.0001356651454718892,0.0034857480437218776,0.001878539167332828
0.9500000000000001,1.0,1.05,0.05,9,0.09003063410232412,0.0001979695727964979,0.003601225364092965,0.0019985822548429805
0.9500000000000001,1.0,1.05,0.05,10,0.10492331684654604,-0.00010131458270507709,0.004196932673861842,0.002199780919635998
0.9500000000000001,1.0,1.05,0.05,11,0.09908748776089887,-0.00028248616099684436,0.003963499510435955,0.002264235916214822
0.9500000000000001,1.0,1.05,0.05,12,0.08022162970616223,6.664671629284702e-05,0.003208865188246489,0.0016710793104160915
0.9500000000000001,1.0,1.05,0.05,13,0.10932727644068546,2.7299938144406256e-06,0.004373091057627418,0.00218927552262815
0.9500000000000001,1.0,1.05,0.05,14,0.0719296400259918,-1.03982567445581e-06,0.002877185601039672,0.0014396326261942919
0.9500000000000001,1.0,1.05,0.05,15,0.052923688824509006,-1.7637542714288686e-06,0.0021169475529803604,0.001060237530761609
0.9500000000000001,1.0,1.05,0.1,1,0.06968094258134545,1.243282727992339e-05,0.002787237703253818,0.0014060516789068324
0.9500000000000001,1.0,1.05,0.1,2,0.1012148769749348,5.486651411375501e-05,0.004048595078997392,0.002079164053612451
0.9500000000000001,1.0,1.05,0.1,3,0.07256538465780119,-8.190407243869254e-05,0.0029026153863120473,0.0015332117655947161
0.9500000000000001,1.0,1.05,0.1,4,0.09685018971500792,0.0003313018459990663,0.003874007588600317,0.0022683056402992246
0.9500000000000001,1.0,1.05,0.1,5,0.1114772081356552,7.553250723944001e-05,0.0044590883254262085,0.002305076669952544
0.9500000000000001,1.0,1.05,0.1,6,0.07764367367444598,1.5354511752582248e-05,0.0031057469469778394,0.001568227985241502
0.9500000000000001,1.0,1.05,0.1,7,0.06394925430286305,-8.436692555229325e-05,0.002557970172114522,0.0013633520116095542
0.9500000000000001,1.0,1.05,0.1,8,0.0820936762583272,0.00013542093840447254,0.003283747050333088,0.0017772944635710167
0.9500000000000001,1.0,1.05,0.1,9,0.08897862105389052,-0.00010614922895599334,0.003559144842155621,0.0018857216500338038
0.9500000000000001,1.0,1.05,0.1,10,0.11567694072018694,-8.481322920002436e-05,0.004627077628807478,0.0023983520436037633
0.9500000000000001,1.0,1.05,0.1,11,0.10235368206432868,-0.000303086081152719,0.004094147282573147,0.0023501597224392925
0.9500000000000001,1.0,1.05,0.1,12,0.07723104894853261,7.87795197873546e-05,0.0030892419579413044,0.0016234004987580068
0.9500000000000001,1.0,1.05,0.1,13,0.10152434923123041,-5.627418574060738e-05,0.004060973969249216,0.0020867611703652153
0.9500000000000001,1.0,1.05,0.1,14,0.0787685612014164,-6.376129742875292e-06,0.003150742448056656,0.0015817473537712032
0.9500000000000001,1.0,1.05,0.1,15,0.049329614822327054,-2.787639460693952e-06,0.001973184592893082,0.000989379935907235
0.9500000000000001,1.0,1.05,0.2,1,0.057566388898788734,2.0964844809305083e-05,0.0023026555559515494,0.0011722926227850797
0.9500000000000001,1.0,1.05,0.2,2,0.09141534680330837,-3.4248698516601496e-05,0.003656613872132335,0.001862555634582769
0.9500000000000001,1.0,1.05,0.2,3,0.06747459429437853,-4.9806627027308456e-05,0.0026989837717751415,0.0013992985129148792
0.9500000000000001,1.0,1.05,0.2,4,0.09180655016683426,0.00016879471254641943,0.00367226200667337,0.0020049257158831044
0.9500000000000001,1.0,1.05,0.2,5,0.10548241082432797,0.0001148289984359367,0.004219296432973119,0.0022244772149224963
0.9500000000000001,1.0,1.05,0.2,6,0.0678817330829856,-2.293932877120567e-05,0.0027152693233194244,0.0013805739904309178
0.9500000000000001,1.0,1.05,0.2,7,0.06399000700307059,-6.53081151141044e-05,0.0025596002801228234,0.0013451082551755162
0.9500000000000001,1.0,1.05,0.2,8,0.0828543608615597,0.00016836823675835067,0.003314174434462388,0.0018254554539895447
0.9500000000000001,1.0,1.05,0.2,9,0.08445421966469269,-5.461661522948665e-05,0.0033781687865877077,0.0017437010085233405
0.9500000000000001,1.0,1.05,0.2,10,0.11096400793537468,-0.000143695326805435,0.004438560317414988,0.0023629754855129287
0.9500000000000001,1.0,1.05,0.2,11,0.10052299776952967,-0.00015144440238203135,0.004020919910781187,0.002161904357772625
0.9500000000000001,1.0,1.05,0.2,12,0.07206718503766688,3.878353442779004e-05,0.0028826874015066752,0.0014801272351811277
0.9500000000000001,1.0,1.05,0.2,13,0.09172680492871388,3.151899234839765e-05,0.003669072197148555,0.0018660550909226751
0.9500000000000001,1.0,1.05,0.2,14,0.06662886387442955,-3.0187539043006463e-05,0.002665154554977182,0.0013627648165315976
0.9500000000000001,1.0,1.05,0.2,15,0.05175165579119935,-4.934985876387746e-06,0.002070066231647974,0.0010399681017003747
0.9500000000000001,1.0,1.1,0.05,1,0.07186979257626024,4.076189890575045e-07,0.0028747917030504094,0.0014378034705142622
0.9500000000000001,1.0,1.1,0.05,2,0.10912889352478762,4.086891056024638e-07,0.004365155740991505,0.002182986559601355
0.9500000000000001,1.0,1.1,0.05,3,0.08010430804876659,-7.09293531100822e-05,0.0032041723219506635,0.001673015514085414
0.9500000000000001,1.0,1.1,0.05,4,0.10384624653723494,0.00026762751431551194,0.0041538498614893974,0.0023445524450602107
0.9500000000000001,1.0,1.1,0.05,5,0.10873729202267465,9.549945673233349e-05,0.004349491680906987,0.002270245297185827
0.9500000000000001,1.0,1.1,0.05,6,0.07507294621938963,-3.233446833047621e-05,0.0030029178487755853,0.0015337933927182688
0.9500000000000001,1.0,1.1,0.05,7,0.07222237945249949,-5.3527462627121146e-05,0.0028888951780999795,0.0014979750516771109
0.9500000000000001,1.0,1.1,0.05,8,0.08705215108121919,0.00013392086828993864,0.003482086043248768,0.0018749638899143227
0.9500000000000001,1.0,1.1,0.05,9,0.08993529922887346,0.00019430634677481364,0.0035974119691549386,0.001993012331352283
0.9500000000000001,1.0,1.1,0.05,10,0.10480861183030926,-9.980617271919672e-05,0.004192344473212371,0.002195978409325382
0.9500000000000001,1.0,1.1,0.05,11,0.09903665595919531,-0.0002835438368431437,0.003961466238367813,0.00226427695602705
0.9500000000000001,1.0,1.1,0.05,12,0.0801540599966325,6.540156381492092e-05,0.0032061623998653,0.0016684827637475708
0.9500000000000001,1.0,1.1,0.05,13,0.10923198730322506,1.3090980347083103e-06,0.004369279492129003,0.00218594884409921
0.9500000000000001,1.0,1.1,0.05,14,0.07187334744163802,-4.191072517526761e-07,0.002874933897665521,0.001437886056084513
0.9500000000000001,1.0,1.1,0.05,15,0.052869620797137945,-1.8305490042004177e-06,0.0021147848318855177,0.0010592229649469592
0.9500000000000001,1.0,1.1,0.1,1,0.0695757099225335,1.1412910377315991e-05,0.00278302839690134,0.001402927108827986
0.9500000000000001,1.0,1.1,0.1,2,0.10107963592648517,5.669684345375022e-05,0.004043185437059406,0.0020782895619834534
0.9500000000000001,1.0,1.1,0.1,3,0.0724650940208696,-8.113732561199763e-05,0.002898603760834784,0.0015304392060293897
0.9500000000000001,1.0,1.1,0.1,4,0.09672473045658535,0.00032981966689810685,0.003868989218263414,0.002264314276029814
0.9500000000000001,1.0,1.1,0.1,5,0.1113324670181775,7.248555958173966e-05,0.0044532986807271,0.0022991348999452897
0.9500000000000001,1.0,1.1,0.1,6,0.07750114698339475,1.5509057188700664e-05,0.00310004587933579,0.0015655319968565957
0.9500000000000001,1.0,1.1,0.1,7,0.06388204288654041,-8.461581079146187e-05,0.0025552817154616166,0.0013622566685222702
0.9500000000000001,1.0,1.1,0.1,8,0.0820326914567007,0.00012942409567040993,0.003281307658268028,0.001770077924804424
0.9500000000000001,1.0,1.1,0.1,9,0.08886986490717007,-0.00010860475817952363,0.003554794596286803,0.0018860020563229252
0.9500000000000001,1.0,1.1,0.1,10,0.11553881714935903,-8.309181072445092e-05,0.004621552685974361,0.0023938681537116315
0.9500000000000001,1.0,1.1,0.1,11,0.10225720720216655,-0.000300577608083048,0.004090288288086662,0.0023457217521263792
0.9500000000000001,1.0,1.1,0.1,12,0.0771416899065443,7.920662558768005e-05,0.003085667596261772,0.001622040423718566
0.9500000000000001,1.0,1.1,0.1,13,0.10142412803158417,-5.629301542286218e-05,0.004056965121263367,0.0020847755760545453
0.9500000000000001,1.0,1.1,0.1,14,0.07871059590119121,-5.102869654688384e-06,0.0031484238360476487,0.0015793147876785128
0.9500000000000001,1.0,1.1,0.1,15,0.049285001127928975,-2.8409639050063255e-06,0.001971400045117159,0.000988540986463586
0.9500000000000001,1.0,1.1,0.2,1,0.057511954969907256,1.887991794592205e-05,0.00230047819879629,0.001169119017344067
0.9500000000000001,1.0,1.1,0.2,2,0.09136591710864417,-3.299030723842956e-05,0.003654636684345767,0.0018603086494113129
0.9500000000000001,1.0,1.1,0.2,3,0.06741774847375624,-4.98869228367453e-05,0.00269670993895025,0.0013982418923118702
0.9500000000000001,1.0,1.1,0.2,4,0.0917393874931813,0.00016880374944745218,0.003669575499727252,0.0020035914993110785
0.9500000000000001,1.0,1.1,0.2,5,0.10541513099173182,0.00011160816797365795,0.004216605239669273,0.0022199107878082946
0.9500000000000001,1.0,1.1,0.2,6,0.06783243630411702,-1.993440153912647e-05,0.0027132974521646806,0.0013765831276214668
0.9500000000000001,1.0,1.1,0.2,7,0.06390315808171121,-6.396153902486328e-05,0.0025561263232684486,0.0013420247006590876
0.9500000000000001,1.0,1.1,0.2,8,0.08281554270603264,0.0001651818059113248,0.003312621708241306,0.0018214926600319777
0.9500000000000001,1.0,1.1,0.2,9,0.08439904672158353,-5.8370479119535995e-05,0.0033759618688633413,0.0017463514135512067
0.9500000000000001,1.0,1.1,0.2,10,0.1109022911650818,-0.0001391198195545484,0.004436091646603272,0.0023571656428561846
0.9500000000000001,1.0,1.1,0.2,11,0.10041709063988558,-0.0001508199651618068,0.004016683625595423,0.002159161777959518
0.9500000000000001,1.0,1.1,0.2,12,0.07204547860643243,3.9573588367229776e-05,0.0028818191442572974,0.0014804831604958784
0.9500000000000001,1.0,1.1,0.2,13,0.09163083083392577,2.910159489354603e-05,0.003665233233357031,0.0018617182115720616
0.9500000000000001,1.0,1.1,0.2,14,0.06663110212921777,-2.8011306837445487e-05,0.002665244085168711,0.001360633349421801
0.9500000000000001,1.0,1.1,0.2,15,0.05175865324363625,-5.158669599039314e-06,0.0020703461297454503,0.0010403317344717645
0.9500000000000001,1.05,0.9,0.05,1,0.06398596631373121,4.3525674156342554e-07,0.0025594386525492484,0.0012801545830161876
0.9500000000000001,1.05,0.9,0.05,2,0.0960241252321534,-2.3854363705526836e-06,0.003840965009286136,0.0019228679410136207
0.9500000000000001,1.05,0.9,0.05,3,0.0700762610608854,-4.8635180209247635e-05,0.0028030504424354156,0.0014501604014269555
0.9500000000000001,1.05,0.9,0.05,4,0.09037847236187316,0.0001878860931037839,0.0036151388944749264,0.001995455540341247
0.9500000000000001,1.05,0.9,0.05,5,0.09754169518237459,6.869027610465544e-05,0.0039016678072949836,0.002019524179752147
0.9500000000000001,1.05,0.9,0.05,6,0.066020050052677,-2.4486396442322827e-05,0.00264080200210708,0.0013448873974958627
0.9500000000000001,1.05,0.9,0.05,7,0.06208990573629525,-4.5649941194619254e-05,0.00248359622945181,0.0012874480559205241
0.9500000000000001,1.05,0.9,0.05,8,0.07481148172694058,9.710503394643388e-05,0.0029924592690776233,0.0015933346684852455
0.9500000000000001,1.05,0.9,0.05,9,0.07700090332009084,0.0001419208158850072,0.0030800361328036335,0.001681938882286824
0.9500000000000001,1.05,0.9,0.05,10,0.09529243743215637,-7.218622396275094e-05,0.003811697497286255,0.0019780349726058783
0.9500000000000001,1.05,0.9,0.05,11,0.0898365566356226,-0.0001941593811256782,0.003593462265424904,0.00199089051383813
0.9500000000000001,1.05,0.9,0.05,12,0.0701248850188113,4.9031651259995685e-05,0.002804995400752452,0.0014515293516362217
0.9500000000000001,1.05,0.9,0.05,13,0.09605347273384915,3.509319554080896e-06,0.003842138909353966,0.001924578774231064
0.9500000000000001,1.05,0.9,0.05,14,0.06398713700179384,-5.125394128175113e-07,0.002559485480071754,0.0012802552794486943
0.9500000000000001,1.05,0.9,0.05,15,0.04502818577627333,-1.0295162023871112e-06,0.0018011274310509333,0.0009015932317278537
0.9500000000000001,1.05,0.9,0.1,1,0.04998124476798245,7.96566259951197e-06,0.001999249790719298,0.001007590557959161
0.9500000000000001,1.05,0.9,0.1,2,0.07396413349037707,3.558889966350621e-05,0.002958565339615083,0.0015148715694710477
0.9500000000000001,1.05,0.9,0.1,3,0.05440338556418196,-5.8751817108251985e-05,0.0021761354225672785,0.0011468195283918913
0.9500000000000001,1.05,0.9,0.1,4,0.07641723711236367,0.00023278557965629464,0.003056689484494547,0.0017611303219035681
0.9500000000000001,1.05,0.9,0.1,5,0.08492955846347414,5.707541029346361e-05,0.0033971823385389654,0.0017556665795629464
0.9500000000000001,1.05,0.9,0.1,6,0.06132227889803007,1.3094284458709822e-05,0.0024528911559212026,0.001239539862419311
0.9500000000000001,1.05,0.9,0.1,7,0.05200751118394892,-5.75733979219881e-05,0.002080300447357957,0.0010977236216009665
0.9500000000000001,1.05,0.9,0.1,8,0.07026847654099043,0.00010601962910810386,0.002810739061639617,0.0015113891599279124
0.9500000000000001,1.05,0.9,0.1,9,0.07604509716019901,-6.99104645968845e-05,0.0030418038864079605,0.0015908124078008647
0.9500000000000001,1.05,0.9,0.1,10,0.0906017221675353,-6.094709014224035e-05,0.003624068886701412,0.0018729815334929466
0.9500000000000001,1.05,0.9,0.1,11,0.08332924160860902,-0.00021595055329208063,0.003333169664344361,0.0018825353854642613
0.9500000000000001,1.05,0.9,0.1,12,0.0607630373343455,5.420275930474061e-05,0.0024305214933738203,0.0012694635059916507
0.9500000000000001,1.05,0.9,0.1,13,0.07428641440063428,-4.0277445418412854e-05,0.0029714565760253714,0.0015260057334310986
0.9500000000000001,1.05,0.9,0.1,14,0.06270915578260478,-4.324815401685511e-06,0.0025083662313041912,0.0012585079310537812
0.9500000000000001,1.05,0.9,0.1,15,0.04570362288083708,-1.7131545408588974e-06,0.0018281449152334833,0.0009157856121576006
0.9500000000000001,1.05,0.9,0.2,1,0.047098689465911246,1.5000556148336092e-05,0.00188394757863645,0.000956974345466561
0.9500000000000001,1.05,0.9,0.2,2,0.07317324979748359,-2.3249446433431618e-05,0.0029269299918993435,0.0014867144423831033
0.9500000000000001,1.05,0.9,0.2,3,0.05511571515028493,-3.482956045209701e-05,0.0022046286060113975,0.0011371438634577957
0.9500000000000001,1.05,0.9,0.2,4,0.07712074201976786,0.00011750607121960879,0.0030848296807907145,0.001659920911614966
0.9500000000000001,1.05,0.9,0.2,5,0.08691401829550091,8.333826140286346e-05,0.0034765607318200365,0.0018216186273128817
0.9500000000000001,1.05,0.9,0.2,6,0.058448151358256005,-1.862220923984464e-05,0.00233792605433024,0.0011875852364049647
0.9500000000000001,1.05,0.9,0.2,7,0.05461004483964913,-4.771783617238268e-05,0.0021844017935859655,0.0011399187329653654
0.9500000000000001,1.05,0.9,0.2,8,0.07328110398704757,0.00012241073804675394,0.002931244159481903,0.0015880328177877055
0.9500000000000001,1.05,0.9,0.2,9,0.07410894173562797,-3.260833111240683e-05,0.002964357669425119,0.0015147871658249662
0.9500000000000001,1.05,0.9,0.2,10,0.09331353539444795,-0.00010626171273274551,0.003732541415777918,0.0019725324206217045
0.9500000000000001,1.05,0.9,0.2,11,0.08557072428817672,-0.00010730521254105197,0.003422828971527069,0.0018187196983045866
0.9500000000000001,1.05,0.9,0.2,12,0.061220506117758464,2.58054193670389e-05,0.002448820244710339,0.0012502155417222084
0.9500000000000001,1.05,0.9,0.2,13,0.07372368530912457,2.3859417356192215e-05,0.002948947412364983,0.0014983331235386835
0.9500000000000001,1.05,0.9,0.2,14,0.05918448152046498,-2.1781928676495103e-05,0.002367379260818599,0.0012054715590857946
0.9500000000000001,1.05,0.9,0.2,15,0.047659606132019035,-2.7434576293065234e-06,0.0019063842452807615,0.0009559355802696873
0.9500000000000001,1.05,0.9500000000000001,0.05,1,0.06389727738461264,1.018717327749808e-06,0.0025558910953845057,0.0012789642650200025
0.9500000000000001,1.05,0.9500000000000001,0.05,2,0.09587303114374249,-2.372103940787601e-06,0.0038349212457496995,0.0019198327268156374
0.9500000000000001,1.05,0.9500000000000001,0.05,3,0.0699671421025438,-4.8790720497026867e-05,0.0027986856841017522,0.001448133562547903
0.9500000000000001,1.05,0.9500000000000001,0.05,4,0.09023643649120461,0.000187377543850811,0.0036094574596481845,0.001992106273674903
0.9500000000000001,1.05,0.9500000000000001,0.05,5,0.097502964111625,6.877675103391599e-05,0.003900118564465,0.002018836033266416
0.9500000000000001,1.05,0.9500000000000001,0.05,6,0.06592083959992778,-2.458588611000761e-05,0.0026368335839971114,0.0013430026781085633
0.9500000000000001,1.05,0.9500000000000001,0.05,7,0.061982194526113935,-4.346723668141089e-05,0.0024792877810445573,0.0012831111272036896
0.9500000000000001,1.05,0.9500000000000001,0.05,8,0.0746750021516929,9.59218516733022e-05,0.002987000086067716,0.00158942189470716
0.9500000000000001,1.05,0.9500000000000001,0.05,9,0.0768624240099092,0.0001405843359470112,0.003074496960396368,0.001677832816145195
0.9500000000000001,1.05,0.9500000000000001,0.05,10,0.095177742046669,-7.218537960896496e-05,0.00380710968186676,0.001975740220542345
0.9500000000000001,1.05,0.9500000000000001,0.05,11,0.0897066830620821,-0.00019485921353662076,0.003588267322483284,0.0019889928747782626
0.9500000000000001,1.05,0.9500000000000001,0.05,12,0.07001765169680754,4.812497528046459e-05,0.0028007060678723016,0.0014484780092166153
0.9500000000000001,1.05,0.9500000000000001,0.05,13,0.09591340282595234,3.511646705618311e-06,0.003836536113038094,0.0019217797032246653
0.9500000000000001,1.05,0.9500000000000001,0.05,14,0.063898521963213,-1.076121419982956e-06,0.00255594087852852,0.001279046560684243
0.9500000000000001,1.05,0.9500000000000001,0.05,15,0.0449513253625897,-1.0722321831435217e-06,0.0017980530145035882,0.0009000987394349377
0.9500000000000001,1.05,0.9500000000000001,0.1,1,0.04984722801077012,9.143115590405009e-06,0.001993889120430805,0.0010060876758058075
0.9500000000000001,1.05,0.9500000000000001,0.1,2,0.07382606793533855,3.500265297711627e-05,0.002953042717413542,0.0015115240116838873
0.9500000000000001,1.05,0.9500000000000001,0.1,3,0.05430840154394059,-5.814889577008962e-05,0.0021723360617576237,0.0011443169266489015
0.9500000000000001,1.05,0.9500000000000001,0.1,4,0.07631922879937032,0.00023170773795813397,0.003052769151974813,0.0017580923139455403
0.9500000000000001,1.05,0.9500000000000001,0.1,5,0.08478789875568196,5.6829128894328744e-05,0.0033915159502272787,0.0017525871040079681
0.9500000000000001,1.05,0.9500000000000001,0.1,6,0.061135932556210096,1.131680526360368e-05,0.0024454373022484038,0.0012340354563878057
0.9500000000000001,1.05,0.9500000000000001,0.1,7,0.05198497553696913,-5.7748682012112194e-05,0.0020793990214787654,0.0010974481927514949
0.9500000000000001,1.05,0.9500000000000001,0.1,8,0.07026982981855613,0.00010186804847362042,0.002810793192742245,0.001507264644844743
0.9500000000000001,1.05,0.9500000000000001,0.1,9,0.07595193806870729,-6.968065007772982e-05,0.0030380775227482914,0.0015887194114518755
0.9500000000000001,1.05,0.9500000000000001,0.1,10,0.0904861101161863,-6.162394743253229e-05,0.003619444404647452,0.0018713461497562585
0.9500000000000001,1.05,0.9500000000000001,0.1,11,0.08329542861606466,-0.00021417548547478634,0.0033318171446425865,0.0018800840577960795
0.9500000000000001,1.05,0.9500000000000001,0.1,12,0.06067808822941653,5.443139649972338e-05,0.0024271235291766615,0.0012679931610880542
0.9500000000000001,1.05,0.9500000000000001,0.1,13,0.07418304481087291,-3.8441591307187886e-05,0.0029673217924349165,0.001522102487524646
0.9500000000000001,1.05,0.9500000000000001,0.1,14,0.06264499340540758,-5.32039740627531e-06,0.002505799736216303,0.0012582202655144268
0.9500000000000001,1.05,0.9500000000000001,0.1,15,0.045726394745719885,-1.7421121368735034e-06,0.0018290557898287955,0.0009162700070512712
0.9500000000000001,1.05,0.9500000000000001,0.2,1,0.046976311217118046,1.5832646576510103e-05,0.001879052448684722,0.0009553588709188711
0.9500000000000001,1.05,0.9500000000000001,0.2,2,0.07307824849300856,-2.453084291528321e-05,0.0029231299397203428,0.0014860958127754546
0.9500000000000001,1.05,0.9500000000000001,0.2,3,0.05505132609427742,-3.4814742562174255e-05,0.002202053043771097,0.0011358412644477227
0.9500000000000001,1.05,0.9500000000000001,0.2,4,0.07716530013809962,0.00011746657903132548,0.0030866120055239848,0.001660772581793318
0.9500000000000001,1.05,0.9500000000000001,0.2,5,0.08685765111228075,8.322271622393858e-05,0.00347430604449123,0.0018203757384695537
0.9500000000000001,1.05,0.9500000000000001,0.2,6,0.05835412578868892,-1.8702496479424065e-05,0.0023341650315475567,0.0011857850122532023
0.9500000000000001,1.05,0.9500000000000001,0.2,7,0.054584236628374985,-4.679197491306067e-05,0.0021833694651349996,0.0011384767074805605
0.9500000000000001,1.05,0.9500000000000001,0.2,8,0.07334089509047628,0.00012024661605297534,0.0029336358036190515,0.0015870645178625012
0.9500000000000001,1.05,0.9500000000000001,0.2,9,0.07409991048850163,-3.308512239425372e-05,0.0029639964195400654,0.0015150833321642865
0.9500000000000001,1.05,0.9500000000000001,0.2,10,0.09329449557389968,-0.00010519583221461485,0.0037317798229559874,0.0019710857436926084
0.9500000000000001,1.05,0.9500000000000001,0.2,11,0.08559492239315115,-0.00010683196845024289,0.003423796895726046,0.001818730416313266
0.9500000000000001,1.05,0.9500000000000001,0.2,12,0.06120000483135139,2.629489007470631e-05,0.0024480001932540556,0.001250294986701734
0.9500000000000001,1.05,0.9500000000000001,0.2,13,0.07358259060558005,2.431979697042353e-05,0.002943303624223202,0.0014959716090820246
0.9500000000000001,1.05,0.9500000000000001,0.2,14,0.059160371433255324,-2.241460310030185e-05,0.002366414857330213,0.0012056220317654084
0.9500000000000001,1.05,0.9500000000000001,0.2,15,0.04771696854470399,-2.886362947547203e-06,0.0019086787417881596,0.000957225733841627
0.9500000000000001,1.05,1.0,0.05,1,0.06381758812233831,1.1579737265905924e-06,0.0025527035248935326,0.0012775097361733569
0.9500000000000001,1.05,1.0,0.05,2,0.0957372746596182,-1.916660833623869e-06,0.0038294909863847283,0.0019166621540259881
0.9500000000000001,1.05,1.0,0.05,3,0.06986929318243003,-4.8960692896673386e-05,0.0027947717272972013,0.001446346556545274
0.9500000000000001,1.05,1.0,0.05,4,0.09011104437302779,0.00018688051147455214,0.0036044417749211115,0.001989101398935108
0.9500000000000001,1.05,1.0,0.05,5,0.09748031052562411,6.840165241465496e-05,0.0038992124210249644,0.0020180078629271373
0.9500000000000001,1.05,1.0,0.05,6,0.06583176424484509,-2.4214896949368e-05,0.0026332705697938038,0.0013408501818462698
0.9500000000000001,1.05,1.0,0.05,7,0.06188565270501748,-4.128357694145124e-05,0.0024754261082006995,0.001278996631041801
0.9500000000000001,1.05,1.0,0.05,8,0.07455337226126268,9.473632005354075e-05,0.0029821348904505076,0.0015858037652787945
0.9500000000000001,1.05,1.0,0.05,9,0.07673866495105232,0.000138716276772436,0.0030695465980420927,0.0016734895757934823
0.9500000000000001,1.05,1.0,0.05,10,0.09508023242076744,-7.171591293707961e-05,0.0038032092968306977,0.0019733205613524283
0.9500000000000001,1.05,1.0,0.05,11,0.08959323606906895,-0.00019557085023773728,0.0035837294427627582,0.0019874355716191163
0.9500000000000001,1.05,1.0,0.05,12,0.06992172302069724,4.7232945273745974e-05,0.0027968689208278897,0.0014456674056876908
0.9500000000000001,1.05,1.0,0.05,13,0.09578870317642207,3.0727287740964294e-06,0.003831548127056883,0.001918846792302538
0.9500000000000001,1.05,1.0,0.05,14,0.06381887645605203,-1.1967392278625913e-06,0.002552755058242081,0.001277574268348903
0.9500000000000001,1.05,1.0,0.05,15,0.04488375529843298,-1.1148594652174964e-06,0.001795350211937319,0.000898789965433877
0.9500000000000001,1.05,1.0,0.1,1,0.04973511265032278,9.475567490453433e-06,0.0019894045060129114,0.001004177820496909
0.9500000000000001,1.05,1.0,0.1,2,0.0737156388012474,3.524237587967939e-05,0.002948625552049896,0.0015095551519046274
0.9500000000000001,1.05,1.0,0.1,3,0.054233035792104506,-5.757269786029113e-05,0.0021693214316841803,0.0011422334137023813
0.9500000000000001,1.05,1.0,0.1,4,0.07624127771519626,0.00023065038639572642,0.0030496511086078506,0.0017554759406996517
0.9500000000000001,1.05,1.0,0.1,5,0.08467482492169204,5.575366310933165e-05,0.0033869929968676814,0.0017492501615431724
0.9500000000000001,1.05,1.0,0.1,6,0.06097229335139447,1.0378014083811131e-05,0.002438891734055779,0.0012298238811117006
0.9500000000000001,1.05,1.0,0.1,7,0.051974621234211316,-5.792403913592242e-05,0.0020789848493684526,0.0010974164638201487
0.9500000000000001,1.05,1.0,0.1,8,0.0702820260136824,9.771683405200191e-05,0.002811281040547296,0.0015033573543256499
0.9500000000000001,1.05,1.0,0.1,9,0.0758812775750939,-7.030209994058411e-05,0.0030352511030037562,0.0015879276514424623
0.9500000000000001,1.05,1.0,0.1,10,0.09039917453424325,-6.14737761933834e-05,0.00361596698136973,0.0018694572668782484
0.9500000000000001,1.05,1.0,0.1,11,0.08328023873267648,-0.00021241896435750344,0.0033312095493070594,0.001878023739011033
0.9500000000000001,1.05,1.0,0.1,12,0.06061349156577511,5.468611363967745e-05,0.0024245396626310046,0.0012669559449551798
0.9500000000000001,1.05,1.0,0.1,13,0.0741074805899026,-3.743208632311611e-05,0.002964299223596104,0.0015195816981211682
0.9500000000000001,1.05,1.0,0.1,14,0.0626037267937736,-5.479157549866402e-06,0.002504149071750944,0.0012575536934253384
0.9500000000000001,1.05,1.0,0.1,15,0.04575141622903902,-1.7710035409895613e-06,0.001830056649161561,0.00091679932812177
0.9500000000000001,1.05,1.0,0.2,1,0.046877520055977534,1.5687797798512102e-05,0.0018751008022391013,0.0009532381989180627
0.9500000000000001,1.05,1.0,0.2,2,0.07301953600944623,-2.4886012078437326e-05,0.0029207814403778495,0.0014852767322673622
0.9500000000000001,1.05,1.0,0.2,3,0.05500817042693833,-3.482509905852593e-05,0.002200326817077533,0.0011349885075972925
0.9500000000000001,1.05,1.0,0.2,4,0.07722716218029808,0.00011744639058509529,0.0030890864872119236,0.001661989634191057
0.9500000000000001,1.05,1.0,0.2,5,0.08683208862242524,8.219543318754609e-05,0.0034732835448970096,0.001818837205636051
0.9500000000000001,1.05,1.0,0.2,6,0.05829227158198022,-1.7864182464585213e-05,0.002331690863279209,0.0011837096141041896
0.9500000000000001,1.05,1.0,0.2,7,0.05456879181861063,-4.5864691490400374e-05,0.0021827516727444254,0.001137240527862613
0.9500000000000001,1.05,1.0,0.2,8,0.07340819954672027,0.00011807802570480367,0.002936327981868811,0.0015862420166392092
0.9500000000000001,1.05,1.0,0.2,9,0.07411090165829332,-3.446430053167336e-05,0.0029644360663317326,0.0015166823336975398
0.9500000000000001,1.05,1.0,0.2,10,0.09330434534253212,-0.00010323251587163757,0.0037321738137012853,0.00196931942272228
0.9500000000000001,1.05,1.0,0.2,11,0.08563345393848495,-0.00010637513532351952,0.003425338157539398,0.0018190442140932185
0.9500000000000001,1.05,1.0,0.2,12,0.061202901728709264,2.6808789260264923e-05,0.002448116069148371,0.0012508668238344503
0.9500000000000001,1.05,1.0,0.2,13,0.07347685389164597,2.385702640745827e-05,0.002939074155665839,0.0014933941042403777
0.9500000000000001,1.05,1.0,0.2,14,0.05916807404145271,-2.213183119649674e-05,0.0023667229616581085,0.001205493312025551
0.9500000000000001,1.05,1.0,0.2,15,0.047774508592048466,-3.0291026998538313e-06,0.0019109803436819387,0.0009585192745408231
0.9500000000000001,1.05,1.05,0.05,1,0.06374560374768548,9.181065362753464e-07,0.0025498241499074194,0.001275830181489985
0.9500000000000001,1.05,1.05,0.05,2,0.09561467748838232,-1.0838467563583046e-06,0.0038245870995352927,0.0019133773965240046
0.9500000000000001,1.05,1.05,0.05,3,0.06978113318140855,-4.9142975555866603e-05,0.002791245327256342,0.0014447656391840377
0.9500000000000001,1.05,1.05,0.05,4,0.08999992270777914,0.00018639329095030378,0.0035999969083111657,0.001986391745105887
0.9500000000000001,1.05,1.05,0.05,5,0.09747147085472815,6.76325197724106e-05,0.003898858834189126,0.0020170619368669734
0.9500000000000001,1.05,1.05,0.05,6,0.06575139296467294,-2.3442298503561025e-05,0.002630055718586918,0.00133847015779702
0.9500000000000001,1.05,1.05,0.05,7,0.061798692627582905,-3.9099097581311425e-05,0.0024719477051033164,0.0012750729501329696
0.9500000000000001,1.05,1.05,0.05,8,0.0744444595395659,9.354877408534921e-05,0.002977778381582636,0.0015824379648766672
0.9500000000000001,1.05,1.05,0.05,9,0.07662751881626902,0.0001363943214595455,0.0030651007526507606,0.0016689446977849259
0.9500000000000001,1.05,1.05,0.05,10,0.09499743656528215,-7.084637769717173e-05,0.003799897462611286,0.0019707951090028146
0.9500000000000001,1.05,1.05,0.05,11,0.08949385221859288,-0.0001962925448242747,0.003579754088743715,0.0019861695891961323
0.9500000000000001,1.05,1.05,0.05,12,0.06983551896623703,4.6353408885397445e-05,0.0027934207586494814,0.001443063788210138
0.9500000000000001,1.05,1.05,0.05,13,0.09567719555011306,2.257180639208868e-06,0.0038270878220045225,0.0019158010916414702
0.9500000000000001,1.05,1.05,0.05,14,0.06374691557053035,-9.392945792551394e-07,0.002549876622821214,0.0012758776059898622
0.9500000000000001,1.05,1.05,0.05,15,0.044823766342264565,-1.1574108477756088e-06,0.0017929506536905825,0.0008976327376930669
0.9500000000000001,1.05,1.05,0.1,1,0.04964170048209566,9.087206634037629e-06,0.0019856680192838266,0.001001921216275951
0.9500000000000001,1.05,1.05,0.1,2,0.07362875962748167,3.618670516633484e-05,0.002945150385099267,0.0015087618977159684
0.9500000000000001,1.05,1.05,0.1,3,0.054174392730678825,-5.7019283238320436e-05,0.002166975709227153,0.0011405071378518968
0.9500000000000001,1.05,1.05,0.1,4,0.07618030930245787,0.0002296104831095601,0.0030472123720983145,0.0017532166691587173
0.9500000000000001,1.05,1.05,0.1,5,0.08458608968682889,5.397084521992477e-05,0.0033834435874731555,0.0017456926389565026
0.9500000000000001,1.05,1.05,0.1,6,0.06082808970102924,1.01546193251582e-05,0.0024331235880411697,0.0012267164133457431
0.9500000000000001,1.05,1.05,0.1,7,0.051974484954311645,-5.809945687206588e-05,0.002078979398172466,0.0010975891559582987
0.9500000000000001,1.05,1.05,0.1,8,0.07030332700323215,9.356593018342742e-05,0.002812133080129286,0.0014996324702480704
0.9500000000000001,1.05,1.05,0.1,9,0.07582985669080454,-7.164970367725787e-05,0.0030331942676321815,0.0015882468374933487
0.9500000000000001,1.05,1.05,0.1,10,0.0903365814688678,-6.0618101769503165e-05,0.0036134632587547125,0.0018673497311468593
0.9500000000000001,1.05,1.05,0.1,11,0.08328074907228065,-0.00021067822819200672,0.003331229962891226,0.0018762932096376198
0.9500000000000001,1.05,1.05,0.1,12,0.060566260658903276,5.4963062580521184e-05,0.002422650426356131,0.0012662882757585867
0.9500000000000001,1.05,1.05,0.1,13,0.07405562615983938,-3.712751244895698e-05,0.0029622250463935754,0.0015182400356457447
0.9500000000000001,1.05,1.05,0.1,14,0.06258206236987396,-4.924124312758745e-06,0.0025032824947949584,0.001256565371710238
0.9500000000000001,1.05,1.05,0.1,15,0.045778265752891234,-1.7998382847358466e-06,0.0018311306301156494,0.0009173651533425605
0.9500000000000001,1.05,1.05,0.2,1,0.046799005087851425,1.4710078763355704e-05,0.001871960203514057,0.0009506901805203841
0.9500000000000001,1.05,1.05,0.2,2,0.0729913845743864,-2.4451605872542932e-05,0.002919655382975456,0.001484279297360271
0.9500000000000001,1.05,1.05,0.2,3,0.05498274154624289,-3.4856889300906034e-05,0.0021993096618497156,0.001134511720225764
0.9500000000000001,1.05,1.05,0.2,4,0.07730332417880542,0.00011744261338765435,0.003092132967152217,0.0016635090969637628
0.9500000000000001,1.05,1.05,0.2,5,0.08683227632629012,8.039097411519985e-05,0.0034732910530516047,0.0018170365006410021
0.9500000000000001,1.05,1.05,0.2,6,0.05825772570548939,-1.624292133330953e-05,0.0023303090282195756,0.0011813974354430972
0.9500000000000001,1.05,1.05,0.2,7,0.05456172038227436,-4.4936189190190835e-05,0.0021824688152909744,0.001136170596835678
0.9500000000000001,1.05,1.05,0.2,8,0.0734815616731575,0.00011590560973640939,0.0029392624669263004,0.0015855368431995595
0.9500000000000001,1.05,1.05,0.2,9,0.07413676862587872,-3.661255472707223e-05,0.0029654707450351486,0.0015193479272446466
0.9500000000000001,1.05,1.05,0.2,10,0.09333814961223022,-0.000100504260222932,0.003733525984489209,0.0019672672524675364
0.9500000000000001,1.05,1.05,0.2,11,0.08568361790059437,-0.0001059322380421584,0.0034273447160237747,0.0018196045960540458
0.9500000000000001,1.05,1.05,0.2,12,0.06122554228503341,2.7343483867047855e-05,0.0024490216914013364,0.001251854329567716
0.9500000000000001,1.05,1.05,0.2,13,0.07340089394426935,2.260731134933499e-05,0.002936035757770774,0.001490625190234722
0.9500000000000001,1.05,1.05,0.2,14,0.05920287054325504,-2.1068811417519874e-05,0.002368114821730202,0.0012051262222826209
0.9500000000000001,1.05,1.05,0.2,15,0.047832013164789175,-3.171700776407923e-06,0.001913280526591567,0.0009598119640721914
0.9500000000000001,1.05,1.1,0.05,1,0.063680267053292,3.5207992429984374e-07,0.00254721068213168,0.00127395742099014
0.9500000000000001,1.05,1.1,0.05,2,0.09550346093316933,7.364567510196605e-08,0.003820138437326773,0.0019101428643384885
0.9500000000000001,1.05,1.1,0.05,3,0.0697013718166994,-4.933584295453865e-05,0.002788054872667976,0.0014433632792885266
0.9500000000000001,1.05,1.1,0.05,4,0.08990113433406716,0.00018591449773325177,0.0035960453733626862,0.001983937184414595
0.9500000000000001,1.05,1.1,0.05,5,0.0974746007599728,6.65243331089892e-05,0.003898984030398912,0.0020160163483084453
0.9500000000000001,1.05,1.1,0.05,6,0.06567855732254317,-2.232414883140595e-05,0.002627142292901727,0.0013358952952822695
0.9500000000000001,1.05,1.1,0.05,7,0.06172001946809484,-3.691390970209969e-05,0.0024688007787237935,0.0012713142990639964
0.9500000000000001,1.05,1.1,0.05,8,0.07434652439354879,9.235948796859639e-05,0.0029738609757419517,0.0015792899758395721
0.9500000000000001,1.05,1.1,0.05,9,0.07652726647264846,0.00013368172439623963,0.0030610906589059383,0.0016642270538492088
0.9500000000000001,1.05,1.1,0.05,10,0.0949273407900456,-6.963258244960599e-05,0.003797093631601824,0.001968179398250518
0.9500000000000001,1.05,1.1,0.05,11,0.08940660613150664,-0.00019702287895039872,0.0035762642452602657,0.0019851550015805314
0.9500000000000001,1.05,1.1,0.05,12,0.06975775048148071,4.5484615629558345e-05,0.0027903100192592286,0.0014406396252591726
0.9500000000000001,1.05,1.1,0.05,13,0.09557710056216474,1.1175929890912237e-06,0.00382308402248659,0.001912659604232386
0.9500000000000001,1.05,1.1,0.05,14,0.063681590700143,-3.5660560423834883e-07,0.00254726362800572,0.0012739884196070984
0.9500000000000001,1.05,1.1,0.05,15,0.04477036422544537,-1.1998967796322737e-06,0.0017908145690178148,0.0008966071812885396
0.9500000000000001,1.05,1.1,0.1,1,0.04956439000752573,8.079030952293627e-06,0.0019825756003010292,0.0009993668311028083
0.9500000000000001,1.05,1.1,0.1,2,0.07356211961943872,3.7736935577103696e-05,0.002942484784777549,0.0015089793279658781
0.9500000000000001,1.05,1.1,0.1,3,0.05413012656898327,-5.648544976104582e-05,0.002165205062759331,0.0011390879811407114
0.9500000000000001,1.05,1.1,0.1,4,0.07613385757565921,0.0002285855595506422,0.0030453543030263684,0.0017512627110638265
0.9500000000000001,1.05,1.1,0.1,5,0.0845182612744853,5.157976256177019e-05,0.0033807304509794124,0.0017419449880514764
0.9500000000000001,1.05,1.1,0.1,6,0.06070065550430789,1.0546357639282139e-05,0.002428026220172316,0.00122455946772544
0.9500000000000001,1.05,1.1,0.1,7,0.05198300511954432,-5.827492541006322e-05,0.0020793202047817727,0.0010979350278009494
0.9500000000000001,1.05,1.1,0.1,8,0.07033237280430137,8.941529191538783e-05,0.0028132949121720545,0.001496062748001415
0.9500000000000001,1.05,1.1,0.1,9,0.07579501999210214,-7.362171361160165e-05,0.0030318007996840857,0.0015895221134536446
0.9500000000000001,1.05,1.1,0.1,10,0.0902948324063902,-5.915576018609318e-05,0.0036117932962556084,0.0018650524083138973
0.9500000000000001,1.05,1.1,0.1,11,0.08329463289946834,-0.00020895103718176358,0.0033317853159787335,0.0018748436951711302
0.9500000000000001,1.05,1.1,0.1,12,0.0605339711687502,5.525911643718809e-05,0.002421358846750008,0.001265938539812192
0.9500000000000001,1.05,1.1,0.1,13,0.07402416311948778,-3.742911968210815e-05,0.0029609665247795113,0.001517912382071864
0.9500000000000001,1.05,1.1,0.1,14,0.06257731496767129,-3.7553451570955526e-06,0.0025030925987068516,0.0012553016445105215
0.9500000000000001,1.05,1.1,0.1,15,0.04580663190038294,-1.8286241547014321e-06,0.0018322652760153178,0.0009179612621623603
0.9500000000000001,1.05,1.1,0.2,1,0.046738132224149936,1.3016554353113335e-05,0.0018695252889659975,0.0009477791988361121
0.9500000000000001,1.05,1.1,0.2,2,0.07298921831795595,-2.3338651660964407e-05,0.002919568732718238,0.0014831230180200835
0.9500000000000001,1.05,1.1,0.2,3,0.05497226619236758,-3.490707880664536e-05,0.002198890647694703,0.0011343524026539969
0.9500000000000001,1.05,1.1,0.2,4,0.07739147775530351,0.00011745290523030924,0.003095659110212141,0.0016652824603363796
0.9500000000000001,1.05,1.1,0.2,5,0.08685422738232215,7.791865975847974e-05,0.003474169095292886,0.0018150032074049228
0.9500000000000001,1.05,1.1,0.2,6,0.058246563912068915,-1.394890718785091e-05,0.002329862556482757,0.0011788801854292293
0.9500000000000001,1.05,1.1,0.2,7,0.054561503686666665,-4.40066343327731e-05,0.0021824601474666667,0.0011352367080661064
0.9500000000000001,1.05,1.1,0.2,8,0.07355990746333327,0.0001137298932725635,0.0029423962985333308,0.0015849280425392289
0.9500000000000001,1.05,1.1,0.2,9,0.07417400039079586,-3.942160346579577e-05,0.002966960015631834,0.0015229016112817129
0.9500000000000001,1.05,1.1,0.2,10,0.09339204889949608,-9.711870008077402e-05,0.0037356819559798433,0.0019649596780706956
0.9500000000000001,1.05,1.1,0.2,11,0.08574337530476348,-0.00010550127517088776,0.003429735012190539,0.0018203687812661574
0.9500000000000001,1.05,1.1,0.2,12,0.061265008298448886,2.7896027256286995e-05,0.0024506003319379557,0.0012531961932252648
0.9500000000000001,1.05,1.1,0.2,13,0.07335025183589552,2.068131519026997e-05,0.002934010073435821,0.0014876863519081805
0.9500000000000001,1.05,1.1,0.2,14,0.05926094255710652,-1.9335365882118565e-05,0.0023704377022842607,0.0012045542170242489
0.9500000000000001,1.05,1.1,0.2,15,0.04788937260817544,-3.3141766839102857e-06,0.0019155749043270177,0.0009611016288474191
0.9500000000000001,1.1,0.9,0.05,1,0.05516150148438082,-7.4322131704746865e-09,0.002206460059375233,0.001103237461900787
0.9500000000000001,1.1,0.9,0.05,2,0.08117374781425277,2.7549011244257373e-08,0.003246949912570111,0.0016235025052962998
0.9500000000000001,1.1,0.9,0.05,3,0.05921119259899972,4.9001227938712597e-08,0.002368447703959989,0.0011842728532079332
0.9500000000000001,1.1,0.9,0.05,4,0.07588997995809496,2.7665478236920294e-08,0.0030355991983237983,0.001517827264640136
0.9500000000000001,1.1,0.9,0.05,5,0.08552058485848137,-1.5856074625656476e-07,0.0034208233943392547,0.001710570257915884
0.9500000000000001,1.1,0.9,0.05,6,0.056162632298668975,1.9736623486696207e-08,0.002246505291946759,0.0011232723825968663
0.9500000000000001,1.1,0.9,0.05,7,0.051692055699106704,6.068336464765104e-08,0.002067682227964268,0.0010339017973467817
0.9500000000000001,1.1,0.9,0.05,8,0.06241922808691684,-2.0134989619184093e-07,0.0024967691234766736,0.0012485859116345287
0.9500000000000001,1.1,0.9,0.05,9,0.06400016770890787,-6.25665401341992e-07,0.002560006708356315,0.0012806290195794996
0.9500000000000001,1.1,0.9,0.05,10,0.084513672947013,1.43399818513192e-07,0.0033805469178805198,0.001690416858758773
0.9500000000000001,1.1,0.9,0.05,11,0.0799012104387968,2.7194876529943596e-08,0.0031960484175518724,0.0015980514036524661
0.9500000000000001,1.1,0.9,0.05,12,0.05927443664765006,5.80200729670161e-08,0.0023709774659060024,0.0011855467530259682
0.9500000000000001,1.1,0.9,0.05,13,0.08117444034441826,-4.039642799984905e-08,0.0032469776137767302,0.001623529203316365
0.9500000000000001,1.1,0.9,0.05,14,0.055163371589221875,6.8313869819295226e-09,0.0022065348635688753,0.0011032742631714196
0.9500000000000001,1.1,0.9,0.05,15,0.03737158074718425,7.930112158828235e-10,0.0014948632298873701,0.0007474324079549009
0.9500000000000001,1.1,0.9,0.1,1,0.03422355137301777,6.861729547134442e-09,0.0013689420549207107,0.0006844778891899024
0.9500000000000001,1.1,0.9,0.1,2,0.05610702590063516,9.255002125554946e-09,0.0022442810360254065,0.0011221497730148288
0.9500000000000001,1.1,0.9,0.1,3,0.044821441260543465,8.915802394118046e-09,0.0017928576504217387,0.0008964377410132635
0.9500000000000001,1.1,0.9,0.1,4,0.06587990953623253,6.01057831945033e-08,0.002635196381449301,0.0013176582965078452
0.9500000000000001,1.1,0.9,0.1,5,0.07083635965334822,9.156040499130218e-08,0.002833454386133929,0.0014168187534719559
0.9500000000000001,1.1,0.9,0.1,6,0.05035655237710199,4.656055478905613e-07,0.0020142620950840797,0.0010075966530899304
0.9500000000000001,1.1,0.9,0.1,7,0.05033565689982268,-1.6568385272439638e-09,0.0020134262759929074,0.001006714794834981
0.9500000000000001,1.1,0.9,0.1,8,0.06752240449991531,1.4851200005509764e-07,0.0027008961799966126,0.0013505966019983614
0.9500000000000001,1.1,0.9,0.1,9,0.068404929527982,-6.803392150228789e-07,0.00273619718111928,0.0013687789297746628
0.9500000000000001,1.1,0.9,0.1,10,0.07833883837604479,-1.967321409257353e-08,0.0031335535350417915,0.0015667964407349883
0.9500000000000001,1.1,0.9,0.1,11,0.07599474459376868,-1.4446365993624124e-07,0.0030397897837507472,0.00152003935553531
0.9500000000000001,1.1,0.9,0.1,12,0.049301961915270635,9.630066402019423e-08,0.0019720784766108254,0.0009861355389694328
0.9500000000000001,1.1,0.9,0.1,13,0.05620839291100576,1.4583052155180598e-07,0.0022483357164402302,0.0011243136887416668
0.9500000000000001,1.1,0.9,0.1,14,0.04780031564275605,-2.3107463753332795e-08,0.0019120126257102421,0.0009560294203188744
0.9500000000000001,1.1,0.9,0.1,15,0.047421626756064386,2.865339865064325e-10,0.0018968650702425754,0.0009484328216552742
0.9500000000000001,1.1,0.9,0.2,1,0.034335272611252896,8.305535266566702e-08,0.0013734109044501158,0.0006867885075777236
0.9500000000000001,1.1,0.9,0.2,2,0.055003154188483803,5.816302603295896e-09,0.0022001261675393523,0.0011000689000722796
0.9500000000000001,1.1,0.9,0.2,3,0.04371427019475381,-4.911076380513643e-08,0.0017485708077901523,0.0008743345146588813
0.9500000000000001,1.1,0.9,0.2,4,0.06528909068178544,7.705179107027219e-08,0.002611563627271418,0.0013058588654267793
0.9500000000000001,1.1,0.9,0.2,5,0.06968102646594698,1.415962350692378e-07,0.0027872410586378795,0.001393762125554009
0.9500000000000001,1.1,0.9,0.2,6,0.04897323441546644,1.4463251969574288e-07,0.0019589293766186576,0.0009796093208290246
0.9500000000000001,1.1,0.9,0.2,7,0.048912545656617,-9.856826671712358e-11,0.00195650182626468,0.0009782510117006067
0.9500000000000001,1.1,0.9,0.2,8,0.06721875408284358,3.4315846745662928e-09,0.0026887501633137433,0.0013443785132415463
0.9500000000000001,1.1,0.9,0.2,9,0.06680280360275523,-1.0018311972810606e-06,0.0026721121441102094,0.0013370579032523856
0.9500000000000001,1.1,0.9,0.2,10,0.07795456007927243,-9.514215441458872e-08,0.003118182403170897,0.0015591863437398631
0.9500000000000001,1.1,0.9,0.2,11,0.07548560530150389,-2.608656038609016e-07,0.0030194242120601556,0.0015099729716339387
0.9500000000000001,1.1,0.9,0.2,12,0.04821137071400006,9.90768702242941e-08,0.0019284548285600023,0.0009643264911502255
0.9500000000000001,1.1,0.9,0.2,13,0.05517290435505895,1.7247852383615086e-07,0.002206916174202358,0.0011036305656250151
0.9500000000000001,1.1,0.9,0.2,14,0.04698254434773195,-1.546737335496887e-08,0.001879301773909278,0.000939666354327994
0.9500000000000001,1.1,0.9,0.2,15,0.046237938678495336,-1.8954746397716834e-08,0.0018495175471398134,0.0009247777283163044
0.9500000000000001,1.1,0.9500000000000001,0.05,1,0.05506382052144565,5.755414141383759e-07,0.002202552820857826,0.0011018519518430515
0.9500000000000001,1.1,0.9500000000000001,0.05,2,0.08102195392759173,-5.535070549744473e-07,0.0032408781571036695,0.0016209925856068093
0.9500000000000001,1.1,0.9500000000000001,0.05,3,0.05909305717270302,4.7466821936969843e-08,0.002363722286908121,0.0011819086102759974
0.9500000000000001,1.1,0.9500000000000001,0.05,4,0.07574115520987636,-1.5366219685523518e-08,0.0030296462083950542,0.0015148384704172127
0.9500000000000001,1.1,0.9500000000000001,0.05,5,0.08549218045785202,4.5399815053430296e-07,0.003419687218314081,0.0017102976073075748
0.9500000000000001,1.1,0.9500000000000001,0.05,6,0.056062846733257676,-5.839184233619025e-07,0.002242513869330307,0.0011218408530885154
0.9500000000000001,1.1,0.9500000000000001,0.05,7,0.05157971358154785,4.1858381963106196e-08,0.0020631885432619143,0.0010316361300129202
0.9500000000000001,1.1,0.9500000000000001,0.05,8,0.06228787538847073,-1.4985737955740074e-07,0.002491515015538829,0.001245907365148972
0.9500000000000001,1.1,0.9500000000000001,0.05,9,0.06386882306312847,5.741009751695624e-08,0.0025547529225251387,0.0012774338713600862
0.9500000000000001,1.1,0.9500000000000001,0.05,10,0.08444213783291375,-4.5284121767856576e-07,0.0033776855133165504,0.0016892955978759538
0.9500000000000001,1.1,0.9500000000000001,0.05,11,0.07973986028089183,4.0333825152694255e-08,0.0031895944112356736,0.0015948375394429894
0.9500000000000001,1.1,0.9500000000000001,0.05,12,0.05915497083749961,1.0002771446417601e-08,0.0023661988334999847,0.0011831094195214388
0.9500000000000001,1.1,0.9500000000000001,0.05,13,0.08103129676234327,5.448566574667519e-07,0.003241251870493731,0.0016211707919043324
0.9500000000000001,1.1,0.9500000000000001,0.05,14,0.0550658060799038,-5.72124030537191e-07,0.002202632243196152,0.0011018882456286132
0.9500000000000001,1.1,0.9500000000000001,0.05,15,0.037295480432613444,-1.2437872115697746e-09,0.0014918192173045378,0.0007459108524394805
0.9500000000000001,1.1,0.9500000000000001,0.1,1,0.03421116710971709,1.1015674998632118e-06,0.0013684466843886837,0.000685324909694205
0.9500000000000001,1.1,0.9500000000000001,0.1,2,0.056157340296075206,-1.0614211229175932e-06,0.0022462936118430085,0.001124208227044422
0.9500000000000001,1.1,0.9500000000000001,0.1,3,0.04486453959454625,4.0224839763004794e-08,0.0017945815837818499,0.0008973310167306879
0.9500000000000001,1.1,0.9500000000000001,0.1,4,0.0659335759137264,4.929559298009822e-08,0.0026373430365490558,0.001318720813867508
0.9500000000000001,1.1,0.9500000000000001,0.1,5,0.07086586195504306,1.1380363254449459e-06,0.0028346344782017225,0.0014184552754263062
0.9500000000000001,1.1,0.9500000000000001,0.1,6,0.050418988590368655,-6.333192960395785e-07,0.002016759543614746,0.0010090130911034126
0.9500000000000001,1.1,0.9500000000000001,0.1,7,0.05039851261077462,-9.54882819644977e-10,0.0020159405044309847,0.001007971207098312
0.9500000000000001,1.1,0.9500000000000001,0.1,8,0.06759358626692732,7.710779952929193e-08,0.002703743450677093,0.0013519488331380758
0.9500000000000001,1.1,0.9500000000000001,0.1,9,0.0684831233815675,3.7228592960405213e-07,0.0027393249352627,0.001370034753560954
0.9500000000000001,1.1,0.9500000000000001,0.1,10,0.07842588189532884,-1.0860592989911692e-06,0.003137035275813154,0.0015696036972055682
0.9500000000000001,1.1,0.9500000000000001,0.1,11,0.07608373661794492,-1.484572780250694e-07,0.0030433494647177967,0.0015218231896369234
0.9500000000000001,1.1,0.9500000000000001,0.1,12,0.049346606579142034,7.70695292410304e-08,0.0019738642631656816,0.000987009201112082
0.9500000000000001,1.1,0.9500000000000001,0.1,13,0.05625410583640795,1.1941876357357138e-06,0.002250164233456318,0.0011262763043638946
0.9500000000000001,1.1,0.9500000000000001,0.1,14,0.047833920860097474,-1.088037276023116e-06,0.001913356834403899,0.0009577664544779726
0.9500000000000001,1.1,0.9500000000000001,0.1,15,0.04746707662609408,-2.599701411602754e-09,0.0018986830650437633,0.0009493441322232933
0.9500000000000001,1.1,0.9500000000000001,0.2,1,0.03414513300480571,1.265430737807783e-06,0.0013658053201922285,0.0006841680908339221
0.9500000000000001,1.1,0.9500000000000001,0.2,2,0.05509667754812379,-1.1312848667239798e-06,0.002203867101924952,0.0011030648358291999
0.9500000000000001,1.1,0.9500000000000001,0.2,3,0.043813077905512365,-1.615150673049562e-08,0.0017525231162204946,0.0008762777096169778
0.9500000000000001,1.1,0.9500000000000001,0.2,4,0.06546100104744682,6.802612250577663e-08,0.002618440041897873,0.0013092880470714423
0.9500000000000001,1.1,0.9500000000000001,0.2,5,0.06985119521914156,1.2463814098374634e-06,0.0027940478087656625,0.0013982702857926687
0.9500000000000001,1.1,0.9500000000000001,0.2,6,0.049119825526303375,-9.703354221484838e-07,0.001964793021052135,0.000983366845948216
0.9500000000000001,1.1,0.9500000000000001,0.2,7,0.04904704590987534,1.278127852572388e-10,0.0019618818363950135,0.000980941046010292
0.9500000000000001,1.1,0.9500000000000001,0.2,8,0.06740385297484197,3.649324879137553e-09,0.0026961541189936787,0.0013480807088217185
0.9500000000000001,1.1,0.9500000000000001,0.2,9,0.066982680397145,9.076028740369303e-08,0.0026793072158858003,0.0013397443682303038
0.9500000000000001,1.1,0.9500000000000001,0.2,10,0.07816443963161201,-1.1971035270990649e-06,0.0031265775852644807,0.0015644858961593395
0.9500000000000001,1.1,0.9500000000000001,0.2,11,0.07568041425313435,-2.3465791945807455e-07,0.003027216570125374,0.0015138429429821451
0.9500000000000001,1.1,0.9500000000000001,0.2,12,0.04831046163958408,1.021122429009919e-07,0.0019324184655833633,0.0009663113450345827
0.9500000000000001,1.1,0.9500000000000001,0.2,13,0.05525297176743826,1.2808057260723293e-06,0.00221011887069753,0.0011063402410748375
0.9500000000000001,1.1,0.9500000000000001,0.2,14,0.04706409052802445,-1.1077467807491857e-06,0.001882563621120978,0.0009423895573412382
0.9500000000000001,1.1,0.9500000000000001,0.2,15,0.04635097826419968,-1.5688248263858387e-08,0.001854039130567987,0.0009270352535322574
0.9500000000000001,1.1,1.0,0.05,1,0.05497593252432516,7.302379937286756e-07,0.0021990373009730065,0.001100248888480232
0.9500000000000001,1.1,1.0,0.05,2,0.08088389187913642,-7.051570369698782e-07,0.0032353556751654566,0.0016183829946196983
0.9500000000000001,1.1,1.0,0.05,3,0.0589868539445112,3.435792210760503e-08,0.002359474157780448,0.0011797714368123316
0.9500000000000001,1.1,1.0,0.05,4,0.07560636537093343,-4.903027352939633e-08,0.0030242546148373374,0.001512176337692198
0.9500000000000001,1.1,1.0,0.05,5,0.08548039849508093,6.210343843187223e-07,0.0034192159398032376,0.0017102290042859374
0.9500000000000001,1.1,1.0,0.05,6,0.05597340054457337,-7.440405536900024e-07,0.002238936021782935,0.0011202120514451574
0.9500000000000001,1.1,1.0,0.05,7,0.05147866223947914,2.3534736282898496e-08,0.002059146489579166,0.0010295967795258658
0.9500000000000001,1.1,1.0,0.05,8,0.06216895703494951,-1.0013207560337258e-07,0.0024867582813979804,0.0012434792727745935
0.9500000000000001,1.1,1.0,0.05,9,0.06374981054113843,2.35930550549404e-07,0.002549992421645537,0.001275232141373318
0.9500000000000001,1.1,1.0,0.05,10,0.08438810153785897,-5.962359618209839e-07,0.003375524061514359,0.0016883582667190004
0.9500000000000001,1.1,1.0,0.05,11,0.0795952461961904,4.400730418083491e-08,0.0031838098478476165,0.001591948931227989
0.9500000000000001,1.1,1.0,0.05,12,0.05904746614711909,-2.6044754446228577e-08,0.0023618986458847635,0.001180975367696828
0.9500000000000001,1.1,1.0,0.05,13,0.08090197517905098,7.031539418909863e-07,0.0032360790071620394,0.0016187426575229107
0.9500000000000001,1.1,1.0,0.05,14,0.05497824503473958,-7.255213840603398e-07,0.0021991298013895834,0.001100290422078852
0.9500000000000001,1.1,1.0,0.05,15,0.03722808255039095,-3.1960602231966527e-09,0.0014891233020156382,0.0007445648470680423
0.9500000000000001,1.1,1.0,0.1,1,0.03419977211078749,1.3941616455522162e-06,0.0013679908844314995,0.000685389603861302
0.9500000000000001,1.1,1.0,0.1,2,0.05620175061121959,-1.3476249360223365e-06,0.0022480700244487837,0.0011253826371604141
0.9500000000000001,1.1,1.0,0.1,3,0.04490246677283555,5.0397805006696596e-08,0.001796098670913422,0.0008980997332617177
0.9500000000000001,1.1,1.0,0.1,4,0.06598027213237885,5.377549826102683e-08,0.002639210885295154,0.001319659218145838
0.9500000000000001,1.1,1.0,0.1,5,0.07088668281992486,1.4039846736308678e-06,0.0028354673127969944,0.0014191376410721281
0.9500000000000001,1.1,1.0,0.1,6,0.05047488898075973,-9.407779486057366e-07,0.0020189955592303894,0.0010104385575638005
0.9500000000000001,1.1,1.0,0.1,7,0.05045497786925726,-5.375522884689724e-10,0.0020181991147702905,0.0010091000949374338
0.9500000000000001,1.1,1.0,0.1,8,0.06765597570274655,7.382654829489303e-09,0.002706239028109862,0.0013531268967097605
0.9500000000000001,1.1,1.0,0.1,9,0.06855415949925675,6.413466516203145e-07,0.00274216637997027,0.0013717245366367554
0.9500000000000001,1.1,1.0,0.1,10,0.07850296121555914,-1.3766988990534124e-06,0.0031401184486223657,0.0015714359232102363
0.9500000000000001,1.1,1.0,0.1,11,0.0761626775159433,-1.6537706662817463e-07,0.003046507100637732,0.0015234189273854943
0.9500000000000001,1.1,1.0,0.1,12,0.04938602161218881,7.799614929471775e-08,0.0019754408644875525,0.000987798428393071
0.9500000000000001,1.1,1.0,0.1,13,0.056294720302537946,1.4581220721270228e-06,0.0022517888121015178,0.001127352528122886
0.9500000000000001,1.1,1.0,0.1,14,0.047862213350930556,-1.3655269265479384e-06,0.0019144885340372222,0.000958609793945159
0.9500000000000001,1.1,1.0,0.1,15,0.047508300369461076,-5.472587308951108e-09,0.001900332014778443,0.0009501714799765305
0.9500000000000001,1.1,1.0,0.2,1,0.034108524896539164,1.572513860624683e-06,0.0013643409958615665,0.0006837430117914079
0.9500000000000001,1.1,1.0,0.2,2,0.05517921954032265,-1.4378735176457184e-06,0.002207168781612906,0.0011050222643240988
0.9500000000000001,1.1,1.0,0.2,3,0.043901782293657904,-1.3938788514321451e-09,0.0017560712917463162,0.0008780370397520095
0.9500000000000001,1.1,1.0,0.2,4,0.06561586353692879,7.428789307372606e-08,0.0026246345414771516,0.0013123915586316496
0.9500000000000001,1.1,1.0,0.2,5,0.0700040614041323,1.53567769402174e-06,0.0028001624561652923,0.001401616905776668
0.9500000000000001,1.1,1.0,0.2,6,0.049252097881967785,-1.2726513586403549e-06,0.0019700839152787114,0.000986314608997996
0.9500000000000001,1.1,1.0,0.2,7,0.04916796475012587,4.7788146658381535e-11,0.001966718590005035,0.0009833593427906642
0.9500000000000001,1.1,1.0,0.2,8,0.06756981952677263,3.974503824783964e-09,0.0027027927810709053,0.0013514003650392774
0.9500000000000001,1.1,1.0,0.2,9,0.06714509714747145,3.84069630275885e-07,0.0026858038858988582,0.001343286012579705
0.9500000000000001,1.1,1.0,0.2,10,0.07835303143549449,-1.4989691184275727e-06,0.0031341212574197796,0.0015685595978283174
0.9500000000000001,1.1,1.0,0.2,11,0.07585446775378474,-2.2080592738794413e-07,0.0030341787101513897,0.0015173101610030828
0.9500000000000001,1.1,1.0,0.2,12,0.048398578691148025,1.2187942318179958e-07,0.001935943147645921,0.0009680934532461423
0.9500000000000001,1.1,1.0,0.2,13,0.05532382119173252,1.5628606245047903e-06,0.002212952847669301,0.0011080392844591551
0.9500000000000001,1.1,1.0,0.2,14,0.047131238204949584,-1.3926488443309076e-06,0.0018852495281979835,0.0009440174129433227
0.9500000000000001,1.1,1.0,0.2,15,0.04645298494865048,-1.237790552486192e-08,0.0018581193979460193,0.0009290720768785345
0.9500000000000001,1.1,1.05,0.05,1,0.054896422903317046,5.194475543637744e-07,0.002195856916132682,0.0010984479056207047
0.9500000000000001,1.1,1.05,0.05,2,0.08075758536762612,-4.903230620419317e-07,0.003230303414705045,0.0016156420304145643
0.9500000000000001,1.1,1.05,0.05,3,0.058890921450135705,1.1377459464418087e-08,0.0023556368580054284,0.0011778298064621785
0.9500000000000001,1.1,1.05,0.05,4,0.07548326429437702,-7.471409227521983e-08,0.0030193305717750806,0.0015097399999798155
0.9500000000000001,1.1,1.05,0.05,5,0.08548289911617682,4.0779125801174664e-07,0.0034193159646470728,0.0017100657735815482
0.9500000000000001,1.1,1.05,0.05,6,0.055892845406241225,-5.256216171903584e-07,0.002235713816249649,0.0011183825297420148
0.9500000000000001,1.1,1.05,0.05,7,0.05138727568531003,5.641407023814713e-09,0.002055491027412401,0.0010277511551132243
0.9500000000000001,1.1,1.05,0.05,8,0.062060661278251356,-5.192189064439967e-08,0.002482426451130054,0.0012412651474556714
0.9500000000000001,1.1,1.05,0.05,9,0.06364136490165918,-1.6301968512065826e-08,0.0025456545960663673,0.0012728436000016957
0.9500000000000001,1.1,1.05,0.05,10,0.08434905583060104,-3.5308326392048596e-07,0.0033739622332240415,0.0016873341998759413
0.9500000000000001,1.1,1.05,0.05,11,0.07946495600183395,3.9617321171818995e-08,0.0031785982400733583,0.001589338737357851
0.9500000000000001,1.1,1.05,0.05,12,0.05895026829545205,-5.188191417381679e-08,0.002358010731818082,0.001179057247823215
0.9500000000000001,1.1,1.05,0.05,13,0.08078453849563066,4.970638348293822e-07,0.003231381539825227,0.0016161878337474429
0.9500000000000001,1.1,1.05,0.05,14,0.05489897793545716,-5.157581587339382e-07,0.0021959591174182864,0.001098495316867877
0.9500000000000001,1.1,1.05,0.05,15,0.03716821767812092,-5.0760304005536105e-09,0.0014867287071248366,0.0007433694295928189
0.9500000000000001,1.1,1.05,0.1,1,0.03418800729915574,1.0024609563557966e-06,0.0013675202919662297,0.0006847626069394707
0.9500000000000001,1.1,1.05,0.1,2,0.05624104979278237,-9.645709729878566e-07,0.002249641991711295,0.0011257855668286353
0.9500000000000001,1.1,1.05,0.1,3,0.04493595053744092,4.25486296851871e-08,0.001797438021497637,0.0008987615593785037
0.9500000000000001,1.1,1.05,0.1,4,0.06602089418760686,7.127587834923128e-08,0.0026408357675042743,0.0013204891596304863
0.9500000000000001,1.1,1.05,0.1,5,0.07089999966242098,1.0040570472529952e-06,0.0028359999864968396,0.0014190040502956728
0.9500000000000001,1.1,1.05,0.1,6,0.05052533084994067,-5.730714879013558e-07,0.0020210132339976267,0.0010110796884867147
0.9500000000000001,1.1,1.05,0.1,7,0.050505952722658135,-3.628828191981841e-10,0.0020202381089063255,0.001010119417335982
0.9500000000000001,1.1,1.05,0.1,8,0.06771089254854465,-6.090672407384429e-08,0.002708435701941786,0.0013542787576949669
0.9500000000000001,1.1,1.05,0.1,9,0.06861771571865798,2.4200987763442483e-07,0.002744708628746319,0.001372596324250794
0.9500000000000001,1.1,1.05,0.1,10,0.07857140972677501,-1.0055592622581892e-06,0.0031428563890710005,0.0015724337537977584
0.9500000000000001,1.1,1.05,0.1,11,0.07623301431935996,-1.9329459000278545e-07,0.0030493205727743986,0.0015248535809772022
0.9500000000000001,1.1,1.05,0.1,12,0.049420681784952576,9.61065613660006e-08,0.0019768272713981032,0.0009885097422604177
0.9500000000000001,1.1,1.05,0.1,13,0.05633110376151694,1.052841274339677e-06,0.0022532441504606775,0.0011276749165046785
0.9500000000000001,1.1,1.05,0.1,14,0.047885243673338365,-9.713037832378377e-07,0.0019154097469335346,0.0009586761772500051
0.9500000000000001,1.1,1.05,0.1,15,0.04754596521021574,-8.334026574820264e-09,0.0019018386084086298,0.0009509276382308898
0.9500000000000001,1.1,1.05,0.2,1,0.03408046759972329,1.1330360858635902e-06,0.0013632187039889316,0.0006827423880803294
0.9500000000000001,1.1,1.05,0.2,2,0.05525241162589971,-1.0361514724083144e-06,0.0022100964650359884,0.0011060843839904024
0.9500000000000001,1.1,1.05,0.2,3,0.04398162656505127,-2.139290729555787e-09,0.001759265062602051,0.0008796346705917551
0.9500000000000001,1.1,1.05,0.2,4,0.06575603503070668,9.355982962228304e-08,0.0026302414012282674,0.001315214260443756
0.9500000000000001,1.1,1.05,0.2,5,0.07014215118495191,1.129511981053585e-06,0.0028056860473980767,0.001403972535680092
0.9500000000000001,1.1,1.05,0.2,6,0.049372159163662124,-8.819921314705562e-07,0.001974886366546485,0.000988325175404713
0.9500000000000001,1.1,1.05,0.2,7,0.049277065033617576,-2.933661588540865e-10,0.001971082601344703,0.0009855415940385104
0.9500000000000001,1.1,1.05,0.2,8,0.06771876393840141,4.390681878596661e-09,0.0027087505575360566,0.001354379669449907
0.9500000000000001,1.1,1.05,0.2,9,0.0672906614758581,-4.169384482008128e-09,0.0026916264590343244,0.0013458173989016442
0.9500000000000001,1.1,1.05,0.2,10,0.0785232973297756,-1.1185370525419237e-06,0.003140931893191024,0.0015715844836480541
0.9500000000000001,1.1,1.05,0.2,11,0.0760102274706547,-2.174558467314165e-07,0.0030404090988261877,0.0015204220052598254
0.9500000000000001,1.1,1.05,0.2,12,0.048476413125911326,1.5589208985418112e-07,0.001939056525036453,0.0009696841546080807
0.9500000000000001,1.1,1.05,0.2,13,0.05538613172921487,1.1402300900177642e-06,0.002215445269168595,0.0011088628646743152
0.9500000000000001,1.1,1.05,0.2,14,0.04718503174130244,-9.890876845823735e-07,0.0018874012696520977,0.0009446897225106313
0.9500000000000001,1.1,1.05,0.2,15,0.046545559579337814,-9.030037703697513e-09,0.0018618223831735126,0.00093092022162446
0.9500000000000001,1.1,1.1,0.05,1,0.05482432510153187,-5.737499864682974e-09,0.002192973004061275,0.0010964922395305023
0.9500000000000001,1.1,1.1,0.05,2,0.08064142725002982,3.978922838265001e-08,0.003225657090001193,0.001612868334228979
0.9500000000000001,1.1,1.1,0.05,3,0.058803905855859886,-2.008993538470081e-08,0.0023521562342343955,0.0011760982070525825
0.9500000000000001,1.1,1.1,0.05,4,0.07537118270324464,-9.35441972652138e-08,0.0030148473081297858,0.001507517198262158
0.9500000000000001,1.1,1.1,0.05,5,0.08549777893990554,-1.3262971469775632e-07,0.0034199111575962215,0.0017100882085128086
0.9500000000000001,1.1,1.1,0.05,6,0.05582000167856788,1.8448388528799584e-08,0.002232800067142715,0.0011164184819598864
0.9500000000000001,1.1,1.1,0.05,7,0.051304229730157275,-1.187981869192438e-08,0.002052169189206291,0.0010260964744218375
0.9500000000000001,1.1,1.1,0.05,8,0.06196151679519009,-5.020501053719351e-09,0.0024784606718076035,0.0012392353564048555
0.9500000000000001,1.1,1.1,0.05,9,0.06354205239602098,-6.392052305918307e-07,0.002541682095840839,0.0012714802531510114
0.9500000000000001,1.1,1.1,0.05,10,0.08432296140333664,2.2265335250599354e-07,0.003372918456133466,0.001686681881419239
0.9500000000000001,1.1,1.1,0.05,11,0.07934702749580648,2.8302233386260744e-08,0.003173881099832259,0.001586968852149516
0.9500000000000001,1.1,1.1,0.05,12,0.05886202833842567,-6.893954588129466e-08,0.0023544811335370268,0.0011773095063143946
0.9500000000000001,1.1,1.1,0.05,13,0.08067781850018962,-2.249678769189684e-08,0.003227112740007585,0.0016135788667914844
0.9500000000000001,1.1,1.1,0.05,14,0.054826864681849406,6.393697816961541e-09,0.002193074587273976,0.0010965436873348051
0.9500000000000001,1.1,1.1,0.05,15,0.037114934620586265,-6.893672166844642e-09,0.0014845973848234507,0.0007423055860838922
0.9500000000000001,1.1,1.1,0.1,1,0.03417791931244607,2.2292218797710346e-08,0.0013671167724978429,0.0006835806784677191
0.9500000000000001,1.1,1.1,0.1,2,0.05627598116701778,-5.971488833183473e-09,0.0022510392466807113,0.0011255255948291888
0.9500000000000001,1.1,1.1,0.1,3,0.04496563341153831,1.920837883938198e-08,0.0017986253364615323,0.0008993318766096055
0.9500000000000001,1.1,1.1,0.1,4,0.0660562472296492,9.995486961195544e-08,0.002642249889185968,0.001321224899462596
0.9500000000000001,1.1,1.1,0.1,5,0.07090685100394313,3.150500830020626e-08,0.0028362740401577254,0.001418168525087163
0.9500000000000001,1.1,1.1,0.1,6,0.050572109195567774,3.7521430594982625e-07,0.002022884367822711,0.0010118173982173054
0.9500000000000001,1.1,1.1,0.1,7,0.05055220504346183,-3.967712676488224e-10,0.002022088201738473,0.0010110444976405043
0.9500000000000001,1.1,1.1,0.1,8,0.06775945077154147,-1.2795879305490659e-07,0.002710378030861659,0.0013553169742238844
0.9500000000000001,1.1,1.1,0.1,9,0.06867486329664813,-7.320656272003759e-07,0.002746994531865925,0.0013742293315601628
0.9500000000000001,1.1,1.1,0.1,10,0.07863239782073846,-6.533225948158593e-08,0.0031452959128295383,0.0015727132886742506
0.9500000000000001,1.1,1.1,0.1,11,0.07629712040331921,-2.3064653095212345e-07,0.0030518848161327685,0.0015261730545973364
0.9500000000000001,1.1,1.1,0.1,12,0.04945117097871141,1.2898418452561715e-07,0.0019780468391484567,0.000989152403758754
0.9500000000000001,1.1,1.1,0.1,13,0.05636406745725614,7.205169444711229e-08,0.002254562698290246,0.00112735340083957
0.9500000000000001,1.1,1.1,0.1,14,0.047904225602029595,5.160275515675742e-10,0.0019161690240811838,0.0009580850280681434
0.9500000000000001,1.1,1.1,0.1,15,0.04758063676899876,-1.1185576264054556e-08,0.0019032254707599505,0.0009516239209562393
0.9500000000000001,1.1,1.1,0.2,1,0.03405852593061387,5.1659407555255184e-08,0.0013623410372245548,0.0006812221780198327
0.9500000000000001,1.1,1.1,0.2,2,0.055317926278575597,-2.5462065297608352e-08,0.0022127170511430237,0.0011063839876368094
0.9500000000000001,1.1,1.1,0.2,3,0.04405383905381196,-1.6197573697587043e-08,0.0017621535621524785,0.0008810929786499368
0.9500000000000001,1.1,1.1,0.2,4,0.06588616703056446,1.2399559675896408e-07,0.0026354466812225784,0.0013178473362080482
0.9500000000000001,1.1,1.1,0.2,5,0.07026772989077054,1.2545309963012318e-07,0.0028107091956308216,0.001405480050915041
0.9500000000000001,1.1,1.1,0.2,6,0.04948181523160578,1.043700835314685e-07,0.0019792726092642313,0.000989740674715647
0.9500000000000001,1.1,1.1,0.2,7,0.049375871397628016,-8.588756820609106e-10,0.0019750348559051207,0.0009875182868282425
0.9500000000000001,1.1,1.1,0.2,8,0.0678539312298728,4.8846070929805115e-09,0.0027141572491949117,0.0013570835092045488
0.9500000000000001,1.1,1.1,0.2,9,0.06742419405663969,-9.782686023936127e-07,0.0026969677622655877,0.0013494621497351874
0.9500000000000001,1.1,1.1,0.2,10,0.07867785503131111,-1.5155779371001187e-07,0.0031471142012524447,0.0015737086584199323
0.9500000000000001,1.1,1.1,0.2,11,0.07615019035363091,-2.2310702233557485e-07,0.0030460076141452363,0.0015232269140949537
0.9500000000000001,1.1,1.1,0.2,12,0.04854523179257783,2.0213334785826385e-07,0.0019418092717031132,0.0009711067691994149
0.9500000000000001,1.1,1.1,0.2,13,0.055440919744387834,1.1175591629696393e-07,0.0022176367897755135,0.0011089301508040536
0.9500000000000001,1.1,1.1,0.2,14,0.04722846524900469,6.286976704531963e-09,0.0018891386099601877,0.0009445755919567984
0.9500000000000001,1.1,1.1,0.2,15,0.046630059448790444,-5.649804715350861e-09,0.0018652023779516178,0.0009326068387805242
1.0,0.9,0.9,0.05,1,0.08588596428854187,-6.015388865711661e-09,0.0034354385715416745,0.0017177253011597029
1.0,0.9,0.9,0.05,2,0.1310727409145822,-1.2813989922574327e-07,0.005242909636583288,0.00262158295819087
1.0,0.9,0.9,0.05,3,0.09821477343130627,-8.84969676650621e-08,0.003928590937252251,0.0019643839655937904
1.0,0.9,0.9,0.05,4,0.1265940213044192,5.4317044276882415e-08,0.005063760852176769,0.0025319347431326613
1.0,0.9,0.9,0.05,5,0.12874561321803915,-1.1234121524079693e-07,0.005149824528721566,0.002575024605576024
1.0,0.9,0.9,0.05,6,0.09241933844283241,8.476015798164119e-07,0.0036967735377132966,0.0018492343704364647
1.0,0.9,0.9,0.05,7,0.09140041447476863,-2.4708283077423503e-09,0.0036560165789907453,0.0018280107603236805
1.0,0.9,0.9,0.05,8,0.10968163600611976,5.246887475275272e-07,0.004387265440244791,0.0021941574088699227
1.0,0.9,0.9,0.05,9,0.11393298734421241,-1.5875397598577915e-06,0.004557319493768496,0.002280247286644106
1.0,0.9,0.9,0.05,10,0.12253103831219203,3.2894221857585363e-07,0.004901241532487681,0.0024509497084624163
1.0,0.9,0.9,0.05,11,0.11555313148228652,9.960804795306616e-08,0.004622125259291461,0.0023111622376936836
1.0,0.9,0.9,0.05,12,0.09822821269066274,1.4394774657065096e-07,0.00392912850762651,0.0019647082015598256
1.0,0.9,0.9,0.05,13,0.13116580659874277,8.456104649945673e-08,0.005246632263949711,0.0026234006930213553
1.0,0.9,0.9,0.05,14,0.08589665706344407,1.1353871240460443e-08,0.003435866282537763,0.001717944495140122
1.0,0.9,0.9,0.05,15,0.06860210025675893,1.792165859097221e-09,0.0027440840102703574,0.0013720437973010378
1.0,0.9,0.9,0.1,1,0.11299317655134547,-1.489682887435102e-09,0.004519727062053819,0.002259865020709797
1.0,0.9,0.9,0.1,2,0.16337584606201097,5.8961663840165354e-08,0.006535033842480439,0.0032675758829040593
1.0,0.9,0.9,0.1,3,0.11692124244841894,-1.718567438721444e-07,0.004676849697936757,0.002338596705712251
1.0,0.9,0.9,0.1,4,0.14546883979060876,7.89961258455818e-08,0.0058187535916243505,0.002909455791938021
1.0,0.9,0.9,0.1,5,0.17353770016516712,-8.176796973812124e-07,0.006941508006606685,0.0034715716830007234
1.0,0.9,0.9,0.1,6,0.11354112310216988,2.3263121689694167e-07,0.004541644924086795,0.0022710550932602946
1.0,0.9,0.9,0.1,7,0.09864839799630536,4.921793283623621e-07,0.003945935919852215,0.0019734601392544697
1.0,0.9,0.9,0.1,8,0.11668979504963094,-2.5221528683743452e-06,0.004667591801985237,0.002336318053860993
1.0,0.9,0.9,0.1,9,0.12069875966921276,-2.6215980211210003e-06,0.004827950386768511,0.002416596791405376
1.0,0.9,0.9,0.1,10,0.17530160553946003,1.3677138879524171e-06,0.007012064221578402,0.0035073998246771534
1.0,0.9,0.9,0.1,11,0.15083315634061206,4.690671966969492e-07,0.006033326253624483,0.0030171321940089383
1.0,0.9,0.9,0.1,12,0.11697814640822021,1.163242330640867e-07,0.004679125856328808,0.0023396792523974683
1.0,0.9,0.9,0.1,13,0.16331638806375548,-8.461606746664819e-08,0.006532655522550219,0.0032664123773425762
1.0,0.9,0.9,0.1,14,0.11299571402903054,2.7686584215037315e-09,0.004519828561161222,0.0022599170492390323
1.0,0.9,0.9,0.1,15,0.06928441102470151,9.110778622013808e-08,0.0027713764409880606,0.0013857793282802504
1.0,0.9,0.9,0.2,1,0.06180421827745583,1.3771992998069745e-08,0.0024721687310982335,0.0012360981375421148
1.0,0.9,0.9,0.2,2,0.09890900037989325,-3.277139634003351e-07,0.00395636001519573,0.001978507721561265
1.0,0.9,0.9,0.2,3,0.07452313735545546,-9.633148029790243e-08,0.0029809254942182186,0.0014905590785894071
1.0,0.9,0.9,0.2,4,0.10245167526191566,9.620147546442518e-08,0.004098067010476627,0.002049129706713778
1.0,0.9,0.9,0.2,5,0.11617209152886245,-1.495718239731428e-07,0.0046468836611544976,0.002323591402401222
1.0,0.9,0.9,0.2,6,0.07670685753324502,-8.268904727210409e-08,0.0030682743013298007,0.0015342198397121725
1.0,0.9,0.9,0.2,7,0.07227875912922399,-3.7618864552607786e-08,0.0028911503651689596,0.0014456128014490323
1.0,0.9,0.9,0.2,8,0.0902842884787312,7.935782410957025e-07,0.003611371539149248,0.0018064793478157197
1.0,0.9,0.9,0.2,9,0.0927593124247373,-1.9161515331243866e-06,0.003710372496989492,0.0018571024000278704
1.0,0.9,0.9,0.2,10,0.12262562232885063,9.173084224427686e-08,0.004905024893154026,0.002452604177419257
1.0,0.9,0.9,0.2,11,0.11139990778717035,1.4263833456138342e-07,0.004455996311486814,0.0022281407940779683
1.0,0.9,0.9,0.2,12,0.07616543100295191,2.9858227876428404e-07,0.003046617240118076,0.0015236072023378023
1.0,0.9,0.9,0.2,13,0.09901390106270395,2.671096207164104e-07,0.003960556042508158,0.0019805451308747956
1.0,0.9,0.9,0.2,14,0.07079405612948095,-1.0240627310589972e-07,0.002831762245179238,0.0014159835288627249
1.0,0.9,0.9,0.2,15,0.055567155998600765,-7.142103535327334e-08,0.0022226862399440305,0.0011114145410073685
1.0,0.9,0.9500000000000001,0.05,1,0.08583829565305444,6.513518966391857e-07,0.0034335318261221777,0.001717417264957728
1.0,0.9,0.9500000000000001,0.05,2,0.13097226486297495,-7.740414384068404e-07,0.005238890594518998,0.0026202193386979057
1.0,0.9,0.9500000000000001,0.05,3,0.0981494071055844,-4.256046527343184e-08,0.003925976284223376,0.0019630307025769616
1.0,0.9,0.9500000000000001,0.05,4,0.126507989104157,7.370033834792639e-09,0.00506031956416628,0.002530167152116975
1.0,0.9,0.9500000000000001,0.05,5,0.12864099768897802,5.480283210680475e-07,0.005145639907559121,0.0025733679821006287
1.0,0.9,0.9500000000000001,0.05,6,0.09234508523183917,9.000755007653838e-08,0.0036938034092735667,0.00184699171218686
1.0,0.9,0.9500000000000001,0.05,7,0.09132919959845974,-1.7260044646277134e-07,0.0036531679839383897,0.0018267565924156577
1.0,0.9,0.9500000000000001,0.05,8,0.10959123624247806,5.862689934408411e-07,0.0043836494496991224,0.002192410993843002
1.0,0.9,0.9500000000000001,0.05,9,0.11383317524622805,-7.497399423042356e-07,0.004553327009849122,0.0022774132448668653
1.0,0.9,0.9500000000000001,0.05,10,0.12232633651744858,-3.246853478059103e-07,0.004893053460697943,0.0024468514156967772
1.0,0.9,0.9500000000000001,0.05,11,0.1154734593289538,1.67841242940895e-07,0.004618938373158152,0.002309637027822017
1.0,0.9,0.9500000000000001,0.05,12,0.09816664545815385,8.868619987588216e-08,0.0039266658183261536,0.001963421595362953
1.0,0.9,0.9500000000000001,0.05,13,0.13107223972184595,7.652074393661718e-07,0.005242889588873838,0.0026222100018762854
1.0,0.9,0.9500000000000001,0.05,14,0.08584826448177432,-6.60437103470061e-07,0.003433930579270973,0.0017176257267389567
1.0,0.9,0.9500000000000001,0.05,15,0.068537489107553,-1.017735971012961e-08,0.00274149956430212,0.0013707599595107701
1.0,0.9,0.9500000000000001,0.1,1,0.11279758833988969,1.3887392185039487e-06,0.004511903533595588,0.002257340506016298
1.0,0.9,0.9500000000000001,0.1,2,0.16306025794930912,-1.23259029228788e-06,0.006522410317972365,0.0032624377492784704
1.0,0.9,0.9500000000000001,0.1,3,0.11668599242897142,-1.2309172176826785e-07,0.0046674396971588565,0.0023338429403011963
1.0,0.9,0.9500000000000001,0.1,4,0.14517588813106613,3.510604056593128e-08,0.005807035525242646,0.0029035528686618887
1.0,0.9,0.9500000000000001,0.1,5,0.17320975533769187,5.136352771790335e-07,0.006928390213507675,0.0034647087420310164
1.0,0.9,0.9500000000000001,0.1,6,0.11334365577089929,-1.1594236373379174e-06,0.004533746230835972,0.002268032539055324
1.0,0.9,0.9500000000000001,0.1,7,0.09842553378401062,5.319086857942518e-07,0.003937021351360425,0.001969042584366007
1.0,0.9,0.9500000000000001,0.1,8,0.11643736465612183,-2.295391921885412e-06,0.004657494586244873,0.002331042685044322
1.0,0.9,0.9500000000000001,0.1,9,0.12044111440591025,-1.073172919606295e-06,0.00481764457623641,0.0024098954610378117
1.0,0.9,0.9500000000000001,0.1,10,0.17496185304779044,-6.401955442031653e-08,0.006998474121911617,0.003499301080510229
1.0,0.9,0.9500000000000001,0.1,11,0.1505269599764374,4.4309502886052217e-07,0.006021078399057495,0.003010982294557608
1.0,0.9,0.9500000000000001,0.1,12,0.11674334261102481,7.344545670961598e-08,0.004669733704440993,0.002334940297677206
1.0,0.9,0.9500000000000001,0.1,13,0.1630271576875812,1.237051082002833e-06,0.006521086307503247,0.0032617802048336263
1.0,0.9,0.9500000000000001,0.1,14,0.11280162364071053,-1.3986225479438626e-06,0.004512064945628422,0.0022574310953621547
1.0,0.9,0.9500000000000001,0.1,15,0.06911069032453163,6.569608234300497e-08,0.002764427612981265,0.0013822795025729756
1.0,0.9,0.9500000000000001,0.2,1,0.06172004844752388,2.053618790285493e-06,0.0024688019379009553,0.001236454587740763
1.0,0.9,0.9500000000000001,0.2,2,0.09879772396139487,-2.2064350142156613e-06,0.003951908958455795,0.001978160914242113
1.0,0.9,0.9500000000000001,0.2,3,0.07441720733124116,3.391982358508824e-08,0.0029766882932496463,0.0014883780664484082
1.0,0.9,0.9500000000000001,0.2,4,0.10227047645315367,6.409859548819679e-09,0.004090819058126147,0.0020454159389226225
1.0,0.9,0.9500000000000001,0.2,5,0.11599678109511175,1.795167447229875e-06,0.00463987124380447,0.002321730789349465
1.0,0.9,0.9500000000000001,0.2,6,0.07656087019932607,-2.067547033653475e-06,0.003062434807973043,0.001533284951020175
1.0,0.9,0.9500000000000001,0.2,7,0.07212022869671143,-9.182248104230785e-08,0.0028848091478684574,0.001442496396415271
1.0,0.9,0.9500000000000001,0.2,8,0.09006863352243272,5.800523643787272e-07,0.0036027453408973087,0.001801952722813033
1.0,0.9,0.9500000000000001,0.2,9,0.09253750891427868,5.695047619758565e-08,0.0037015003565711475,0.0018508071287617713
1.0,0.9,0.9500000000000001,0.2,10,0.12240135767725141,-1.7680756737315233e-06,0.004896054307090057,0.00244979522921876
1.0,0.9,0.9500000000000001,0.2,11,0.1111854705512774,2.085336835187866e-07,0.0044474188220510955,0.0022239179447090664
1.0,0.9,0.9500000000000001,0.2,12,0.07604288619697948,1.731660904175287e-07,0.003041715447879179,0.001521030890030007
1.0,0.9,0.9500000000000001,0.2,13,0.09888953971744792,2.186073693606165e-06,0.0039555815886979165,0.0019799768680425645
1.0,0.9,0.9500000000000001,0.2,14,0.07068057255776013,-2.104403089882767e-06,0.002827222902310405,0.0014157158542450854
1.0,0.9,0.9500000000000001,0.2,15,0.05547731431645807,-4.04836007510515e-08,0.002219092572658323,0.0011095867699299124
1.0,0.9,1.0,0.05,1,0.08579529696641773,8.247789489068119e-07,0.0034318118786567093,0.0017167307182772615
1.0,0.9,1.0,0.05,2,0.13088021232865082,-9.531214232327491e-07,0.005235208493146033,0.0026185573679962494
1.0,0.9,1.0,0.05,3,0.09809053039883026,-2.5042190985406494e-08,0.003923621215953211,0.0019618356501675907
1.0,0.9,1.0,0.05,4,0.12643107701909645,-1.5812528755831685e-08,0.005057243080763858,0.002528637352910685
1.0,0.9,1.0,0.05,5,0.12854542722058923,7.093548463205904e-07,0.005141817088823569,0.002571617899258105
1.0,0.9,1.0,0.05,6,0.09227768424904302,-1.1561312145490059e-07,0.003691107369961721,0.0018456692981023153
1.0,0.9,1.0,0.05,7,0.09126574928220194,-3.410845747875104e-07,0.0036506299712880776,0.0018256560702188264
1.0,0.9,1.0,0.05,8,0.10951034996922054,6.441459018916723e-07,0.004380413998768822,0.0021908511452863027
1.0,0.9,1.0,0.05,9,0.11374369257816346,-5.230518113665526e-07,0.004549747703126539,0.002275396903374636
1.0,0.9,1.0,0.05,10,0.12213181296089101,-4.7549888743358667e-07,0.00488527251843564,0.002443111758105254
1.0,0.9,1.0,0.05,11,0.11540374766138074,2.120458986074828e-07,0.004616149906455229,0.0023082869991262224
1.0,0.9,1.0,0.05,12,0.09811184477776116,6.156847291885579e-08,0.003924473791110447,0.001962298464028142
1.0,0.9,1.0,0.05,13,0.1309871407297164,9.716893584215387e-07,0.005239485629188656,0.00262071450395275
1.0,0.9,1.0,0.05,14,0.08580496864126043,-8.387688196680659e-07,0.0034321987456504173,0.0017169381416448767
1.0,0.9,1.0,0.05,15,0.0684794798696932,-2.2108705014601463e-08,0.002739179194787728,0.0013696117060988785
1.0,0.9,1.0,0.1,1,0.11262289302178828,1.7570303539773648e-06,0.004504915720871532,0.0022542148907897432
1.0,0.9,1.0,0.1,2,0.16277318943145952,-1.5398186423898661e-06,0.0065109275772583805,0.0032570036072715803
1.0,0.9,1.0,0.1,3,0.11647424886766802,-1.3296820598404646e-07,0.0046589699547067214,0.0023296179455593448
1.0,0.9,1.0,0.1,4,0.1449154240819887,4.356981913352775e-08,0.005796616963279548,0.0028983520514589078
1.0,0.9,1.0,0.1,5,0.172914907305935,8.272422090044372e-07,0.006916596292237401,0.0034591253883277046
1.0,0.9,1.0,0.1,6,0.11316583351139906,-1.5235850649070767e-06,0.004526633340455962,0.002264840255292888
1.0,0.9,1.0,0.1,7,0.09822491978450185,5.71399294126265e-07,0.003928996791380074,0.0019650697949841634
1.0,0.9,1.0,0.1,8,0.11620988123458617,-2.070966539288071e-06,0.004648395249383447,0.0023262685912310115
1.0,0.9,1.0,0.1,9,0.12020737352725222,-6.395436183589921e-07,0.004808294941090089,0.0024047870141634033
1.0,0.9,1.0,0.1,10,0.17465616577982385,-4.740275828155711e-07,0.006986246631192954,0.0034935973431792925
1.0,0.9,1.0,0.1,11,0.15025233278081354,3.6438560093105324e-07,0.006010093311232542,0.003005411041217202
1.0,0.9,1.0,0.1,12,0.11653204227916225,9.023710034377415e-08,0.00466128169116649,0.0023307310826835887
1.0,0.9,1.0,0.1,13,0.16276914478631133,1.574978722929743e-06,0.006510765791452453,0.0032569578744491563
1.0,0.9,1.0,0.1,14,0.11262720467985518,-1.7700139007084431e-06,0.004505088187194207,0.002254314107497812
1.0,0.9,1.0,0.1,15,0.06895350345804852,4.0487807849253656e-08,0.0027581401383219408,0.0013791105569688196
1.0,0.9,1.0,0.2,1,0.061663970101171216,2.5853641410587435e-06,0.002466558804046849,0.0012358647661644831
1.0,0.9,1.0,0.2,2,0.098695414878667,-2.6713692686866823e-06,0.00394781659514668,0.0019765796668420265
1.0,0.9,1.0,0.2,3,0.07432061964673019,8.893955949454033e-08,0.0029728247858692076,0.0014865013324940983
1.0,0.9,1.0,0.2,4,0.10210594853045526,-2.597154645484585e-08,0.00408423794121821,0.00204214494215556
1.0,0.9,1.0,0.2,5,0.11583788886586922,2.3351228424438016e-06,0.004633515554634769,0.002319092900159828
1.0,0.9,1.0,0.2,6,0.07643222430093483,-2.575765515449934e-06,0.0030572889720373933,0.0015312202515341466
1.0,0.9,1.0,0.2,7,0.07197627020977006,-1.394616587895454e-07,0.0028790508083908024,0.0014396648658541907
1.0,0.9,1.0,0.2,8,0.08987329145435298,3.431001929450389e-07,0.0035949316581741194,0.0017978089292800046
1.0,0.9,1.0,0.2,9,0.09233452940191575,5.757119326858865e-07,0.00369338117607663,0.001847266299971001
1.0,0.9,1.0,0.2,10,0.1221935613564715,-2.2293667848739525e-06,0.00488774245425886,0.002446100593914304
1.0,0.9,1.0,0.2,11,0.11098803562709107,2.1905954921075605e-07,0.004439521425083643,0.002219979772091032
1.0,0.9,1.0,0.2,12,0.07593166537256188,1.272066922375516e-07,0.003037266614902475,0.001518760514143475
1.0,0.9,1.0,0.2,13,0.09877419191690284,2.6895169597616e-06,0.003950967676676114,0.0019781733552978187
1.0,0.9,1.0,0.2,14,0.07056872953870347,-2.6245466616704602e-06,0.0028227491815481388,0.0014139991374357399
1.0,0.9,1.0,0.2,15,0.05540233764611259,-8.891811644703114e-09,0.0022160935058445036,0.0011080556447338964
1.0,0.9,1.05,0.05,1,0.0857563213475715,5.849394099475226e-07,0.00343025285390286,0.0017157113663613774
1.0,0.9,1.05,0.05,2,0.13079544082387634,-7.335191466164677e-07,0.0052318176329550535,0.0026166423356241432
1.0,0.9,1.05,0.05,3,0.09803723150818502,-3.178050041251039e-08,0.003921489260327401,0.001960776410664113
1.0,0.9,1.05,0.05,4,0.12636083001443996,-1.8726205302664785e-08,0.0050544332005775985,0.002527235326494102
1.0,0.9,1.05,0.05,5,0.12845766895039218,4.4440493828637787e-07,0.005138306758015687,0.00256959778394613
1.0,0.9,1.05,0.05,6,0.09221618611846927,1.5028102431898567e-07,0.0036886474447387707,0.0018444740033937044
1.0,0.9,1.05,0.05,7,0.09120869118324028,-5.081554153365815e-07,0.003648347647329611,0.0018246819790801421
1.0,0.9,1.05,0.05,8,0.10943640416082305,6.988458960884036e-07,0.004377456166432922,0.0021894269291125494
1.0,0.9,1.05,0.05,9,0.11366308587834707,-8.185080011610798e-07,0.004546523435133883,0.0022740802255681028
1.0,0.9,1.05,0.05,10,0.12194601741229355,-1.9680308033345794e-07,0.004877840696491742,0.002439117151326205
1.0,0.9,1.05,0.05,11,0.11534256264142037,2.357541630097792e-07,0.004613702505656815,0.002307087006991417
1.0,0.9,1.05,0.05,12,0.09806299499993837,5.847220463879913e-08,0.0039225197999975345,0.001961318372203406
1.0,0.9,1.05,0.05,13,0.13090930137488221,7.732023985646026e-07,0.005236372054995288,0.0026189592298962085
1.0,0.9,1.05,0.05,14,0.08576600380821334,-5.956842695899344e-07,0.0034306401523285335,0.0017159157604338567
1.0,0.9,1.05,0.05,15,0.0684271294323786,-3.400728416798439e-08,0.0027370851772951436,0.0013685765959317398
1.0,0.9,1.05,0.1,1,0.11246489643929705,1.2533483421523064e-06,0.004498595857571882,0.002250551277128093
1.0,0.9,1.05,0.1,2,0.16251059656467334,-1.007086805232516e-06,0.006500423862586934,0.0032512190180986997
1.0,0.9,1.05,0.1,3,0.11628272953525073,-1.9285782623165292e-07,0.0046513091814100295,0.0023258474485312462
1.0,0.9,1.05,0.1,4,0.1446813116949783,9.666399776605238e-08,0.0057872524677991324,0.0028937228978973325
1.0,0.9,1.05,0.1,5,0.1726484925207603,2.7231320907900687e-07,0.006905939700830413,0.003453242163624285
1.0,0.9,1.05,0.1,6,0.1130048431745867,-1.0106686917325661e-06,0.004520193726983468,0.0022611075321834666
1.0,0.9,1.05,0.1,7,0.09804336146507489,6.106926433339601e-07,0.0039217344586029955,0.0019614779219448318
1.0,0.9,1.05,0.1,8,0.1160037830269454,-1.8485500429951869e-06,0.004640151321077817,0.0023219242105819034
1.0,0.9,1.05,0.1,9,0.11999414047410982,-1.157392309807147e-06,0.004799765618964393,0.0024010402017920034
1.0,0.9,1.05,0.1,10,0.1743796834845347,-1.2060057049149628e-08,0.006975187339381388,0.0034876057297477435
1.0,0.9,1.05,0.1,11,0.15000477403547424,2.407178034049694e-07,0.0060001909614189695,0.00300033619851289
1.0,0.9,1.05,0.1,12,0.11634086995797746,1.5792310609986557e-07,0.004653634798319099,0.0023269753222656493
1.0,0.9,1.05,0.1,13,0.16253581707969128,1.0734464015557026e-06,0.006501432683187651,0.0032517897879953813
1.0,0.9,1.05,0.1,14,0.11246951874953581,-1.262529734193457e-06,0.004498780749981433,0.0022506529047249097
1.0,0.9,1.05,0.1,15,0.06881049574226505,1.5453741390873426e-08,0.002752419829690602,0.001376225368586692
1.0,0.9,1.05,0.2,1,0.06161214243689777,1.8325959066564093e-06,0.002464485697475911,0.001234075444644612
1.0,0.9,1.05,0.2,2,0.09860071933796935,-1.9321521233230948e-06,0.003944028773518774,0.00197394653888271
1.0,0.9,1.05,0.2,3,0.07423202316415627,7.994375736698474e-08,0.0029692809265662507,0.0014847204070404924
1.0,0.9,1.05,0.2,4,0.10195590846318715,-9.584639340472255e-09,0.004078236338527486,0.0020391277539030836
1.0,0.9,1.05,0.2,5,0.11569244231108017,1.6786544166990194e-06,0.004627697692443207,0.0023155275006383025
1.0,0.9,1.05,0.2,6,0.07631369967791699,-1.8264202200656528e-06,0.0030525479871166793,0.0015281004137784053
1.0,0.9,1.05,0.2,7,0.07184491102492091,-1.8146963878053245e-07,0.0028737964409968363,0.0014370796901371987
1.0,0.9,1.05,0.2,8,0.08969550971739333,8.608069950548076e-08,0.0035878203886957334,0.0017939962750473722
1.0,0.9,1.05,0.2,9,0.09214779960210383,-1.4398570432087518e-07,0.003685911984084153,0.0018430999777463975
1.0,0.9,1.05,0.2,10,0.12200023520361478,-1.4996058969910474e-06,0.004880009408144591,0.0024415043099692865
1.0,0.9,1.05,0.2,11,0.11080524126377259,1.8256477221992307e-07,0.004432209650550903,0.0022162873900476716
1.0,0.9,1.05,0.2,12,0.07583017678942813,1.4887952491105785e-07,0.0030332070715771253,0.0015167524153134736
1.0,0.9,1.05,0.2,13,0.09866678505755527,1.987322919818035e-06,0.003946671402302211,0.001975323024070924
1.0,0.9,1.05,0.2,14,0.07045649256327242,-1.8826716889627948e-06,0.002818259702530897,0.0014110125229544114
1.0,0.9,1.05,0.2,15,0.05534008285308585,2.3260210574622207e-08,0.002213603314123434,0.0011068249172722917
1.0,0.9,1.1,0.05,1,0.08572084003231159,-1.061097268362075e-08,0.003428833601292464,0.0017144274116189155
1.0,0.9,1.1,0.05,2,0.1307170171905323,-1.7073232815419988e-07,0.005228680687621292,0.0026145110761388
1.0,0.9,1.1,0.05,3,0.09798876605734218,-5.938821291977172e-08,0.003919550642293687,0.0019598347093597633
1.0,0.9,1.1,0.05,4,0.12629646500159597,-4.213422689848707e-09,0.005051858600063839,0.0025259335134546093
1.0,0.9,1.1,0.05,5,0.1283767183400125,-1.8754193261785756e-07,0.005135068733600499,0.0025677219087328674
1.0,0.9,1.1,0.05,6,0.09215981514069094,8.221398442801852e-07,0.0036863926056276376,0.001844018442658099
1.0,0.9,1.1,0.05,7,0.09115721424636296,-6.740034550735489e-07,0.0036462885698545183,0.0018238182883823326
1.0,0.9,1.1,0.05,8,0.1093684772297127,7.508001461454313e-07,0.004374739089188508,0.0021881203447403994
1.0,0.9,1.1,0.05,9,0.11359016730422751,-1.5636071036516375e-06,0.0045436066921691,0.0022733669531882017
1.0,0.9,1.1,0.05,10,0.12176776789424283,4.5168222963709505e-07,0.004870710715769714,0.002435807040114494
1.0,0.9,1.1,0.05,11,0.11528873577348502,2.4183859550819297e-07,0.004611549430939401,0.002306016554065209
1.0,0.9,1.1,0.05,12,0.09801948254342455,7.604233974981998e-08,0.003920779301736982,0.0019604656932082406
1.0,0.9,1.1,0.05,13,0.13083773340581964,2.2610725670248794e-07,0.0052335093362327854,0.0026169807753730952
1.0,0.9,1.1,0.05,14,0.08573075569298882,1.014206870664046e-08,0.003429230227719553,0.001714625255928483
1.0,0.9,1.1,0.05,15,0.06837966738337863,-4.5877534487925374e-08,0.002735186695335145,0.0013676392252020605
1.0,0.9,1.1,0.1,1,0.11232124736548511,-3.033992494359209e-10,0.004492849894619405,0.0022464252507089517
1.0,0.9,1.1,0.1,2,0.16227116169854622,2.481446031926961e-07,0.006490846467941849,0.0032456713785741173
1.0,0.9,1.1,0.1,3,0.11610875319478203,-2.9574504201798516e-07,0.004644350127791281,0.0023224708089376587
1.0,0.9,1.1,0.1,4,0.1444714438596421,1.881122396949473e-07,0.005778857754385684,0.002889616989432537
1.0,0.9,1.1,0.1,5,0.17240670352042214,-1.029763593396704e-06,0.006896268140816886,0.0034491638340018397
1.0,0.9,1.1,0.1,6,0.11285838569167357,2.5662580246470473e-07,0.004514335427666943,0.002257424339635936
1.0,0.9,1.1,0.1,7,0.09787825068241054,6.498213809490963e-07,0.003915130027296422,0.00195821483502916
1.0,0.9,1.1,0.1,8,0.11581616523898844,-1.6278739241686307e-06,0.004632646609559538,0.0023179511787039375
1.0,0.9,1.1,0.1,9,0.11979864288844866,-2.4938054549490803e-06,0.004791945715537946,0.002398466663223922
1.0,0.9,1.1,0.1,10,0.17412843826558785,1.2000228557360233e-06,0.0069651375306235145,0.0034837687881674934
1.0,0.9,1.1,0.1,11,0.14978061249855507,7.841320782752759e-08,0.005991224499942203,0.002995690663178929
1.0,0.9,1.1,0.1,12,0.11616706766462273,2.6936721934710066e-07,0.00464668270658491,0.002323610720511802
1.0,0.9,1.1,0.1,13,0.16232394751376583,-1.5015381530430815e-07,0.006492957900550634,0.003246629104090621
1.0,0.9,1.1,0.1,14,0.11232627261441251,8.790608627709485e-10,0.004493050904576501,0.002246526331349113
1.0,0.9,1.1,0.1,15,0.0686797455512464,-9.429997793033685e-09,0.002747189822049856,0.001373604341022721
1.0,0.9,1.1,0.2,1,0.06156413261831492,-2.3198119019172275e-08,0.0024625653047325967,0.0012313058504853176
1.0,0.9,1.1,0.2,2,0.0985126630797837,-1.589411469386898e-07,0.003940506523191348,0.0019704122027426126
1.0,0.9,1.1,0.2,3,0.07415039836651827,1.602552491712173e-08,0.0029660159346607306,0.0014830239928552823
1.0,0.9,1.1,0.2,4,0.10181866681497959,4.85786117004059e-08,0.004072746672599183,0.002036421914911292
1.0,0.9,1.1,0.2,5,0.11555887549924088,-5.125667147854894e-09,0.004622355019969635,0.0023111826356519653
1.0,0.9,1.1,0.2,6,0.07621006191804047,2.68968387143252e-09,0.003048402476721619,0.001524203928044681
1.0,0.9,1.1,0.2,7,0.07172461643496959,-2.1861083930706379e-07,0.0028689846573987836,0.0014347109395386989
1.0,0.9,1.1,0.2,8,0.08953312261050295,-1.8825994148162105e-07,0.003581324904420118,0.0017908507121515407
1.0,0.9,1.1,0.2,9,0.09197530379769188,-1.926955250022605e-06,0.0036790121519076754,0.0018414330312038602
1.0,0.9,1.1,0.2,10,0.12182451955979325,2.528282462747704e-07,0.00487298078239173,0.0024367432194421397
1.0,0.9,1.1,0.2,11,0.11063673278485639,1.0580181095511468e-07,0.0044254693113942555,0.002212840457508083
1.0,0.9,1.1,0.2,12,0.07573733034875026,2.2859444574341444e-07,0.0030294932139500103,0.0015149752014207486
1.0,0.9,1.1,0.2,13,0.09856671803280331,2.4985206725432906e-07,0.003942668721312132,0.0019715842127233205
1.0,0.9,1.1,0.2,14,0.07034705934142838,-5.719579252056278e-08,0.002813882373657135,0.001406998382621088
1.0,0.9,1.1,0.2,15,0.055288865432122136,5.589556766924526e-08,0.0022115546172848857,0.001105833204210112
1.0,0.9500000000000001,0.9,0.05,1,0.07977517025488999,4.134743977728461e-07,0.0031910068101955995,0.0015959168794955727
1.0,0.9500000000000001,0.9,0.05,2,0.12186529552575064,-3.007313234233446e-06,0.004874611821030025,0.002440313223749246
1.0,0.9500000000000001,0.9,0.05,3,0.09003626276200394,-5.7731336623570876e-05,0.0036014505104801577,0.0018584565918636498
1.0,0.9500000000000001,0.9,0.05,4,0.11662471777081054,0.0002203903813562073,0.004664988710832422,0.0025528847367724183
1.0,0.9500000000000001,0.9,0.05,5,0.120070317666674,8.083148628868118e-05,0.00480281270666696,0.0024822378396221613
1.0,0.9500000000000001,0.9,0.05,6,0.08427488479882393,-2.512360044418825e-05,0.0033709953919529574,0.001710621296420667
1.0,0.9500000000000001,0.9,0.05,7,0.08232289880703696,-5.487258578860485e-05,0.0032929159522814785,0.001701330561929344
1.0,0.9500000000000001,0.9,0.05,8,0.09911399000211074,0.00012010269935252074,0.0039645596000844295,0.0021023824993947355
1.0,0.9500000000000001,0.9,0.05,9,0.1026776307138651,0.00016755233776453873,0.004107105228554604,0.0022211049520418405
1.0,0.9500000000000001,0.9,0.05,10,0.11505905055248136,-8.347906472453865e-05,0.004602362022099254,0.002384660075774166
1.0,0.9500000000000001,0.9,0.05,11,0.10842212600921702,-0.00022737822602879456,0.004336885040368681,0.002395820746213135
1.0,0.9500000000000001,0.9,0.05,12,0.09006712137492875,5.754532609473415e-05,0.0036026848549971504,0.0018588877535933093
1.0,0.9500000000000001,0.9,0.05,13,0.12193856519681193,4.258576754343117e-06,0.0048775426078724775,0.002443029880690582
1.0,0.9500000000000001,0.9,0.05,14,0.07979209245538428,-4.152024698035931e-07,0.0031916836982153712,0.0015962570515774893
1.0,0.9500000000000001,0.9,0.05,15,0.06079940491494916,-1.3579057227340396e-06,0.0024319761965979664,0.0012173460040217172
1.0,0.9500000000000001,0.9,0.1,1,0.09234026890462892,8.820899959713238e-06,0.0036936107561851565,0.0018556262780522915
1.0,0.9500000000000001,0.9,0.1,2,0.13304239108145885,4.635412898410501e-05,0.005321695643258354,0.002707201950613282
1.0,0.9500000000000001,0.9,0.1,3,0.094841552046014,-6.944138734238014e-05,0.0037936620818405597,0.00196627242826266
1.0,0.9500000000000001,0.9,0.1,4,0.12133460431217782,0.00027434858616075903,0.004853384172487113,0.0027010406724043154
1.0,0.9500000000000001,0.9,0.1,5,0.14324893866231875,5.907626317466647e-05,0.00572995754649275,0.0029240550364210416
1.0,0.9500000000000001,0.9,0.1,6,0.09675644202058897,1.347406392901425e-05,0.003870257680823559,0.0019486029043407939
1.0,0.9500000000000001,0.9,0.1,7,0.08047751654868832,-6.645732764878944e-05,0.0032191006619475327,0.0016760076586225558
1.0,0.9500000000000001,0.9,0.1,8,0.09851930199627709,0.00011252480768369805,0.003940772079851084,0.00208291084760924
1.0,0.9500000000000001,0.9,0.1,9,0.1047949591018823,-9.363423144834694e-05,0.0041917983640752925,0.0021895334134859933
1.0,0.9500000000000001,0.9,0.1,10,0.14612833502821088,-6.11655875836935e-05,0.005845133401128435,0.002983732288147911
1.0,0.9500000000000001,0.9,0.1,11,0.12634853618423683,-0.00024981708546231084,0.005053941447369473,0.0027767878091470473
1.0,0.9500000000000001,0.9,0.1,12,0.09734234906685266,6.275001748087265e-05,0.0038936939626741064,0.0020095969988179257
1.0,0.9500000000000001,0.9,0.1,13,0.13326602517097164,-5.334416001004171e-05,0.005330641006838866,0.0027186646634294745
1.0,0.9500000000000001,0.9,0.1,14,0.09694943910410342,-4.111223408257973e-06,0.0038779775641641367,0.0019431000054903264
1.0,0.9500000000000001,0.9,0.1,15,0.05818984656710642,-1.732989673696006e-06,0.0023275938626842567,0.0011655299210158244
1.0,0.9500000000000001,0.9,0.2,1,0.06268687348168225,1.710942417106603e-05,0.0025074749392672902,0.0012708468938047112
1.0,0.9500000000000001,0.9,0.2,2,0.10070575181710888,-2.7691678706825512e-05,0.004028230072684355,0.002041806715049003
1.0,0.9500000000000001,0.9,0.2,3,0.07459901108726513,-4.023449546866815e-05,0.0029839604434906053,0.0015322147172139708
1.0,0.9500000000000001,0.9,0.2,4,0.10241609306851011,0.00013726023781247774,0.0040966437227404045,0.00218558209918268
1.0,0.9500000000000001,0.9,0.2,5,0.11606661359524245,9.480362274723599e-05,0.004642664543809698,0.002416135894652085
1.0,0.9500000000000001,0.9,0.2,6,0.07546129692732076,-2.3232477178547622e-05,0.0030184518770928303,0.0015324584157249627
1.0,0.9500000000000001,0.9,0.2,7,0.07074548497755989,-5.7292789420265125e-05,0.0028298193991023956,0.0014722024889714629
1.0,0.9500000000000001,0.9,0.2,8,0.08885048012383684,0.00015025372004967298,0.0035540192049534737,0.00192726332252641
1.0,0.9500000000000001,0.9,0.2,9,0.09154243616074648,-4.20345226765999e-05,0.003661697446429859,0.0018728832458915295
1.0,0.9500000000000001,0.9,0.2,10,0.12172529759263659,-0.0001223270519993197,0.004869011903705463,0.002556833003852051
1.0,0.9500000000000001,0.9,0.2,11,0.1109082248279242,-0.0001213602751560944,0.004436328993116968,0.0023395247717145785
1.0,0.9500000000000001,0.9,0.2,12,0.0774842413236011,2.993768164898996e-05,0.003099369652944044,0.001579622508121012
1.0,0.9500000000000001,0.9,0.2,13,0.10114198237471446,2.6516843523271572e-05,0.004045679294988579,0.002049356491017561
1.0,0.9500000000000001,0.9,0.2,14,0.07001126082840653,-2.6110575835601172e-05,0.002800450433136261,0.0014263357924037318
1.0,0.9500000000000001,0.9,0.2,15,0.05476298766487666,-3.925397153645656e-06,0.0021905195065950664,0.0010991851504511788
1.0,0.9500000000000001,0.9500000000000001,0.05,1,0.07971423238650457,1.0151803623266123e-06,0.003188569295460183,0.001595299828092418
1.0,0.9500000000000001,0.9500000000000001,0.05,2,0.12174647946629533,-2.9955080154012483e-06,0.004869859178651813,0.002437925097341308
1.0,0.9500000000000001,0.9500000000000001,0.05,3,0.08995422280029375,-5.772532012431426e-05,0.00359816891201175,0.0018568097761301893
1.0,0.9500000000000001,0.9500000000000001,0.05,4,0.1165176285947466,0.00021999273463827753,0.004660705143789864,0.0025503453065332093
1.0,0.9500000000000001,0.9500000000000001,0.05,5,0.11998867564232915,8.072313828544757e-05,0.004799547025693166,0.0024804966511320307
1.0,0.9500000000000001,0.9500000000000001,0.05,6,0.0841864758822379,-2.5236592520583298e-05,0.0033674590352895163,0.0017089661101653414
1.0,0.9500000000000001,0.9500000000000001,0.05,7,0.08223811903444203,-5.293996736231963e-05,0.0032895247613776812,0.0016977023480511603
1.0,0.9500000000000001,0.9500000000000001,0.05,8,0.0990021065752051,0.00011853000753296112,0.003960084263008204,0.002098572139037063
1.0,0.9500000000000001,0.9500000000000001,0.05,9,0.10255900990238084,0.0001659670363592807,0.004102360396095234,0.0022171472344068976
1.0,0.9500000000000001,0.9500000000000001,0.05,10,0.11488431909561014,-8.342226803081967e-05,0.004595372763824406,0.002381108649943023
1.0,0.9500000000000001,0.9500000000000001,0.05,11,0.10831409920355604,-0.0002280431339817456,0.004332563968142242,0.0023943251180528666
1.0,0.9500000000000001,0.9500000000000001,0.05,12,0.08998859430546502,5.666252668389473e-05,0.003599543772218601,0.0018564344127931951
1.0,0.9500000000000001,0.9500000000000001,0.05,13,0.1218278145117595,4.323055793377086e-06,0.00487311258047038,0.002440879346028567
1.0,0.9500000000000001,0.9500000000000001,0.05,14,0.07972903650759858,-1.0274974424339398e-06,0.0031891614603039432,0.0015956082275944057
1.0,0.9500000000000001,0.9500000000000001,0.05,15,0.06072755319178566,-1.4615307787592466e-06,0.0024291021276714266,0.0012160125946144725
1.0,0.9500000000000001,0.9500000000000001,0.1,1,0.09214753206752205,1.0140187720744583e-05,0.003685901282700882,0.0018530908290711856
1.0,0.9500000000000001,0.9500000000000001,0.1,2,0.13277162018368424,4.5948128899243683e-05,0.00531086480734737,0.0027013805325729287
1.0,0.9500000000000001,0.9500000000000001,0.1,3,0.09463419111078333,-6.889365686040758e-05,0.0037853676444313334,0.0019615774790760743
1.0,0.9500000000000001,0.9500000000000001,0.1,4,0.12108671998296158,0.00027310522042616945,0.004843468799318463,0.002694839620085401
1.0,0.9500000000000001,0.9500000000000001,0.1,5,0.14295055848233573,5.8653789715786155e-05,0.005718022339293429,0.002917664959362501
1.0,0.9500000000000001,0.9500000000000001,0.1,6,0.09656040228579249,1.1602433603216878e-05,0.0038624160914317,0.0019428104793190668
1.0,0.9500000000000001,0.9500000000000001,0.1,7,0.08029885040068249,-6.6475313724819e-05,0.0032119540160272997,0.0016724523217384688
1.0,0.9500000000000001,0.9500000000000001,0.1,8,0.09832983173019026,0.00010925354190203574,0.003933193269207611,0.002075850176505841
1.0,0.9500000000000001,0.9500000000000001,0.1,9,0.10457605009824344,-9.305253060845503e-05,0.004183042003929738,0.002184573532573324
1.0,0.9500000000000001,0.9500000000000001,0.1,10,0.14583524848975418,-6.205868901122693e-05,0.005833409939590167,0.0029787636588063104
1.0,0.9500000000000001,0.9500000000000001,0.1,11,0.12609852332769017,-0.00024795865353936466,0.005043940933107607,0.002769929120093168
1.0,0.9500000000000001,0.9500000000000001,0.1,12,0.09714572327922888,6.31228457759114e-05,0.0038858289311691553,0.002006037311360489
1.0,0.9500000000000001,0.9500000000000001,0.1,13,0.13302316815127188,-5.113028332854469e-05,0.005320926726050875,0.002711593646353982
1.0,0.9500000000000001,0.9500000000000001,0.1,14,0.09678769087633758,-5.368941138801379e-06,0.0038715076350535034,0.0019411227586655531
1.0,0.9500000000000001,0.9500000000000001,0.1,15,0.05805436448221239,-1.8999902986587748e-06,0.002322174579288496,0.0011629872799429066
1.0,0.9500000000000001,0.9500000000000001,0.2,1,0.06259816496339923,1.8329143918445717e-05,0.0025039265985359696,0.0012702924431864304
1.0,0.9500000000000001,0.9500000000000001,0.2,2,0.100587561180176,-2.9103863506776773e-05,0.0040235024472070405,0.002040855087110297
1.0,0.9500000000000001,0.9500000000000001,0.2,3,0.0744880201346381,-4.013576196280849e-05,0.0029795208053855237,0.0015298961646555704
1.0,0.9500000000000001,0.9500000000000001,0.2,4,0.10222176503065021,0.00013703483205719692,0.004088870601226009,0.0021814701326702012
1.0,0.9500000000000001,0.9500000000000001,0.2,5,0.11590830294672413,9.505894370902746e-05,0.004636332117868965,0.00241322500264351
1.0,0.9500000000000001,0.9500000000000001,0.2,6,0.07534705622275446,-2.33278924084269e-05,0.0030138822489101788,0.0015302690168635163
1.0,0.9500000000000001,0.9500000000000001,0.2,7,0.0705957708501023,-5.641093902569161e-05,0.0028238308340040917,0.0014683263560277375
1.0,0.9500000000000001,0.9500000000000001,0.2,8,0.08868896052210201,0.00014646589921823473,0.0035475584208840803,0.001920245109660275
1.0,0.9500000000000001,0.9500000000000001,0.2,9,0.09137601905130277,-4.247679882062521e-05,0.0036550407620521107,0.0018699971798466805
1.0,0.9500000000000001,0.9500000000000001,0.2,10,0.12153143756349954,-0.00012091922955522673,0.004861257502539982,0.0025515479808252174
1.0,0.9500000000000001,0.9500000000000001,0.2,11,0.11069455589775501,-0.00012089587108643536,0.0044277822359102,0.0023347869890415355
1.0,0.9500000000000001,0.9500000000000001,0.2,12,0.07737355219802425,3.0177812143082947e-05,0.00309494208792097,0.0015776488561035679
1.0,0.9500000000000001,0.9500000000000001,0.2,13,0.10099877336054633,2.7353475256666765e-05,0.004039950934421853,0.0020473289424675933
1.0,0.9500000000000001,0.9500000000000001,0.2,14,0.0698908573330841,-2.708193358229235e-05,0.0027956342933233643,0.0014248990802439745
1.0,0.9500000000000001,0.9500000000000001,0.2,15,0.054691331028919744,-3.982124137308656e-06,0.0021876532411567898,0.0010978087447157036
1.0,0.9500000000000001,1.0,0.05,1,0.07965952179995948,1.144074892573237e-06,0.0031863808719983793,0.001594334510891763
1.0,0.9500000000000001,1.0,0.05,2,0.12163865855326164,-2.5215816666295826e-06,0.0048655463421304656,0.0024352947527318623
1.0,0.9500000000000001,1.0,0.05,3,0.08988050253294011,-5.774210403553331e-05,0.0035952201013176046,0.0018553521546943357
1.0,0.9500000000000001,1.0,0.05,4,0.11642356126963815,0.0002196136159275869,0.004656942450785526,0.0025480848413203497
1.0,0.9500000000000001,1.0,0.05,5,0.11992050424429593,8.0124125632567e-05,0.0047968201697718375,0.0024785342105184856
1.0,0.9500000000000001,1.0,0.05,6,0.08410611801669336,-2.4823804310292308e-05,0.0033642447206677344,0.0017069461646441596
1.0,0.9500000000000001,1.0,0.05,7,0.08216231814275447,-5.1005897364435964e-05,0.003286492725710179,0.0016942522602195254
1.0,0.9500000000000001,1.0,0.05,8,0.09890259121829147,0.0001169540541025407,0.0039561036487316585,0.00209500587846837
1.0,0.9500000000000001,1.0,0.05,9,0.10245269940672953,0.00016379422540568672,0.004098107976269181,0.0022128482135402774
1.0,0.9500000000000001,1.0,0.05,10,0.11472270561362205,-8.28698216582614e-05,0.004588908224544882,0.0023773239339307025
1.0,0.9500000000000001,1.0,0.05,11,0.10821885346765545,-0.0002287270502720501,0.004328754138706218,0.0023931041196251592
1.0,0.9500000000000001,1.0,0.05,12,0.08991845152404979,5.5802313670915094e-05,0.0035967380609619915,0.001854171344151911
1.0,0.9500000000000001,1.0,0.05,13,0.12172811194177238,3.920030405904436e-06,0.004869124477670896,0.0024384822692413524
1.0,0.9500000000000001,1.0,0.05,14,0.07967241643340431,-1.160849894250316e-06,0.0031868966573361723,0.0015946091785623364
1.0,0.9500000000000001,1.0,0.05,15,0.06066334645405312,-1.5650949553230773e-06,0.002426533858162125,0.0012148320240363856
1.0,0.9500000000000001,1.0,0.1,1,0.09197628113651911,1.0503098344808308e-05,0.0036790512454607646,0.0018500287210751905
1.0,0.9500000000000001,1.0,0.1,2,0.13253162881754527,4.647255641938618e-05,0.005301265152701811,0.0026971051327702917
1.0,0.9500000000000001,1.0,0.1,3,0.09445095149743232,-6.839090700219969e-05,0.003778038059897293,0.001957409936950846
1.0,0.9500000000000001,1.0,0.1,4,0.12086640930145726,0.0002719009529873286,0.00483465637205829,0.0026892291390164737
1.0,0.9500000000000001,1.0,0.1,5,0.14268680303088768,5.727858420395834e-05,0.005707472121235508,0.002911014644821712
1.0,0.9500000000000001,1.0,0.1,6,0.09638596106101452,1.0691803725534405e-05,0.003855438442440581,0.0019384110249458248
1.0,0.9500000000000001,1.0,0.1,7,0.08014151222256881,-6.649325538563484e-05,0.0032056604889027524,0.001669323499837011
1.0,0.9500000000000001,1.0,0.1,8,0.0981636196681923,0.00010598022623873118,0.003926544786727692,0.0020692526196025773
1.0,0.9500000000000001,1.0,0.1,9,0.10438079736464238,-9.349128919108548e-05,0.004175231894585695,0.002181107236483933
1.0,0.9500000000000001,1.0,0.1,10,0.1455774347464849,-6.199743281653814e-05,0.005823097389859397,0.0029735461277462364
1.0,0.9500000000000001,1.0,0.1,11,0.12587804064284203,-0.0002461381634717148,0.005035121625713681,0.0027636989763285555
1.0,0.9500000000000001,1.0,0.1,12,0.09697317543715517,6.354096260038192e-05,0.003878927017486207,0.002003004471343485
1.0,0.9500000000000001,1.0,0.1,13,0.13281115329520105,-4.984608976148764e-05,0.005312446131808042,0.002706069155665509
1.0,0.9500000000000001,1.0,0.1,14,0.09664751200545244,-5.665456335999391e-06,0.0038659004802180973,0.001938615696445048
1.0,0.9500000000000001,1.0,0.1,15,0.05793400331623358,-2.066855549061242e-06,0.0023173601326493434,0.001160746921873733
1.0,0.9500000000000001,1.0,0.2,1,0.06252151815754815,1.8261274134792262e-05,0.0025008607263019263,0.0012686916372857554
1.0,0.9500000000000001,1.0,0.2,2,0.10048890541903953,-2.929993592032209e-05,0.004019556216761581,0.002039078044301113
1.0,0.9500000000000001,1.0,0.2,3,0.07439098772361016,-4.008903059200583e-05,0.0029756395089444066,0.001527908785064209
1.0,0.9500000000000001,1.0,0.2,4,0.10204705866187236,0.00013684780390743815,0.004081882346474894,0.0021777889771448854
1.0,0.9500000000000001,1.0,0.2,5,0.11576854049634519,9.411067264383454e-05,0.004630741619853808,0.0024094814825707384
1.0,0.9500000000000001,1.0,0.2,6,0.07524081076798377,-2.2176940210260344e-05,0.0030096324307193507,0.0015269931555699358
1.0,0.9500000000000001,1.0,0.2,7,0.070458797753163,-5.552417826293863e-05,0.00281835191012652,0.0014647001333261986
1.0,0.9500000000000001,1.0,0.2,8,0.0885400662936819,0.00014266104959894798,0.003541602651747276,0.001913462375472586
1.0,0.9500000000000001,1.0,0.2,9,0.09122185265480547,-4.414328029314933e-05,0.0036488741061922185,0.0018685803333892586
1.0,0.9500000000000001,1.0,0.2,10,0.12135972571981511,-0.00011831770983285531,0.004854389028792604,0.0025455122242291576
1.0,0.9500000000000001,1.0,0.2,11,0.1104984665652936,-0.00012046724078407052,0.004419938662611744,0.0023304365720899427
1.0,0.9500000000000001,1.0,0.2,12,0.07727864030161023,3.047202689927888e-05,0.0030911456120644096,0.0015760448329314837
1.0,0.9500000000000001,1.0,0.2,13,0.10087422995537734,2.6974357897800375e-05,0.004034969198215094,0.0020444589570053472
1.0,0.9500000000000001,1.0,0.2,14,0.06979759083117702,-2.6805184606915134e-05,0.002791903633247081,0.0014227570012304558
1.0,0.9500000000000001,1.0,0.2,15,0.05462859554423688,-4.0384076423389704e-06,0.0021851438217694755,0.0010966103185270767
1.0,0.9500000000000001,1.05,0.05,1,0.07961015918197434,8.692937712335573e-07,0.0031844063672789736,0.0015930724774107204
1.0,0.9500000000000001,1.05,0.05,2,0.12154030939274277,-1.6530712110307305e-06,0.004861612375709711,0.0024324592590658865
1.0,0.9500000000000001,1.05,0.05,3,0.08981392580847312,-5.777834436333859e-05,0.003592557032338925,0.001854056860532801
1.0,0.9500000000000001,1.05,0.05,4,0.11634067866168983,0.00021925029244433697,0.004653627146467594,0.0025460638656781337
1.0,0.9500000000000001,1.05,0.05,5,0.11986392240758745,7.910608657947003e-05,0.004794556896303498,0.002476384534731219
1.0,0.9500000000000001,1.05,0.05,6,0.08403268451314053,-2.396199637174248e-05,0.003361307380525621,0.001704615686634553
1.0,0.9500000000000001,1.05,0.05,7,0.08209424958810262,-4.907058120891142e-05,0.003283769983524105,0.0016909555729709637
1.0,0.9500000000000001,1.05,0.05,8,0.09881368034954283,0.00011537530329144914,0.003952547213981713,0.002091648910282306
1.0,0.9500000000000001,1.05,0.05,9,0.10235695411263387,0.00016111955421365838,0.004094278164505355,0.002208258636466336
1.0,0.9500000000000001,1.05,0.05,10,0.11457233606090086,-8.18940776601389e-05,0.004582893442436035,0.0023733407988781566
1.0,0.9500000000000001,1.05,0.05,11,0.10813455452193035,-0.00022942717395393728,0.004325382180877214,0.0023921182643925443
1.0,0.9500000000000001,1.05,0.05,12,0.08985551678794737,5.4961373747637566e-05,0.003594220671517895,0.001852071709506585
1.0,0.9500000000000001,1.05,0.05,13,0.12163787990897187,3.11781266532477e-06,0.004865515196358875,0.0024358754108447624
1.0,0.9500000000000001,1.05,0.05,14,0.07962130364063238,-8.852783257627217e-07,0.0031848521456252954,0.0015933113511384105
1.0,0.9500000000000001,1.05,0.05,15,0.06060569847978409,-1.6686069768957756e-06,0.0024242279391913637,0.0012137825765725777
1.0,0.9500000000000001,1.05,0.1,1,0.09182343906116458,1.005012713301279e-05,0.0036729375624465835,0.0018465189083563046
1.0,0.9500000000000001,1.05,0.1,2,0.13231799879763162,4.7790800065990565e-05,0.005292719951905265,0.0026941507760186232
1.0,0.9500000000000001,1.05,0.1,3,0.09428840013062728,-6.792651088629135e-05,0.0037715360052250914,0.001953694513498837
1.0,0.9500000000000001,1.05,0.1,4,0.12066970197402557,0.0002707300027581576,0.004826788078961023,0.002684124042238669
1.0,0.9500000000000001,1.05,0.1,5,0.1424527211904281,5.5090474535199536e-05,0.0056981088476171235,0.0029041448983437614
1.0,0.9500000000000001,1.05,0.1,6,0.09623001355456928,1.0601012812469675e-05,0.0038492005421827714,0.0019352012839038554
1.0,0.9500000000000001,1.05,0.1,7,0.08000241346758993,-6.651115416589491e-05,0.0032000965387035973,0.0016665594235176935
1.0,0.9500000000000001,1.05,0.1,8,0.09801728579541318,0.00010270514914789765,0.003920691431816527,0.0020630508650561616
1.0,0.9500000000000001,1.05,0.1,9,0.10420580679832535,-9.480078307359794e-05,0.004168232271933014,0.0021789169190401052
1.0,0.9500000000000001,1.05,0.1,10,0.1453497978197732,-6.112188190416805e-05,0.005813991912790928,0.002968117838299632
1.0,0.9500000000000001,1.05,0.1,11,0.12568280152408678,-0.00024435000061183876,0.005027312060963471,0.0027580060310935742
1.0,0.9500000000000001,1.05,0.1,12,0.09682123106789728,6.399769665902125e-05,0.003872849242715891,0.002000422318016967
1.0,0.9500000000000001,1.05,0.1,13,0.13262553524197768,-4.935507466219924e-05,0.0053050214096791075,0.002701865779501753
1.0,0.9500000000000001,1.05,0.1,14,0.09652580629487512,-5.141964403095723e-06,0.003861032251795005,0.0019356580903005982
1.0,0.9500000000000001,1.05,0.1,15,0.057826578439146514,-2.2336048866638564e-06,0.002313063137565861,0.0011587651736695943
1.0,0.9500000000000001,1.05,0.2,1,0.06245528017886882,1.709658543156601e-05,0.0024982112071547527,0.0012662021890089423
1.0,0.9500000000000001,1.05,0.2,2,0.10040681057806289,-2.8460120745536828e-05,0.004016272423122516,0.002036596332306795
1.0,0.9500000000000001,1.05,0.2,3,0.07430576174547644,-4.008654995614548e-05,0.002972230469819058,0.0015262017848656744
1.0,0.9500000000000001,1.05,0.2,4,0.10188903570652283,0.00013669336931779985,0.004075561428260913,0.002174474083448256
1.0,0.9500000000000001,1.05,0.2,5,0.11564447474849024,9.213724378308298e-05,0.00462577898993961,0.002405026738752888
1.0,0.9500000000000001,1.05,0.2,6,0.07514121779592017,-1.9964469876013224e-05,0.003005648711836807,0.0015227888257944168
1.0,0.9500000000000001,1.05,0.2,7,0.07033261946464131,-5.46332079370305e-05,0.0028133047785856525,0.0014612855972298568
1.0,0.9500000000000001,1.05,0.2,8,0.08840180928126147,0.0001388416167955786,0.0035360723712504587,0.001906877802420808
1.0,0.9500000000000001,1.05,0.2,9,0.0910779113072735,-4.6852299981803386e-05,0.00364311645229094,0.0018684105261272733
1.0,0.9500000000000001,1.05,0.2,10,0.12120662347894119,-0.0001146995055984329,0.004848264939157648,0.0025388319751772567
1.0,0.9500000000000001,1.05,0.2,11,0.11031722390438153,-0.00012006897486573079,0.004412688956175261,0.0023264134529533613
1.0,0.9500000000000001,1.05,0.2,12,0.07719710121895673,3.0812274366365336e-05,0.0030878840487582695,0.0015747542987455002
1.0,0.9500000000000001,1.05,0.2,13,0.10076565203496912,2.555966192909755e-05,0.004030626081398765,0.00204087270262848
1.0,0.9500000000000001,1.05,0.2,14,0.06972740106355914,-2.546543254048758e-05,0.0027890960425423655,0.0014200134538116702
1.0,0.9500000000000001,1.05,0.2,15,0.05457335237458457,-4.094311541002265e-06,0.002182934094983383,0.0010955613590326937
1.0,0.9500000000000001,1.1,0.05,1,0.07956542606419614,2.4712517166672554e-07,0.003182617042567846,0.0015915556464555897
1.0,0.9500000000000001,1.1,0.05,2,0.12145018750872225,-4.4496927932845484e-07,0.00485800750034889,0.0024294487194537733
1.0,0.9500000000000001,1.1,0.05,3,0.0897535319104669,-5.7831320289471834e-05,0.003590141276418676,0.0018529019584988097
1.0,0.9500000000000001,1.1,0.05,4,0.11626747945248941,0.0002189005433025063,0.004650699178099577,0.002544250132352295
1.0,0.9500000000000001,1.1,0.05,5,0.11981739402633454,7.77273652106174e-05,0.004792695761053381,0.002474075245737308
1.0,0.9500000000000001,1.1,0.05,6,0.083965254705498,-2.2713685296287068e-05,0.00335861018821992,0.001702018779406247
1.0,0.9500000000000001,1.1,0.05,7,0.08203289536742658,-4.7134187302287544e-05,0.003281315814697063,0.001687792094650819
1.0,0.9500000000000001,1.1,0.05,8,0.0987339332786847,0.00011379413522574292,0.003949357331147388,0.002088472800799437
1.0,0.9500000000000001,1.1,0.05,9,0.10227034834362199,0.0001580127997856607,0.00409081393374488,0.0022034197666581006
1.0,0.9500000000000001,1.1,0.05,10,0.11443168263251395,-8.055396385194013e-05,0.004577267305300558,0.002369187616502219
1.0,0.9500000000000001,1.1,0.05,11,0.10805970692629178,-0.00023014122828874354,0.0043223882770516715,0.0023913353668145792
1.0,0.9500000000000001,1.1,0.05,12,0.08979882839290532,5.413701118446378e-05,0.0035919531357162127,0.0018501135790425702
1.0,0.9500000000000001,1.1,0.05,13,0.12155582842567969,1.9720282926984884e-06,0.004862233137027188,0.0024330885968062922
1.0,0.9500000000000001,1.1,0.05,14,0.07957494041680395,-2.577919429208901e-07,0.003182997616672158,0.0015917566002789998
1.0,0.9500000000000001,1.1,0.05,15,0.06055372235631094,-1.7720739747136293e-06,0.002422148894252438,0.0012128465211009326
1.0,0.9500000000000001,1.1,0.1,1,0.0916864924746579,8.895546875932237e-06,0.0036674596989863164,0.0018426253963690904
1.0,0.9500000000000001,1.1,0.1,2,0.13212712563372164,4.97917336128791e-05,0.0052850850253488655,0.002692334246287312
1.0,0.9500000000000001,1.1,0.1,3,0.09414373537491612,-6.74950818520769e-05,0.0037657494149966448,0.0019503697893503993
1.0,0.9500000000000001,1.1,0.1,4,0.1204933653251072,0.0002695876741349435,0.004819734613004288,0.0026794549806370875
1.0,0.9500000000000001,1.1,0.1,5,0.1422442745512395,5.2203213319292096e-05,0.00568977098204958,0.002897088704344082
1.0,0.9500000000000001,1.1,0.1,6,0.09609002330625147,1.1215243996686347e-05,0.003843600932250059,0.0019330157101217157
1.0,0.9500000000000001,1.1,0.1,7,0.0798790354236054,-6.652901216695736e-05,0.0031951614169442163,0.0016641097206390656
1.0,0.9500000000000001,1.1,0.1,8,0.09788807797809844,9.942854741127314e-05,0.003915523119123938,0.0020571901069732423
1.0,0.9500000000000001,1.1,0.1,9,0.10404830522152639,-9.685920148654669e-05,0.004161932208861055,0.002177825305917074
1.0,0.9500000000000001,1.1,0.1,10,0.14514818118726258,-5.954598067741201e-05,0.005805927247490504,0.0029625096044226637
1.0,0.9500000000000001,1.1,0.1,11,0.1255093150261364,-0.0002425896053176605,0.005020372601045457,0.002752775905840389
1.0,0.9500000000000001,1.1,0.1,12,0.09668705411189207,6.448762502945828e-05,0.003867482164475683,0.0019982287072672997
1.0,0.9500000000000001,1.1,0.1,13,0.132462687234593,-4.954619912849133e-05,0.00529850748938372,0.0026987999438203513
1.0,0.9500000000000001,1.1,0.1,14,0.0964200445260018,-3.913309070874811e-06,0.003856801781040072,0.0019323141995909107
1.0,0.9500000000000001,1.1,0.1,15,0.057730309503619195,-2.4002542110595034e-06,0.002309212380144768,0.0011570064442834435
1.0,0.9500000000000001,1.1,0.2,1,0.06239815987940109,1.4989944036380145e-05,0.0024959263951760437,0.001262953141624402
1.0,0.9500000000000001,1.1,0.2,2,0.10033891561134316,-2.673071574622635e-05,0.004013556624453726,0.0020335090279730893
1.0,0.9500000000000001,1.1,0.2,3,0.07423064619908541,-4.01220357994389e-05,0.0029692258479634167,0.0015247349597811472
1.0,0.9500000000000001,1.1,0.2,4,0.10174536974837217,0.0001365668499974882,0.004069814789934887,0.0021714742449649316
1.0,0.9500000000000001,1.1,0.2,5,0.11553387728255818,8.928349017621486e-05,0.004621355091302327,0.0023999610358273788
1.0,0.9500000000000001,1.1,0.2,6,0.07504725798580208,-1.6840508594584008e-05,0.0030018903194320833,0.0015177856683106256
1.0,0.9500000000000001,1.1,0.2,7,0.07021570664268474,-5.373860159695079e-05,0.0028086282657073898,0.0014580527344506457
1.0,0.9500000000000001,1.1,0.2,8,0.08827266564774185,0.0001350095995572308,0.003530906625909674,0.0019004629125120678
1.0,0.9500000000000001,1.1,0.2,9,0.09094263568892925,-5.045643149105581e-05,0.0036377054275571704,0.001869309145269641
1.0,0.9500000000000001,1.1,0.2,10,0.12106936096950556,-0.00011020828825993524,0.0048427744387802224,0.0025315955076500463
1.0,0.9500000000000001,1.1,0.2,11,0.1101486866905316,-0.00011969670111531316,0.004405947467621264,0.0023226704349259453
1.0,0.9500000000000001,1.1,0.2,12,0.07712702990319886,3.119202518022697e-05,0.0030850811961279545,0.0015737326232442043
1.0,0.9500000000000001,1.1,0.2,13,0.10067090082465541,2.3255641094797495e-05,0.004026836032986216,0.0020366736575879053
1.0,0.9500000000000001,1.1,0.2,14,0.06967701209852979,-2.321291160446016e-05,0.0027870804839411917,0.001416753153575056
1.0,0.9500000000000001,1.1,0.2,15,0.05452448918361574,-4.149888001102566e-06,0.0021809795673446296,0.0010946396716734173
1.0,1.0,0.9,0.05,1,0.0726132495175605,5.91015889854931e-07,0.00290452998070242,0.001452856006241065
1.0,1.0,0.9,0.05,2,0.11022543363266547,-4.125613456023523e-06,0.004409017345306619,0.002208634286109333
1.0,1.0,0.9,0.05,3,0.08065467506171703,-7.128951332942053e-05,0.0032261870024686812,0.0016843830145637612
1.0,1.0,0.9,0.05,4,0.10435080207181358,0.00027185365591045227,0.004174032082872543,0.0023588696973467238
1.0,1.0,0.9,0.05,5,0.10981148776319585,0.00010011305840999935,0.004392459510527834,0.0022963428136739163
1.0,1.0,0.9,0.05,6,0.07572526528673887,-3.10447912443725e-05,0.0030290106114695546,0.0015455500969791499
1.0,1.0,0.9,0.05,7,0.0723754753884054,-6.715872376877875e-05,0.002895019015536216,0.0015146682315368867
1.0,1.0,0.9,0.05,8,0.08713766412008841,0.00014662299504240522,0.0034855065648035366,0.0018893762774441734
1.0,1.0,0.9,0.05,9,0.0899913345417789,0.00020502600398646944,0.0035996533816711565,0.0020048526948220477
1.0,1.0,0.9,0.05,10,0.10629238848787173,-0.00010364600303423171,0.004251695539514869,0.0022294937727916665
1.0,1.0,0.9,0.05,11,0.09985084504163885,-0.0002805831096385216,0.003994033801665554,0.0022776000104712986
1.0,1.0,0.9,0.05,12,0.08069741915951448,7.105879822696243e-05,0.0032278967663805793,0.001685007181417252
1.0,1.0,0.9,0.05,13,0.11027409812490366,5.657705791886082e-06,0.004410963924996146,0.002211139668289959
1.0,1.0,0.9,0.05,14,0.07262507491880472,-6.085152909636579e-07,0.002905002996752189,0.001453110013667058
1.0,1.0,0.9,0.05,15,0.052706093558735664,-1.5755700287516745e-06,0.002108243742349427,0.001055697441203465
1.0,1.0,0.9,0.1,1,0.07113346144347332,1.1244688280076558e-05,0.002845338457738933,0.001433913917149543
1.0,1.0,0.9,0.1,2,0.10285503785727051,5.4271839611832096e-05,0.0041142015142908205,0.0021113725967572424
1.0,1.0,0.9,0.1,3,0.07360908958787767,-8.584624901911292e-05,0.0029443635835151066,0.0015580280407766663
1.0,1.0,0.9,0.1,4,0.09788628639487962,0.0003374939607938808,0.003915451455795185,0.002295219688691473
1.0,1.0,0.9,0.1,5,0.1131672113195116,7.525203765825812e-05,0.004526688452780464,0.00233859626404849
1.0,1.0,0.9,0.1,6,0.0794208234918799,1.6001820011341176e-05,0.0031768329396751963,0.0016044182898489394
1.0,1.0,0.9,0.1,7,0.06443109610202903,-8.130403092538512e-05,0.002577243844081161,0.0013699259529659658
1.0,1.0,0.9,0.1,8,0.08256832993421359,0.00013868469774692483,0.003302733197368544,0.0017900512964311968
1.0,1.0,0.9,0.1,9,0.09001551991504811,-0.00011161448354104315,0.0036006207966019243,0.0019119248818420054
1.0,1.0,0.9,0.1,10,0.11739727513477782,-7.830357060493692e-05,0.004695891005391113,0.0024262490733004934
1.0,1.0,0.9,0.1,11,0.1033107271429319,-0.0003083747946898322,0.004132429085717276,0.0023745893375484704
1.0,1.0,0.9,0.1,12,0.07847643139869863,7.774696175279708e-05,0.0031390572559479453,0.0016472755897267697
1.0,1.0,0.9,0.1,13,0.10335892170657388,-6.283183447086736e-05,0.004134356868262955,0.002130010268602345
1.0,1.0,0.9,0.1,14,0.0802954795102139,-5.536156302711045e-06,0.003211819180408556,0.001611445746506989
1.0,1.0,0.9,0.1,15,0.0496130526329636,-2.0245587682397556e-06,0.001984522105318544,0.0009942856114275118
1.0,1.0,0.9,0.2,1,0.0583092996871843,2.1062219566334328e-05,0.002332371987487372,0.0011872482133100204
1.0,1.0,0.9,0.2,2,0.09206660396628544,-3.492460468278653e-05,0.0036826641586514175,0.0018762566840084952
1.0,1.0,0.9,0.2,3,0.06793794313367879,-5.0037210200549385e-05,0.0027175177253471517,0.0014087960728741253
1.0,1.0,0.9,0.2,4,0.09253515798159957,0.00016954230663200856,0.003701406319263983,0.002020245466264
1.0,1.0,0.9,0.2,5,0.10636333357229683,0.00011778279814675574,0.004254533342891873,0.0022450494695926923
1.0,1.0,0.9,0.2,6,0.06876454109405299,-2.884551753511024e-05,0.0027505816437621193,0.00140413633941617
1.0,1.0,0.9,0.2,7,0.06440103793609046,-6.992176942168505e-05,0.0025760415174436186,0.0013579425281434944
1.0,1.0,0.9,0.2,8,0.08326482528722504,0.00018317021912242726,0.0033305930114890013,0.001848466724866928
1.0,1.0,0.9,0.2,9,0.08525390523118839,-4.926647511624828e-05,0.0034101562092475357,0.001754344579740016
1.0,1.0,0.9,0.2,10,0.11204758407926776,-0.0001517328567052512,0.00448190336317071,0.0023926845382906065
1.0,1.0,0.9,0.2,11,0.10136300524417616,-0.00015081654043768607,0.0040545202097670464,0.0021780766453212094
1.0,1.0,0.9,0.2,12,0.072881950639927,3.7423543658772566e-05,0.00291527802559708,0.0014950625564573124
1.0,1.0,0.9,0.2,13,0.09285543783783756,3.3578171699997464e-05,0.0037142175135135027,0.001890686928456749
1.0,1.0,0.9,0.2,14,0.06746860633266673,-3.212540438945072e-05,0.0026987442533066694,0.0013814975310427855
1.0,1.0,0.9,0.2,15,0.05198759103059644,-4.4323083066289365e-06,0.0020795036412238578,0.0010441841289185578
1.0,1.0,0.9500000000000001,0.05,1,0.0725383296153712,1.168559768698963e-06,0.002901533184614848,0.001451935152076123
1.0,1.0,0.9500000000000001,0.05,2,0.11008984189509557,-3.9459747425897645e-06,0.004403593675803823,0.0022057428126445013
1.0,1.0,0.9500000000000001,0.05,3,0.0805579856195703,-7.129998884072035e-05,0.0032223194247828118,0.0016824597012321263
1.0,1.0,0.9500000000000001,0.05,4,0.10422616169910252,0.0002713649635813987,0.004169046467964101,0.002355888197563449
1.0,1.0,0.9500000000000001,0.05,5,0.10976008084454068,9.981214106161679e-05,0.004390403233781627,0.0022950137579524302
1.0,1.0,0.9500000000000001,0.05,6,0.0756310127843609,-3.0978201231135535e-05,0.0030252405113744356,0.0015435984569183534
1.0,1.0,0.9500000000000001,0.05,7,0.07227700916810084,-6.472759812687772e-05,0.002891080366724034,0.0015102677814888947
1.0,1.0,0.9500000000000001,0.05,8,0.0870105717909276,0.00014468901426660817,0.003480422871637104,0.0018849004500851602
1.0,1.0,0.9500000000000001,0.05,9,0.08985887582449695,0.0002028625155365935,0.003594355032979878,0.0020000400320265323
1.0,1.0,0.9500000000000001,0.05,10,0.10615523059882478,-0.00010341434321338639,0.0042462092239529915,0.0022265189551898823
1.0,1.0,0.9500000000000001,0.05,11,0.09971983879723288,-0.0002814168383446969,0.0039887935518893155,0.0022758136142893544
1.0,1.0,0.9500000000000001,0.05,12,0.08060408717060757,6.998496165035639e-05,0.003224163486824303,0.0016820667050625078
1.0,1.0,0.9500000000000001,0.05,13,0.1101486069109504,5.563797820406988e-06,0.004405944276438016,0.002208535936039415
1.0,1.0,0.9500000000000001,0.05,14,0.07254787907804913,-1.1883159594725708e-06,0.0029019151631219653,0.0014521458975204553
1.0,1.0,0.9500000000000001,0.05,15,0.05263063931390184,-1.689620490363831e-06,0.002105225572556074,0.0010543024067684007
1.0,1.0,0.9500000000000001,0.1,1,0.0709501411217105,1.245774390324027e-05,0.0028380056448684197,0.00143146056633745
1.0,1.0,0.9500000000000001,0.1,2,0.10264111858422155,5.413857183403682e-05,0.004105644743368862,0.002106960943518468
1.0,1.0,0.9500000000000001,0.1,3,0.07344614191349069,-8.518199372847604e-05,0.002937845676539628,0.0015541048319982899
1.0,1.0,0.9500000000000001,0.1,4,0.09769899128639133,0.0003359801296057129,0.003907959651455653,0.0022899599553335395
1.0,1.0,0.9500000000000001,0.1,5,0.11292629547872499,7.43481573627087e-05,0.004517051819149,0.002332874066937209
1.0,1.0,0.9500000000000001,0.1,6,0.07923511891859783,1.4105983605731059e-05,0.0031694047567439134,0.0015988083619776878
1.0,1.0,0.9500000000000001,0.1,7,0.0643110238652922,-8.13427852116684e-05,0.002572440954611688,0.0013675632625175123
1.0,1.0,0.9500000000000001,0.1,8,0.08246869374283818,0.00013460327897693878,0.0032987477497135272,0.0017839771538337025
1.0,1.0,0.9500000000000001,0.1,9,0.0898427587924485,-0.00011136692372882824,0.0035937103516979403,0.0019082220995777985
1.0,1.0,0.9500000000000001,0.1,10,0.11717861463108599,-7.898942578962674e-05,0.0046871445852434395,0.0024225617184113466
1.0,1.0,0.9500000000000001,0.1,11,0.10314639467321332,-0.00030609756485219537,0.004125855786928533,0.002369025458316462
1.0,1.0,0.9500000000000001,0.1,12,0.0783309446648858,7.821633865674299e-05,0.003133237786595432,0.001644835231954459
1.0,1.0,0.9500000000000001,0.1,13,0.10317094712737516,-6.048640738178239e-05,0.004126837885095006,0.002123905349929286
1.0,1.0,0.9500000000000001,0.1,14,0.08017693632263137,-6.659446297347296e-06,0.003207077452905255,0.0016101981727499749
1.0,1.0,0.9500000000000001,0.1,15,0.04954046273490663,-2.198432320293576e-06,0.0019816185093962653,0.0009930076870184263
1.0,1.0,0.9500000000000001,0.2,1,0.058179732219451115,2.1922817235451516e-05,0.002327189288778045,0.001185517461624474
1.0,1.0,0.9500000000000001,0.2,2,0.09195523094402644,-3.607659083023658e-05,0.003678209237761058,0.0018751812097107655
1.0,1.0,0.9500000000000001,0.2,3,0.06784184296195625,-4.995347665687705e-05,0.00271367371847825,0.0014067903358960022
1.0,1.0,0.9500000000000001,0.2,4,0.09239206754395674,0.00016929811748443244,0.0036956827017582696,0.0020171394683635674
1.0,1.0,0.9500000000000001,0.2,5,0.10624085707714825,0.00011747875049697957,0.00424963428308593,0.0022422958920399446
1.0,1.0,0.9500000000000001,0.2,6,0.06866601206668452,-2.8351425128571174e-05,0.0027466404826673807,0.0014016716664622616
1.0,1.0,0.9500000000000001,0.2,7,0.06429710453948496,-6.882295104316834e-05,0.0025718841815793986,0.0013547650418328676
1.0,1.0,0.9500000000000001,0.2,8,0.08320276166892235,0.00017862692495845866,0.003328110466756894,0.0018426821583369057
1.0,1.0,0.9500000000000001,0.2,9,0.08516782991572075,-5.041907978293837e-05,0.00340671319662883,0.0017537756780973534
1.0,1.0,0.9500000000000001,0.2,10,0.1119212857098304,-0.00014943071276351692,0.004476851428393216,0.002387856426960125
1.0,1.0,0.9500000000000001,0.2,11,0.10120323607131657,-0.00015027413000001698,0.004048129442852663,0.0021743388514263483
1.0,1.0,0.9500000000000001,0.2,12,0.07280741447728332,3.776762445620879e-05,0.002912296579091333,0.0014939159140018752
1.0,1.0,0.9500000000000001,0.2,13,0.09270857199551845,3.3995376202345116e-05,0.003708342879820738,0.001888166816112714
1.0,1.0,0.9500000000000001,0.2,14,0.06739099472602551,-3.267709783793565e-05,0.0026956397890410206,0.001380496992358446
1.0,1.0,0.9500000000000001,0.2,15,0.05196445448630227,-4.5011881242187335e-06,0.002078578179452091,0.0010437902778502642
1.0,1.0,1.0,0.05,1,0.07247108928121507,1.2870421632654223e-06,0.0028988435712486026,0.0014507088277875668
1.0,1.0,1.0,0.05,2,0.10996758370659879,-3.312789932466345e-06,0.004398703348263952,0.0022026644640644423
1.0,1.0,1.0,0.05,3,0.08047125023730378,-7.132872015528551e-05,0.0032188500094921515,0.0016807537249013613
1.0,1.0,1.0,0.05,4,0.1041166462327943,0.0002708907520539873,0.0041646658493117725,0.0023532236767098737
1.0,1.0,1.0,0.05,5,0.1097237060696382,9.903272292941782e-05,0.004388948242785528,0.002293506844322182
1.0,1.0,1.0,0.05,6,0.07554597250486593,-3.0413535665908218e-05,0.0030218389001946374,0.001541332985763227
1.0,1.0,1.0,0.05,7,0.07218883786504324,-6.229531803553585e-05,0.0028875535146017295,0.0015060720753364005
1.0,1.0,1.0,0.05,8,0.08689741052770583,0.00014275231849678234,0.0034758964211082334,0.001880700529050899
1.0,1.0,1.0,0.05,9,0.08974022215860875,0.00020013750518556162,0.0035896088863443497,0.0019949419483577366
1.0,1.0,1.0,0.05,10,0.10603355364847075,-0.00010269823730678788,0.00424134214593883,0.002223369310276203
1.0,1.0,1.0,0.05,11,0.09960377936558121,-0.00028226557304171713,0.003984151174623248,0.0022743411603533413
1.0,1.0,1.0,0.05,12,0.0805207277328731,6.892924752525552e-05,0.003220829109314924,0.0016793438021827176
1.0,1.0,1.0,0.05,13,0.11003651922338609,5.012791892766276e-06,0.004401460768935443,0.002205743176360488
1.0,1.0,1.0,0.05,14,0.07247844860032568,-1.305994994374587e-06,0.002899137944013027,0.001450874967000888
1.0,1.0,1.0,0.05,15,0.05256357966202131,-1.8036005847424095e-06,0.0021025431864808526,0.0010530751938251687
1.0,1.0,1.0,0.1,1,0.07078961468733895,1.2774202922111904e-05,0.002831584587493558,0.001428566496668891
1.0,1.0,1.0,0.1,2,0.10245844102205698,5.4884167044682054e-05,0.004098337640882279,0.0021040529874858218
1.0,1.0,1.0,0.1,3,0.07330643499763216,-8.455248207016447e-05,0.0029322573999052866,0.0015506811820228078
1.0,1.0,1.0,0.1,4,0.09753746970430628,0.00033449563487540396,0.003901498788172251,0.0022852450289615293
1.0,1.0,1.0,0.1,5,0.11271941462064664,7.255310905483695e-05,0.004508776584825866,0.00232694140146777
1.0,1.0,1.0,0.1,6,0.07907232265944406,1.3109521047100024e-05,0.0031628929063777624,0.0015945559742359813
1.0,1.0,1.0,0.1,7,0.06420998874698662,-8.138146621181161e-05,0.0025683995498794647,0.0013655812411515439
1.0,1.0,1.0,0.1,8,0.08238909103588309,0.00013052038420550163,0.0032955636414353233,0.0017783022049231633
1.0,1.0,1.0,0.1,9,0.08969381759703193,-0.00011205311033495093,0.0035877527038812775,0.0019059294622755898
1.0,1.0,1.0,0.1,10,0.11699443968749129,-7.878474743806065e-05,0.004679777587499652,0.0024186735411878867
1.0,1.0,1.0,0.1,11,0.10300905313782548,-0.0003038472183802958,0.004120362125513019,0.0023640282811368055
1.0,1.0,1.0,0.1,12,0.07820883136314168,7.87201742154225e-05,0.003128353254525667,0.001642896801478256
1.0,1.0,1.0,0.1,13,0.10301412397533444,-5.901897704266979e-05,0.0041205649590133776,0.0021193014565493587
1.0,1.0,1.0,0.1,14,0.08008127007231564,-6.884821618752184e-06,0.0032032508028926256,0.001608510223065065
1.0,1.0,1.0,0.1,15,0.049480047191986565,-2.3722198852664833e-06,0.001979201887679463,0.000991973163724998
1.0,1.0,1.0,0.2,1,0.0580680314296939,2.1669233423582694e-05,0.002322721257187756,0.0011830298620174608
1.0,1.0,1.0,0.2,2,0.09187350105454249,-3.617061627402605e-05,0.0036749400421816998,0.001873640637364876
1.0,1.0,1.0,0.2,3,0.06776454716815279,-4.990636800781265e-05,0.002710581886726112,0.0014051973113708687
1.0,1.0,1.0,0.2,4,0.09227335999227784,0.00016908054067198947,0.003690934399691114,0.0020145477405175464
1.0,1.0,1.0,0.2,5,0.10614491275349933,0.00011613170634571693,0.004245796510139973,0.0022390299614157036
1.0,1.0,1.0,0.2,6,0.06859037313557505,-2.6792265385802994e-05,0.002743614925423002,0.001398599728097304
1.0,1.0,1.0,0.2,7,0.06420740964950036,-6.772104022501643e-05,0.0025682963859800147,0.0013518692332150238
1.0,1.0,1.0,0.2,8,0.08315236354671876,0.00017407281409984976,0.0033260945418687503,0.001837120085034225
1.0,1.0,1.0,0.2,9,0.08509501714644065,-5.26155843336806e-05,0.003403800685857626,0.0017545159272624937
1.0,1.0,1.0,0.2,10,0.11182291682877073,-0.00014609837799772155,0.004472916673150829,0.002382556714573136
1.0,1.0,1.0,0.2,11,0.1010649203668014,-0.00014975529697175841,0.004042596814672056,0.0021710537043077866
1.0,1.0,1.0,0.2,12,0.07275325075494915,3.8148612499686944e-05,0.002910130030197966,0.00149321362759867
1.0,1.0,1.0,0.2,13,0.09259012848210402,3.3356797159166236e-05,0.0037036051392841606,0.0018851593668012465
1.0,1.0,1.0,0.2,14,0.06734222785022773,-3.216477369033988e-05,0.002693689114009109,0.0013790093306948945
1.0,1.0,1.0,0.2,15,0.051947271231663615,-4.5697775752886395e-06,0.0020778908492665444,0.001043515202208561
1.0,1.0,1.05,0.05,1,0.072410432413823,1.0136632706857487e-06,0.00289641729655292,0.0014492223115471457
1.0,1.0,1.05,0.05,2,0.10985678824815162,-2.2924156782978767e-06,0.004394271529926065,0.0021994281806413303
1.0,1.0,1.05,0.05,3,0.08039306095786652,-7.137302633469114e-05,0.003215722438314661,0.0016792342454920216
1.0,1.0,1.05,0.05,4,0.10402012590499583,0.00027042888032150587,0.004160805036199833,0.0023508313984214224
1.0,1.0,1.05,0.05,5,0.1096996701070678,9.784474856132234e-05,0.0043879868042827124,0.0022918381507026787
1.0,1.0,1.05,0.05,6,0.07546885099598621,-2.942361567526376e-05,0.003018754039839449,0.0015388006355949882
1.0,1.0,1.05,0.05,7,0.07210950483948379,-5.986204709943617e-05,0.002884380193579352,0.0015020521438891122
1.0,1.0,1.05,0.05,8,0.08679618711534771,0.0001408132945043371,0.0034718474846139086,0.0018767370368112913
1.0,1.0,1.05,0.05,9,0.08963340449025675,0.00019693293773345887,0.00358533617961027,0.001989601027538594
1.0,1.0,1.05,0.05,10,0.10592514256858976,-0.00010156848334655754,0.00423700570274359,0.0022200713347183525
1.0,1.0,1.05,0.05,11,0.09950052499251805,-0.00028312709761504104,0.003980020999700722,0.0022731375974654024
1.0,1.0,1.05,0.05,12,0.08044594268967369,6.788899409630397e-05,0.0032178377075869477,0.0016768078478897777
1.0,1.0,1.05,0.05,13,0.10993592257745419,4.071556487166571e-06,0.004397436903098168,0.0022027900080362505
1.0,1.0,1.05,0.05,14,0.07241567019271908,-1.029193557411113e-06,0.0028966268077087634,0.0014493425974117927
1.0,1.0,1.05,0.05,15,0.05250373342229474,-1.917520436253419e-06,0.0021001493368917896,0.0010519921888821483
1.0,1.0,1.05,0.1,1,0.07064861181460007,1.2325854335744945e-05,0.0028259444725840027,0.0014252980906277464
1.0,1.0,1.05,0.1,2,0.10230248117449313,5.637950328036985e-05,0.004092099246979725,0.002102429126770232
1.0,1.0,1.05,0.1,3,0.07318661391968646,-8.395259194897807e-05,0.0029274645567874584,0.0015476848703427073
1.0,1.0,1.05,0.1,4,0.09739796353856608,0.00033303613201463966,0.0038959185415426436,0.0022809954027859613
1.0,1.0,1.05,0.1,5,0.11254163979195034,6.99977929740585e-05,0.004501665591678013,0.002320830588813065
1.0,1.0,1.05,0.1,6,0.07892913686896916,1.2880236116847671e-05,0.0031571654747587666,0.001591462973496231
1.0,1.0,1.05,0.1,7,0.0641252036805794,-8.142008129437008e-05,0.002565008147223176,0.0013639241549059582
1.0,1.0,1.05,0.1,8,0.0823265585717039,0.00012643622159634,0.003293062342868156,0.001772967393030418
1.0,1.0,1.05,0.1,9,0.08956526516002959,-0.00011353589047789097,0.0035826106064011836,0.0019048411936784828
1.0,1.0,1.05,0.1,10,0.11683972011216472,-7.782034669953794e-05,0.004673588804486589,0.0024146147489428325
1.0,1.0,1.05,0.1,11,0.10289472581350562,-0.00030161976436136157,0.004115789032540225,0.002359514280631474
1.0,1.0,1.05,0.1,12,0.07810670274754818,7.925338687170188e-05,0.0031242681099019273,0.0016413874418226655
1.0,1.0,1.05,0.1,13,0.10288392330059543,-5.830054567646183e-05,0.004115356932023817,0.0021159790116883704
1.0,1.0,1.05,0.1,14,0.08000519439561402,-6.34427307989708e-06,0.003200207775824561,0.0016064481609921776
1.0,1.0,1.05,0.1,15,0.04942998939068324,-2.5459338236279623e-06,0.00197719957562733,0.0009911457216372928
1.0,1.0,1.05,0.2,1,0.057971703656635655,2.0466244086162246e-05,0.0023188681462654264,0.0011799003172188755
1.0,1.0,1.05,0.2,2,0.09181686202382872,-3.536319274903766e-05,0.0036726744809531487,0.001871700433225612
1.0,1.0,1.05,0.2,3,0.06770309142120774,-4.989043349041161e-05,0.00270812365684831,0.0014039522619145666
1.0,1.0,1.05,0.2,4,0.09217517244507986,0.00016888557146383135,0.0036870068978031947,0.002012389020365429
1.0,1.0,1.05,0.2,5,0.10607132332297878,0.00011389602662395435,0.004242852932919151,0.00223532249308353
1.0,1.0,1.05,0.2,6,0.06853365260555574,-2.432574654616701e-05,0.0027413461042222298,0.001394998798657282
1.0,1.0,1.05,0.2,7,0.06412963810097307,-6.661647920437128e-05,0.0025651855240389227,0.0013492092412238327
1.0,1.0,1.05,0.2,8,0.08311165368829364,0.00016950944191938556,0.0033244661475317454,0.0018317425156852583
1.0,1.0,1.05,0.2,9,0.0850331739667542,-5.570132838684594e-05,0.0034013269586701676,0.0017563648077219298
1.0,1.0,1.05,0.2,10,0.11174796603621373,-0.00014188836852812442,0.0044699186414485495,0.002376847689252399
1.0,1.0,1.05,0.2,11,0.10094457560277503,-0.00014925647393810058,0.004037783024111001,0.002168147985993601
1.0,1.0,1.05,0.2,12,0.0727163164639835,3.8561016333429786e-05,0.0029086526585593397,0.0014928873456130996
1.0,1.0,1.05,0.2,13,0.09249581464838019,3.181862985601579e-05,0.0036998325859352076,0.0018817349228236195
1.0,1.0,1.05,0.2,14,0.06731800061856408,-3.0745989944626996e-05,0.002692720024742563,0.0013771060023159084
1.0,1.0,1.05,0.2,15,0.05193496992311457,-4.638118520841563e-06,0.0020773987969245826,0.0010433375169831328
1.0,1.0,1.1,0.05,1,0.0723554635774729,4.0312230147173457e-07,0.002894218543098916,0.0014475123938509297
1.0,1.0,1.1,0.05,2,0.10975592728006998,-9.388707808644614e-07,0.0043902370912028,0.002196057416382264
1.0,1.0,1.1,0.05,3,0.0803222680000811,-7.143072665796526e-05,0.003212890720003244,0.0016778760866595873
1.0,1.0,1.1,0.05,4,0.10393486108695824,0.0002699776093129421,0.00415739444347833,0.0023486748310521067
1.0,1.0,1.1,0.05,5,0.10968633565544555,9.630516832277234e-05,0.004387453426217823,0.002290031881431684
1.0,1.0,1.1,0.05,6,0.07539859138678555,-2.8067731163134385e-05,0.003015943655471422,0.0015360395588988455
1.0,1.0,1.1,0.05,7,0.0720378210825507,-5.742791940621833e-05,0.002881512843302028,0.0014981843410572324
1.0,1.0,1.1,0.05,8,0.08670527417690012,0.00013887225892990072,0.003468210967076005,0.0018729777424679032
1.0,1.0,1.1,0.05,9,0.08953681508884358,0.00019331557039068057,0.003581472603553743,0.0019840518721675523
1.0,1.0,1.1,0.05,10,0.10582819169888899,-0.00010008272928024586,0.0042331276679555595,0.002216646563258026
1.0,1.0,1.1,0.05,11,0.09940832977624511,-0.0002839996115542266,0.003976333191049805,0.002272166207079129
1.0,1.0,1.1,0.05,12,0.0803785899123701,6.686203631623474e-05,0.003215143596494804,0.0016744338345636366
1.0,1.0,1.1,0.05,13,0.10984525369954412,2.7945284041352485e-06,0.004393810147981765,0.0021996996023950174
1.0,1.0,1.1,0.05,14,0.07235863478395188,-4.129709871845253e-07,0.0028943453913580753,0.0014475856666662222
1.0,1.0,1.1,0.05,15,0.05245013677586665,-2.0313883141895773e-06,0.002098005471034666,0.0010510341238315227
1.0,1.0,1.1,0.1,1,0.07052446404453622,1.1219875587385638e-05,0.0028209785617814486,0.00142170915647811
1.0,1.0,1.1,0.1,2,0.102169554322422,5.851956162957324e-05,0.00408678217289688,0.002101910648078013
1.0,1.0,1.1,0.1,3,0.07308394569661324,-8.337816050170931e-05,0.0029233578278645297,0.001545057074433974
1.0,1.0,1.1,0.1,4,0.09727742048519311,0.0003315980934164395,0.0038910968194077245,0.002277146503120302
1.0,1.0,1.1,0.1,5,0.112388957916261,6.678867942970573e-05,0.00449555831665044,0.0023145678377549253
1.0,1.0,1.1,0.1,6,0.07880286917728187,1.3310620003583189e-05,0.0031521147670912747,0.0015893680035492207
1.0,1.0,1.1,0.1,7,0.06405440157390177,-8.145863703449467e-05,0.0025621760629560707,0.0013625466685125301
1.0,1.0,1.1,0.1,8,0.0822786941888702,0.00012235096194182821,0.003291147767554808,0.0017679248457192322
1.0,1.0,1.1,0.1,9,0.08945429979780767,-0.000115703707936821,0.003578171991912307,0.0019047897038929743
1.0,1.0,1.1,0.1,10,0.11671036062544538,-7.620262072203748e-05,0.004668414425017815,0.0024104098332309453
1.0,1.0,1.1,0.1,11,0.10280018347122,-0.00029941196399740845,0.0041120073388488,0.0023554156334218085
1.0,1.0,1.1,0.1,12,0.07802179700673435,7.981184696031402e-05,0.003120871880269374,0.0016402477870950012
1.0,1.0,1.1,0.1,13,0.10277665645296855,-5.822619590124619e-05,0.004111066258118742,0.0021137593249606172
1.0,1.0,1.1,0.1,14,0.0799460260098524,-5.145140894825435e-06,0.003197841040394096,0.0016040656610918733
1.0,1.0,1.1,0.1,15,0.049388818349280446,-2.719584234291151e-06,0.0019755527339712178,0.0009904959512199
1.0,1.0,1.1,0.2,1,0.057888766149061015,1.8447661366352805e-05,0.0023155506459624406,0.001176222984347573
1.0,1.0,1.1,0.2,2,0.09178166240705601,-3.378141253296377e-05,0.0036712664962822404,0.001869414660674084
1.0,1.0,1.1,0.2,3,0.06765511608032865,-4.990125271831467e-05,0.0027062046432131458,0.0014030035743248875
1.0,1.0,1.1,0.2,4,0.09209443499705162,0.0001687099698439497,0.003683777399882065,0.0020105986697849824
1.0,1.0,1.1,0.2,5,0.10601677239846101,0.00011089704610362677,0.004240670895938441,0.0022312324940728474
1.0,1.0,1.1,0.2,6,0.06849279426267006,-2.1079907032692843e-05,0.0027397117705068026,0.0013909357922860942
1.0,1.0,1.1,0.2,7,0.06406196488485069,-6.550962975724047e-05,0.002562478595394028,0.0013467489274542545
1.0,1.0,1.1,0.2,8,0.0830791036105649,0.00016493807926180396,0.0033231641444225963,0.0018265201514731022
1.0,1.0,1.1,0.2,9,0.08498052339038,-5.95507630605401e-05,0.0033992209356152,0.0017591612308681401
1.0,1.0,1.1,0.2,10,0.1116928612511689,-0.0001369245124150603,0.004467714450046756,0.002370781737438438
1.0,1.0,1.1,0.2,11,0.10083945212754462,-0.000148774778032987,0.004033578085101785,0.0021655638205838796
1.0,1.0,1.1,0.2,12,0.07269409603013557,3.900038234035698e-05,0.002907763841205423,0.0014928823029430685
1.0,1.0,1.1,0.2,13,0.09242219000301838,2.9507708602286386e-05,0.003696887600120735,0.001877951508662654
1.0,1.0,1.1,0.2,14,0.06731483009954015,-2.8548662120433515e-05,0.002692593203981606,0.0013748452641112365
1.0,1.0,1.1,0.2,15,0.05192673070172733,-4.706245142937124e-06,0.0020770692280690935,0.001043240859177484
1.0,1.05,0.9,0.05,1,0.0645169969798378,4.7324109189232047e-07,0.002580679879193512,0.0012908131806886483
1.0,1.05,0.9,0.05,2,0.09663806694178331,-3.07217669475548e-06,0.0038655226776713324,0.0019358335155304216
1.0,1.05,0.9,0.05,3,0.07031531045244949,-4.9559892559965503e-05,0.0028126124180979793,0.001455866101608955
1.0,1.05,0.9,0.05,4,0.09049376150345464,0.00018891745012972183,0.003619750460138186,0.001998792680198815
1.0,1.05,0.9,0.05,5,0.09842345993602053,6.970286088409179e-05,0.003936938397440822,0.0020381720596045027
1.0,1.05,0.9,0.05,6,0.06644790491439237,-2.147989878134912e-05,0.0026579161965756947,0.0013504379970691964
1.0,1.05,0.9,0.05,7,0.06194185871579587,-4.6331067004686685e-05,0.002477674348631835,0.001285168241320604
1.0,1.05,0.9,0.05,8,0.07452600370965799,0.00010101468026178681,0.0029810401483863196,0.0015915347544549466
1.0,1.05,0.9,0.05,9,0.07670012980193336,0.00014098682047405383,0.0030680051920773345,0.001674989416512721
1.0,1.05,0.9,0.05,10,0.09625043851496398,-7.229602114217349e-05,0.0038500175405985593,0.0019973047914414533
1.0,1.05,0.9,0.05,11,0.0901433982693727,-0.00019500224528589582,0.003605735930774908,0.00199787021067335
1.0,1.05,0.9,0.05,12,0.07036800126881629,4.9450343202269456e-05,0.0028147200507526514,0.0014568103685785952
1.0,1.05,0.9,0.05,13,0.09666035086454175,4.118011339992822e-06,0.00386641403458167,0.0019373250286308277
1.0,1.05,0.9,0.05,14,0.06452099811210285,-4.930808670370964e-07,0.002580839924484114,0.001290913043109094
1.0,1.05,0.9,0.05,15,0.04468077811365228,-1.0373506642125002e-06,0.0017872311245460911,0.000894652912937258
1.0,1.05,0.9,0.1,1,0.05077662776678933,8.044094680479785e-06,0.0020310651106715733,0.0010235766500162665
1.0,1.05,0.9,0.1,2,0.07480604538897694,3.598168588491301e-05,0.0029922418155590774,0.0015321025936644516
1.0,1.05,0.9,0.1,3,0.05494327084824799,-5.977204514926746e-05,0.0021977308339299196,0.0011586374621142272
1.0,1.05,0.9,0.1,4,0.07696124332811051,0.00023392485093443207,0.0030784497331244206,0.0017731497174966423
1.0,1.05,0.9,0.1,5,0.08592894567561102,5.363375196336921e-05,0.003437157827024441,0.0017722126654755896
1.0,1.05,0.9,0.1,6,0.06239003313407982,1.0900945142029277e-05,0.002495601325363193,0.0012587016078236257
1.0,1.05,0.9,0.1,7,0.052311021683931105,-5.599441849315801e-05,0.0020924408673572443,0.0011022148521717802
1.0,1.05,0.9,0.1,8,0.07077070612149246,9.597170418566378e-05,0.0028308282448596986,0.001511385826615513
1.0,1.05,0.9,0.1,9,0.07672419108795768,-7.565967289717144e-05,0.0030689676435183074,0.001610143494656325
1.0,1.05,0.9,0.1,10,0.09167286137842684,-5.594105626326813e-05,0.0036669144551370737,0.0018893982838318049
1.0,1.05,0.9,0.1,11,0.08398122582646916,-0.00021436559963924497,0.0033592490330587666,0.0018939901161686282
1.0,1.05,0.9,0.1,12,0.061647298927627825,5.42826254371288e-05,0.002465891957105113,0.0012872286039896854
1.0,1.05,0.9,0.1,13,0.07553815836409798,-4.18268435159818e-05,0.003021526334563919,0.0015525900107979415
1.0,1.05,0.9,0.1,14,0.06379854510610836,-4.1560549433613625e-06,0.002551941804244334,0.0012801269570655285
1.0,1.05,0.9,0.1,15,0.04624604955886338,-1.3289280032783887e-06,0.001849841982354535,0.0009262499191805459
1.0,1.05,0.9,0.2,1,0.04787107572664083,1.4534646664698088e-05,0.0019148430290656332,0.0009719561611975147
1.0,1.05,0.9,0.2,2,0.07359618303868494,-2.4662073398149024e-05,0.0029438473215473975,0.0014965857341718478
1.0,1.05,0.9,0.2,3,0.05536716747266053,-3.504794255739014e-05,0.0022146866989064215,0.0011423912920106008
1.0,1.05,0.9,0.2,4,0.07756401064369796,0.00011797820237160702,0.0031025604257479186,0.0016692584152455663
1.0,1.05,0.9,0.2,5,0.08752491289452097,8.22608762980344e-05,0.0035009965157808388,0.0018327591341884537
1.0,1.05,0.9,0.2,6,0.059339613977427895,-2.00264587755078e-05,0.002373584559097116,0.0012068187383240659
1.0,1.05,0.9,0.2,7,0.054835598455016746,-4.812421869307683e-05,0.00219342393820067,0.0011448361877934117
1.0,1.05,0.9,0.2,8,0.07377137471757483,0.00012605468128318282,0.0029508549887029933,0.0016014821756346795
1.0,1.05,0.9,0.2,9,0.07469436456450257,-3.330408966123055e-05,0.002987774582580103,0.001527191380951282
1.0,1.05,0.9,0.2,10,0.09417450448842477,-0.0001058367617432188,0.003766980179536991,0.001989326851511714
1.0,1.05,0.9,0.2,11,0.08613597638404494,-0.0001055686332746527,0.0034454390553617974,0.0018282881609555514
1.0,1.05,0.9,0.2,12,0.06196009128790458,2.6403725488755047e-05,0.002478403651516183,0.0012656055512468467
1.0,1.05,0.9,0.2,13,0.07461784719137471,2.3852201756678982e-05,0.0029847138876549885,0.0015162091455841733
1.0,1.05,0.9,0.2,14,0.05999531599639,-2.219270982908294e-05,0.0023998126398556,0.0012220990297568829
1.0,1.05,0.9,0.2,15,0.048146789539102,-2.8640129684131133e-06,0.00192587158156408,0.0009657998037504532
1.0,1.05,0.9500000000000001,0.05,1,0.06442908703505032,1.0455270263452752e-06,0.002577163481402013,0.0012896272677273516
1.0,1.05,0.9500000000000001,0.05,2,0.09648922922370712,-3.1168053367633396e-06,0.003859569168948285,0.0019329013898109057
1.0,1.05,0.9500000000000001,0.05,3,0.07020612696485398,-4.957239276408326e-05,0.0028082450785941594,0.001453694932061163
1.0,1.05,0.9500000000000001,0.05,4,0.09035336929477483,0.00018855577808899487,0.0036141347717909933,0.0019956231639844915
1.0,1.05,0.9500000000000001,0.05,5,0.09840175789398123,6.967478785913031e-05,0.003936070315759249,0.002037709945738755
1.0,1.05,0.9500000000000001,0.05,6,0.06635045692973131,-2.1602162819554416e-05,0.002654018277189252,0.0013486113014141805
1.0,1.05,0.9500000000000001,0.05,7,0.06183315653000155,-4.464827519788274e-05,0.002473326261200062,0.0012813114057979138
1.0,1.05,0.9500000000000001,0.05,8,0.07439069309945312,9.970461629583737e-05,0.002975627723978125,0.0015875184782849
1.0,1.05,0.9500000000000001,0.05,9,0.0765613951166677,0.00013968792116134113,0.0030624558046667078,0.001670915823494695
1.0,1.05,0.9500000000000001,0.05,10,0.09615443416611141,-7.231118490702165e-05,0.0038461773666444567,0.00199539986822925
1.0,1.05,0.9500000000000001,0.05,11,0.08999437805256699,-0.0001955740310215061,0.00359977512210268,0.001995461592072846
1.0,1.05,0.9500000000000001,0.05,12,0.07026145733719369,4.8688440001778385e-05,0.0028104582934877476,0.0014539175867456522
1.0,1.05,0.9500000000000001,0.05,13,0.09652303496181841,4.226069506595798e-06,0.0038609213984727364,0.001934686768742964
1.0,1.05,0.9500000000000001,0.05,14,0.06443229988715464,-1.0620752598710731e-06,0.0025772919954861855,0.0012897080730029638
1.0,1.05,0.9500000000000001,0.05,15,0.04460311254666952,-1.1112448372367639e-06,0.001784124501866781,0.0008931734957706273
1.0,1.05,0.9500000000000001,0.1,1,0.0506180285176566,9.170637115678501e-06,0.002024721140706264,0.0010215312074688106
1.0,1.05,0.9500000000000001,0.1,2,0.07466822073969238,3.559563740041648e-05,0.0029867288295876955,0.0015289600521942643
1.0,1.05,0.9500000000000001,0.1,3,0.05484355368689982,-5.930011134371892e-05,0.0021937421474759926,0.0011561711850817153
1.0,1.05,0.9500000000000001,0.1,4,0.07686277787334088,0.00023287532428820508,0.0030745111149336353,0.0017701308817550227
1.0,1.05,0.9500000000000001,0.1,5,0.08577851513205648,5.32873937291999e-05,0.0034311406052822593,0.0017688576963703294
1.0,1.05,0.9500000000000001,0.1,6,0.062224543285516104,9.293713724467325e-06,0.002488981731420644,0.0012537845794347894
1.0,1.05,0.9500000000000001,0.1,7,0.05228389953414132,-5.602476739892586e-05,0.002091355981365653,0.0011017027580817523
1.0,1.05,0.9500000000000001,0.1,8,0.07078601929101012,9.312063883369825e-05,0.002831440771640405,0.0015088410246539008
1.0,1.05,0.9500000000000001,0.1,9,0.07661877001715586,-7.522287080822526e-05,0.0030647508006862345,0.0016075982711513425
1.0,1.05,0.9500000000000001,0.1,10,0.09156588388346866,-5.670311684593155e-05,0.0036626353553387463,0.0018880207945153047
1.0,1.05,0.9500000000000001,0.1,11,0.08394679709835977,-0.00021280162812866883,0.0033578718839343906,0.001891737570095864
1.0,1.05,0.9500000000000001,0.1,12,0.06156541525841913,5.4602286340626506e-05,0.0024626166103367654,0.0012859105915090092
1.0,1.05,0.9500000000000001,0.1,13,0.07542255356412632,-3.9920543828046734e-05,0.0030169021425650528,0.0015483716151105731
1.0,1.05,0.9500000000000001,0.1,14,0.06373139524767864,-5.20813570254681e-06,0.0025492558099071455,0.0012798360406561197
1.0,1.05,0.9500000000000001,0.1,15,0.04626986243991108,-1.4363333774828164e-06,0.0018507944975964432,0.0009268335821757044
1.0,1.05,0.9500000000000001,0.2,1,0.047706586188439086,1.541293242751752e-05,0.0019082634475375635,0.0009695446561962993
1.0,1.05,0.9500000000000001,0.2,2,0.0735135607040508,-2.5740511668033586e-05,0.002940542428162032,0.0014960117257490496
1.0,1.05,0.9500000000000001,0.2,3,0.05530992606279768,-3.4981104118271116e-05,0.0022123970425119073,0.0011411796253742248
1.0,1.05,0.9500000000000001,0.2,4,0.07759387846969587,0.00011781326796388084,0.003103755138787835,0.0016696908373577985
1.0,1.05,0.9500000000000001,0.2,5,0.08747037917262779,8.231028686801716e-05,0.0034988151669051114,0.0018317178703205728
1.0,1.05,0.9500000000000001,0.2,6,0.05925702072136175,-1.9958901824094305e-05,0.00237028082885447,0.0012050993162513294
1.0,1.05,0.9500000000000001,0.2,7,0.0548293087964981,-4.7362793909508865e-05,0.0021931723518599238,0.0011439489698394708
1.0,1.05,0.9500000000000001,0.2,8,0.07383223135204468,0.0001229428062192179,0.0029532892540817873,0.0015995874332601116
1.0,1.05,0.9500000000000001,0.2,9,0.0746970628533586,-3.383633364340786e-05,0.002987882514134344,0.0015277775907105798
1.0,1.05,0.9500000000000001,0.2,10,0.09416134198269671,-0.00010451830154019966,0.0037664536793078685,0.001987745141194134
1.0,1.05,0.9500000000000001,0.2,11,0.08615766086853698,-0.00010519196827663208,0.003446306434741479,0.0018283451856473715
1.0,1.05,0.9500000000000001,0.2,12,0.06193968374415261,2.6654506788465576e-05,0.0024775873497661044,0.0012654481816715179
1.0,1.05,0.9500000000000001,0.2,13,0.07449733734547812,2.440075680670054e-05,0.002979893493819125,0.001514347503716263
1.0,1.05,0.9500000000000001,0.2,14,0.059962399379098016,-2.2824806509052542e-05,0.0023984959751639206,0.0012220727940910128
1.0,1.05,0.9500000000000001,0.2,15,0.04819513378610335,-2.90557735399915e-06,0.001927805351444134,0.0009668082530760662
1.0,1.05,1.0,0.05,1,0.06435010077143034,1.1741647525495742e-06,0.002574004030857214,0.0012881761801811565
1.0,1.05,1.0,0.05,2,0.09635565359956254,-2.719215264884059e-06,0.003854226143982502,0.001929832287256135
1.0,1.05,1.0,0.05,3,0.0701081672488129,-4.95995269101905e-05,0.002804326689952516,0.0014517628718864486
1.0,1.05,1.0,0.05,4,0.09022960251978093,0.00018820555177039092,0.0036091841007912374,0.0019927976021660095
1.0,1.05,1.0,0.05,5,0.09839608708953065,6.918302652943942e-05,0.003935843483581226,0.002037104768320052
1.0,1.05,1.0,0.05,6,0.06626310464746162,-2.1254422743866304e-05,0.0026505241858984646,0.0013465165156930985
1.0,1.05,1.0,0.05,7,0.06173559294373529,-4.296469168372298e-05,0.0024694237177494117,0.0012776765505584289
1.0,1.05,1.0,0.05,8,0.07427014918230367,9.839244728849398e-05,0.0029708059672921465,0.0015837954309345671
1.0,1.05,1.0,0.05,9,0.07643721984711685,0.00013785465691415854,0.003057488793884674,0.0016665990538564954
1.0,1.05,1.0,0.05,10,0.09607544763605935,-7.185601384259409e-05,0.003843017905442374,0.0019933649665637813
1.0,1.05,1.0,0.05,11,0.08986165748348603,-0.00019615771563508323,0.003594466299339441,0.0019933908653048038
1.0,1.05,1.0,0.05,12,0.07016613003922006,4.794113092966814e-05,0.002806645201568803,0.0014512637317140695
1.0,1.05,1.0,0.05,13,0.0964010813820003,3.8900269891074194e-06,0.0038560432552800124,0.0019319116546291136
1.0,1.05,1.0,0.05,14,0.06435253658998376,-1.1870860552644165e-06,0.0025741014635993504,0.0012882378178549396
1.0,1.05,1.0,0.05,15,0.04453420875144076,-1.18506755381018e-06,0.0017813683500576306,0.0008918692425826255
1.0,1.05,1.0,0.1,1,0.050481581434245484,9.453281753187234e-06,0.0020192632573698193,0.0010190849104380968
1.0,1.05,1.0,0.1,2,0.07455865449731623,3.6041341342758166e-05,0.0029823461798926493,0.0015272144312890828
1.0,1.05,1.0,0.1,3,0.05476369839318859,-5.885532831694263e-05,0.0021905479357275438,0.0011541292961807146
1.0,1.05,1.0,0.1,4,0.07678422645108675,0.00023184811203267312,0.00307136905804347,0.0017675326410544082
1.0,1.05,1.0,0.1,5,0.08565725174926758,5.210590606596197e-05,0.0034262900699707035,0.0017652509410513138
1.0,1.05,1.0,0.1,6,0.062082175516050914,8.530914586455697e-06,0.0024832870206420365,0.001250174424907474
1.0,1.05,1.0,0.1,7,0.05226882081272561,-5.605516811654135e-05,0.0020907528325090244,0.0011014315843710534
1.0,1.05,1.0,0.1,8,0.07081190146225451,9.026884055433169e-05,0.0028324760584901806,0.001506506869799422
1.0,1.05,1.0,0.1,9,0.07653623804231388,-7.564237845203523e-05,0.0030614495216925554,0.001606367139298313
1.0,1.05,1.0,0.1,10,0.09148800308873725,-5.663279231156958e-05,0.00365952012354949,0.0018863928540863144
1.0,1.05,1.0,0.1,11,0.08393125433067217,-0.000211256454924385,0.003357250173226887,0.0018898815415378284
1.0,1.05,1.0,0.1,12,0.06150419953004579,5.4948319603532865e-05,0.0024601679812018317,0.0012850323102044487
1.0,1.05,1.0,0.1,13,0.07533506876185034,-3.884502997657233e-05,0.0030134027504740138,0.0015455464052135791
1.0,1.05,1.0,0.1,14,0.06368740724340172,-5.418725204284734e-06,0.0025474962897360687,0.001279166870072319
1.0,1.05,1.0,0.1,15,0.04629576708650435,-1.543687093773643e-06,0.001851830683460174,0.0009274590288238606
1.0,1.05,1.0,0.2,1,0.047565730276071284,1.531114719702017e-05,0.0019026292110428515,0.0009666257527184459
1.0,1.05,1.0,0.2,2,0.0734683928669236,-2.588485346112684e-05,0.002938735714676944,0.0014952527107995987
1.0,1.05,1.0,0.2,3,0.05527449406225703,-3.49407309377829e-05,0.0022109797624902815,0.0011404306121829237
1.0,1.05,1.0,0.2,4,0.07764143409638172,0.00011766793228885555,0.0031056573638552688,0.00167049661421649
1.0,1.05,1.0,0.2,5,0.08744770360052148,8.144206378977751e-05,0.003497908144020859,0.001830396135800207
1.0,1.05,1.0,0.2,6,0.05920755545338167,-1.8966239176330462e-05,0.002368302218135267,0.001203117348243964
1.0,1.05,1.0,0.2,7,0.05483328494222081,-4.660006172872871e-05,0.0021933313976888326,0.001143265760573145
1.0,1.05,1.0,0.2,8,0.07390054399307254,0.00011982587615749001,0.002956021759722902,0.0015978367560189409
1.0,1.05,1.0,0.2,9,0.07471664145634284,-3.5274296332165825e-05,0.0029886656582537134,0.0015296071254590226
1.0,1.05,1.0,0.2,10,0.09417772126374724,-0.00010229718185113777,0.0037671088505498895,0.0019858516071260823
1.0,1.05,1.0,0.2,11,0.08619390398006312,-0.00010483154477018452,0.0034477561592025246,0.0018287096243714469
1.0,1.05,1.0,0.2,12,0.06194330946707173,2.6930546335814948e-05,0.002477732378682869,0.0012657967356772496
1.0,1.05,1.0,0.2,13,0.07441276218366741,2.4018912860706164e-05,0.0029765104873466963,0.0015122741565340542
1.0,1.05,1.0,0.2,14,0.05996220563100569,-2.253511483871706e-05,0.0023984882252402278,0.001221779227458831
1.0,1.05,1.0,0.2,15,0.048243569846735716,-2.9469592510111846e-06,0.0019297427938694287,0.0009678183561857255
1.0,1.05,1.05,0.05,1,0.06427875565877281,9.241585342658135e-07,0.0025711502263509123,0.001286499271709722
1.0,1.05,1.05,0.05,2,0.09623517956812506,-1.944165268557256e-06,0.0038494071827250027,0.0019266477566310587
1.0,1.05,1.05,0.05,3,0.07001984640819997,-4.9639143797604944e-05,0.0028007938563279987,0.0014500360719616042
1.0,1.05,1.05,0.05,4,0.09012012954260563,0.00018786507594749613,0.0036048051817042254,0.001990267666799609
1.0,1.05,1.05,0.05,5,0.09840419495736658,6.8295424999468e-05,0.003936167798294663,0.0020363793241467993
1.0,1.05,1.05,0.05,6,0.0661844291831835,-2.050548338505244e-05,0.00264737716732734,0.0013441940670487224
1.0,1.05,1.05,0.05,7,0.06164757156379751,-4.1280428669145886e-05,0.0024659028625519004,0.001274231859945096
1.0,1.05,1.05,0.05,8,0.07416225103374868,9.707847328647796e-05,0.0029664900413499473,0.0015803234939614516
1.0,1.05,1.05,0.05,9,0.07632551377213859,0.00013556511609386654,0.0030530205508855434,0.0016620753915366382
1.0,1.05,1.05,0.05,10,0.0960110430549797,-7.099931235595019e-05,0.0038404417221991885,0.0019912201734555443
1.0,1.05,1.05,0.05,11,0.08974290175691521,-0.00019675153869566517,0.0035897160702766085,0.0019916095738339696
1.0,1.05,1.05,0.05,12,0.0700804514198274,4.720627061451834e-05,0.002803218056793096,0.0014488152990110663
1.0,1.05,1.05,0.05,13,0.0962923018652702,3.174914027692862e-06,0.003851692074610808,0.0019290209513330968
1.0,1.05,1.05,0.05,14,0.06428042359764698,-9.331658839258712e-07,0.002571216943905879,0.0012865416378368653
1.0,1.05,1.05,0.05,15,0.04447289826589599,-1.2588291207254548e-06,0.0017789159306358397,0.0008907167944386453
1.0,1.05,1.05,0.1,1,0.05036409058860713,9.016074455690158e-06,0.0020145636235442852,0.0010162978862278329
1.0,1.05,1.05,0.1,2,0.07447319044189743,3.7196585192252445e-05,0.002978927617675897,0.001526660394030201
1.0,1.05,1.05,0.1,3,0.05470077790074624,-5.8433693658290944e-05,0.00218803111602985,0.0011524492516732157
1.0,1.05,1.05,0.1,4,0.07672255284921087,0.00023083990783230173,0.0030689021139684346,0.001765290964816519
1.0,1.05,1.05,0.1,5,0.08556081286453146,5.0211994448200094e-05,0.0034224325145812587,0.0017614282517388294
1.0,1.05,1.05,0.1,6,0.061959599603338925,8.488410895710446e-06,0.002478383984133557,0.001247680402962489
1.0,1.05,1.05,0.1,7,0.05226384512181979,-5.60856112459799e-05,0.0020905538048727914,0.0011013625136823755
1.0,1.05,1.05,0.1,8,0.07084666901872055,8.74164124062393e-05,0.002833866760748822,0.0015043497927806502
1.0,1.05,1.05,0.1,9,0.07647328205375027,-7.679234052449069e-05,0.003058931282150011,0.0016062579815994962
1.0,1.05,1.05,0.1,10,0.091434840869425,-5.585239626864852e-05,0.0036573936347769997,0.0018845492136571483
1.0,1.05,1.05,0.1,11,0.08393163059226255,-0.0002097272812862496,0.0033572652236905022,0.0018883598931315007
1.0,1.05,1.05,0.1,12,0.061460623415916724,5.5316834072429264e-05,0.002458424936636669,0.0012845293023907639
1.0,1.05,1.05,0.1,13,0.07527157062900337,-3.847822786074494e-05,0.003010862825160135,0.0015439096404408126
1.0,1.05,1.05,0.1,14,0.0636632503051497,-4.911541688744567e-06,0.002546530012205988,0.0012781765477917386
1.0,1.05,1.05,0.1,15,0.04632336446932745,-1.6509965645847096e-06,0.0018529345787730981,0.0009281182859511338
1.0,1.05,1.05,0.2,1,0.04744518628955453,1.4373857308672616e-05,0.0018978074515821814,0.0009632775830997634
1.0,1.05,1.05,0.2,2,0.07345480944378212,-2.523293366691494e-05,0.0029381923777512847,0.0014943291225425572
1.0,1.05,1.05,0.2,3,0.05525729197622954,-3.492289420681129e-05,0.0022102916790491815,0.001140068733731402
1.0,1.05,1.05,0.2,4,0.07770360127421878,0.00011753925882714731,0.0031081440509687515,0.001671611284311523
1.0,1.05,1.05,0.2,5,0.08745167895066197,7.979166687499926e-05,0.0034980671580264787,0.0018288252458882387
1.0,1.05,1.05,0.2,6,0.059186265135504255,-1.7185112222570767e-05,0.0023674506054201703,0.0012009104149326559
1.0,1.05,1.05,0.2,7,0.054845558425108965,-4.583620884462701e-05,0.0021938223370043587,0.0011427473773468063
1.0,1.05,1.05,0.2,8,0.07397484634145594,0.00011670461841363424,0.002958993853658238,0.001596201545242753
1.0,1.05,1.05,0.2,9,0.07474881752253804,-3.7484137690528544e-05,0.0029899527009015214,0.0015324604881412894
1.0,1.05,1.05,0.2,10,0.09421862759745422,-9.930669996144131e-05,0.003768745103898169,0.0019836792519105258
1.0,1.05,1.05,0.2,11,0.08624194767407992,-0.00010448491058406338,0.0034496779069631968,0.0018293238640656618
1.0,1.05,1.05,0.2,12,0.06196722200758596,2.7228089797998116e-05,0.0024786888803034384,0.0012665725299497172
1.0,1.05,1.05,0.2,13,0.07435851191004625,2.2843968025685027e-05,0.00297434047640185,0.00151001420622661
1.0,1.05,1.05,0.2,14,0.05998989462621023,-2.1459797144736795e-05,0.002399595785048409,0.0012212576896689414
1.0,1.05,1.05,0.2,15,0.04829186232451053,-2.988184981028967e-06,0.0019316744929804212,0.0009688254314712396
1.0,1.05,1.1,0.05,1,0.06421400447342081,3.4840954889193526e-07,0.0025685601789368325,0.0012846284990173083
1.0,1.05,1.1,0.05,2,0.09612604276692496,-8.443629464997054e-07,0.0038450417106769986,0.001923365218284999
1.0,1.05,1.1,0.05,3,0.06993987105927646,-4.968949398444193e-05,0.0027975948423710584,0.0014484869151699712
1.0,1.05,1.1,0.05,4,0.09002304732079215,0.00018753297415620253,0.003600921892831686,0.0019879939205720456
1.0,1.05,1.1,0.05,5,0.09842424620381637,6.706721462069539e-05,0.003936969848152655,0.002035552138697023
1.0,1.05,1.1,0.05,6,0.06611327178948008,-1.941134931996575e-05,0.0026445308715792033,0.0013416767851095674
1.0,1.05,1.1,0.05,7,0.061567790381027665,-3.959557811941468e-05,0.0024627116152411066,0.001270951385739968
1.0,1.05,1.1,0.05,8,0.07406526855154098,9.576293990164753e-05,0.002962610742061639,0.001577068310932467
1.0,1.05,1.1,0.05,9,0.07622457176841103,0.00013288288339984857,0.0030489828707364413,0.0016573743187680693
1.0,1.05,1.1,0.05,10,0.09595923615041761,-6.979709304985411e-05,0.0038383694460167044,0.001988981816058206
1.0,1.05,1.1,0.05,11,0.08963620889909382,-0.00019735407047340346,0.003585448355963753,0.00199007824845528
1.0,1.05,1.1,0.05,12,0.070003142048338,4.6482114357697174e-05,0.00280012568193352,0.0014465449553244573
1.0,1.05,1.1,0.05,13,0.09619490867153718,2.1336598626840366e-06,0.0038477963468614876,0.0019260318332934279
1.0,1.05,1.1,0.05,14,0.06421491202978391,-3.532554195080756e-07,0.0025685964811913565,0.0012846514960151863
1.0,1.05,1.1,0.05,15,0.04441936347193521,-1.332537955411106e-06,0.0017767745388774085,0.0008897198073941153
1.0,1.05,1.1,0.1,1,0.05026295576103432,7.9598939418209e-06,0.0020105182304413728,0.0010132190091625072
1.0,1.05,1.1,0.1,2,0.07440845901906978,3.89619728347916e-05,0.0029763383607627914,0.0015271311532161873
1.0,1.05,1.1,0.1,3,0.05465241975295404,-5.803195449290726e-05,0.0021860967901181617,0.0011510803495519881
1.0,1.05,1.1,0.1,4,0.07667532263284123,0.00022984802742285988,0.003067012905313649,0.0017633544800796845
1.0,1.05,1.1,0.1,5,0.08548568629477617,4.7705456478221126e-05,0.003419427451791047,0.0017574191823737447
1.0,1.05,1.1,0.1,6,0.06185410068690409,9.065252036482066e-06,0.0024741640274761638,0.001246147265774564
1.0,1.05,1.1,0.1,7,0.05226743027478804,-5.6116089451511725e-05,0.002090697210991522,0.0011014646949472726
1.0,1.05,1.1,0.1,8,0.07088900781114893,8.456343900213748e-05,0.002835560312445957,0.0015023435952251161
1.0,1.05,1.1,0.1,9,0.07642720138079838,-7.857040416063866e-05,0.0030570880552319353,0.0016071144317766062
1.0,1.05,1.1,0.1,10,0.09140286164892202,-5.446140567336627e-05,0.0036561144659568805,0.0018825186386518065
1.0,1.05,1.1,0.1,11,0.0839455621578363,-0.0002082118373375145,0.003357822486313452,0.0018871230804942405
1.0,1.05,1.1,0.1,12,0.06143222767580475,5.5704667889428354e-05,0.00245728910703219,0.0012843492214055234
1.0,1.05,1.1,0.1,13,0.07522870861166117,-3.872085456189948e-05,0.003009148344466447,0.0015432950267951228
1.0,1.05,1.1,0.1,14,0.06365620831929444,-3.78719301085671e-06,0.0025462483327717777,0.0012769113593967456
1.0,1.05,1.1,0.1,15,0.04635236061809895,-1.7582678510515154e-06,0.001854094424723958,0.0009288054802130305
1.0,1.05,1.1,0.2,1,0.04734231037299526,1.2718525621218333e-05,0.0018936924149198103,0.0009595647330811235
1.0,1.05,1.1,0.2,2,0.0734681162007942,-2.389673701553263e-05,0.002938724648031768,0.0014932590610314167
1.0,1.05,1.1,0.2,3,0.05525548701581748,-3.49244061512797e-05,0.0022102194806326993,0.0011400341464676293
1.0,1.05,1.1,0.2,4,0.07777801192886186,0.00011742486968800029,0.003111120477154474,0.0016729851082652374
1.0,1.05,1.1,0.2,5,0.08747819296161159,7.746914163245399e-05,0.0034991277184644636,0.0018270330008646858
1.0,1.05,1.1,0.2,6,0.059189148003130104,-1.4726512438466456e-05,0.002367565920125204,0.0011985094725010686
1.0,1.05,1.1,0.2,7,0.05486463132107775,-4.507138803753746e-05,0.00219458525284311,0.0011423640144590924
1.0,1.05,1.1,0.2,8,0.07405405554828758,0.0001135796271808169,0.002962162221931503,0.0015946607381465685
1.0,1.05,1.1,0.2,9,0.07479068793369342,-4.0357152735876674e-05,0.002991627517347737,0.001536170911409745
1.0,1.05,1.1,0.2,10,0.09428013733972877,-9.565513610035218e-05,0.003771205493589151,0.001981257882894928
1.0,1.05,1.1,0.2,11,0.08629970747395091,-0.00010415008328856333,0.0034519882989580363,0.0018301442327675814
1.0,1.05,1.1,0.2,12,0.06200842581228337,2.754409179797902e-05,0.0024803370324913347,0.0012677126080436463
1.0,1.05,1.1,0.2,13,0.07433010236391577,2.0987469335371745e-05,0.002973204094556631,0.001507589516613687
1.0,1.05,1.1,0.2,14,0.060041546806330254,-1.9709453822023327e-05,0.00240166187225321,0.0012205403899486283
1.0,1.05,1.1,0.2,15,0.04833988130417256,-3.0292760361023574e-06,0.0019335952521669026,0.0009698269021195537
1.0,1.1,0.9,0.05,1,0.0557257737668079,-9.924516906315191e-09,0.002229030950672316,0.0011145253998530642
1.0,1.1,0.9,0.05,2,0.0817702886587307,3.6785928480357466e-08,0.003270811546349228,0.0016354425591030945
1.0,1.1,0.9,0.05,3,0.05946984202339209,6.545667753529255e-08,0.0023787936809356834,0.001189462297145377
1.0,1.1,0.9,0.05,4,0.07605028981112347,3.689001992639477e-08,0.003042011592444939,0.0015210426862423958
1.0,1.1,0.9,0.05,5,0.08626150611825134,-2.1180519494442673e-07,0.0034504602447300537,0.0017254419275599714
1.0,1.1,0.9,0.05,6,0.056690645515438745,2.6351337923438125e-08,0.0022676258206175497,0.0011338392616466982
1.0,1.1,0.9,0.05,7,0.05159842154433952,8.106343763994375e-08,0.002063936861773581,0.0010320494943244305
1.0,1.1,0.9,0.05,8,0.062245443100470164,-2.689669145377943e-07,0.002489817724018807,0.0012451778289239413
1.0,1.1,0.9,0.05,9,0.0639214957288356,-8.356984491833785e-07,0.002556859829153424,0.0012792656130258954
1.0,1.1,0.9,0.05,10,0.08546934168790002,1.9156347016352547e-07,0.0034187736675160008,0.001709578397228164
1.0,1.1,0.9,0.05,11,0.07999599962045134,3.6380166947358526e-08,0.003199839984818054,0.0015999563725759742
1.0,1.1,0.9,0.05,12,0.059534888755835166,7.747905903996138e-08,0.0023813955502334067,0.0011907752541757432
1.0,1.1,0.9,0.05,13,0.08176906947843923,-5.394731503356731e-08,0.0032707627791375695,0.0016354353368838183
1.0,1.1,0.9,0.05,14,0.05572793741870357,9.123210781834031e-09,0.0022291174967481427,0.0011145678715848532
1.0,1.1,0.9,0.05,15,0.03711232976858181,1.0611131635026623e-09,0.0014844931907432724,0.0007422476564847997
1.0,1.1,0.9,0.1,1,0.03459436350784315,9.111312983860957e-09,0.0013837745403137262,0.0006918963814698469
1.0,1.1,0.9,0.1,2,0.056288487604925504,1.2414533119540247e-08,0.0022515395041970204,0.0011257821666316298
1.0,1.1,0.9,0.1,3,0.04495039084124019,1.1923376692873726e-08,0.0017980156336496076,0.0008990197402014967
1.0,1.1,0.9,0.1,4,0.06632383094338712,8.02476899698724e-08,0.002652953237735485,0.0013265568665577123
1.0,1.1,0.9,0.1,5,0.0714176239082808,1.2221868099088738e-07,0.002856704956331232,0.0014284746968466068
1.0,1.1,0.9,0.1,6,0.05066642177994113,6.219282999213815e-07,0.0020266568711976452,0.001013950363898744
1.0,1.1,0.9,0.1,7,0.05068099073600298,-2.2149323290360514e-09,0.0020272396294401195,0.0010136220296523889
1.0,1.1,0.9,0.1,8,0.06815852120130086,1.9833421093413554e-07,0.0027263408480520347,0.0013633687582369515
1.0,1.1,0.9,0.1,9,0.06906663277873154,-9.088006256264907e-07,0.002762665311149262,0.0013822414562002575
1.0,1.1,0.9,0.1,10,0.07898437603337274,-2.6197623539822796e-08,0.0031593750413349097,0.0015797137182909948
1.0,1.1,0.9,0.1,11,0.07662169071965927,-1.928909426679497e-07,0.003064867628786371,0.0015326267053358533
1.0,1.1,0.9,0.1,12,0.04998522180707576,1.2859713904267672e-07,0.0019994088722830304,0.0009998330332805579
1.0,1.1,0.9,0.1,13,0.056541267531503216,1.9471163429023804e-07,0.0022616507012601286,0.0011310200622643544
1.0,1.1,0.9,0.1,14,0.04861199329440094,-3.0842552160986205e-08,0.0019444797317760376,0.0009722707084401798
1.0,1.1,0.9,0.1,15,0.04797873329516189,3.8376188378389886e-10,0.0019191493318064757,0.0009595750496651217
1.0,1.1,0.9,0.2,1,0.03494138656116464,1.1098232292348139e-07,0.0013976554624465856,0.0006989387135462163
1.0,1.1,0.9,0.2,2,0.05527120688520107,7.729576501194134e-09,0.002210848275408043,0.0011054318672805226
1.0,1.1,0.9,0.2,3,0.04388044690812101,-6.557670553924695e-08,0.0017552178763248405,0.0008776745148679595
1.0,1.1,0.9,0.2,4,0.06564848257873435,1.0287505431240336e-07,0.002625939303149374,0.0013130725266289993
1.0,1.1,0.9,0.2,5,0.07010055626417327,1.8914693222147964e-07,0.002804022250566931,0.001402200272215687
1.0,1.1,0.9,0.2,6,0.04933421443919529,1.9312528864216547e-07,0.001973368577567812,0.000986877414072548
1.0,1.1,0.9,0.2,7,0.04925626710236386,-1.3108728659371773e-10,0.0019702506840945542,0.0009851254731345638
1.0,1.1,0.9,0.2,8,0.06789763588252276,4.587482718038764e-09,0.0027159054353009106,0.0013579573051331734
1.0,1.1,0.9,0.2,9,0.06749434700901126,-1.3380586369501332e-06,0.0026997738803604503,0.0013512249988171753
1.0,1.1,0.9,0.2,10,0.07863345827355414,-1.2710537810265896e-07,0.0031453383309421657,0.0015727962708491855
1.0,1.1,0.9,0.2,11,0.07611582612944795,-3.483595624113433e-07,0.003044633045177918,0.0015226648821513704
1.0,1.1,0.9,0.2,12,0.048948458492300735,1.323016959261741e-07,0.0019579383396920295,0.000979101471541941
1.0,1.1,0.9,0.2,13,0.055654922899595324,2.3040448103902111e-07,0.002226196915983813,0.0011133288624729455
1.0,1.1,0.9,0.2,14,0.047872195764257254,-2.071530856896528e-08,0.0019148878305702902,0.0009574646305937141
1.0,1.1,0.9,0.2,15,0.04682530610132778,-2.5347755759129173e-08,0.0018730122440531111,0.0009365314697823147
1.0,1.1,0.9500000000000001,0.05,1,0.05562847808491498,5.720161278076878e-07,0.002225139123396599,0.0011131415778261073
1.0,1.1,0.9500000000000001,0.05,2,0.0816179395606507,-5.428872690006647e-07,0.0032647175824260283,0.001632901678482015
1.0,1.1,0.9500000000000001,0.05,3,0.059351364253774005,5.8414039225812147e-08,0.0023740545701509603,0.001187085699114706
1.0,1.1,0.9500000000000001,0.05,4,0.07590183271661685,-1.6147958987694044e-08,0.003036073308664674,0.0015180528022913247
1.0,1.1,0.9500000000000001,0.05,5,0.08627037885809827,4.05282264761742e-07,0.0034508151543239307,0.001725812859426727
1.0,1.1,0.9500000000000001,0.05,6,0.05659161226060006,-5.760157548168602e-07,0.0022636644904240025,0.0011324082609668181
1.0,1.1,0.9500000000000001,0.05,7,0.05148662106533798,5.6300513940759104e-08,0.0020594648426135193,0.0010297887218207004
1.0,1.1,0.9500000000000001,0.05,8,0.06211535528101413,-2.0141821336818594e-07,0.0024846142112405654,0.001242508523833651
1.0,1.1,0.9500000000000001,0.05,9,0.06379167485739604,-1.5033936127506042e-07,0.0025516669942958416,0.0012759838365091957
1.0,1.1,0.9500000000000001,0.05,10,0.08541617384187838,-4.0006802370226775e-07,0.0034166469536751356,0.0017087235448612701
1.0,1.1,0.9500000000000001,0.05,11,0.07983623397715814,4.9733160106707236e-08,0.0031934493590863255,0.0015967744127032694
1.0,1.1,0.9500000000000001,0.05,12,0.05941650255652464,1.897770970850799e-08,0.0023766601022609858,0.0011883490288402015
1.0,1.1,0.9500000000000001,0.05,13,0.0816271980837245,5.363269407860145e-07,0.00326508792334898,0.001633080288615276
1.0,1.1,0.9500000000000001,0.05,14,0.05563042608120761,-5.696296352286672e-07,0.0022252170432483045,0.001113178151259381
1.0,1.1,0.9500000000000001,0.05,15,0.037036074791518686,-1.6007223345365489e-09,0.0014814429916607476,0.0007407230965527083
1.0,1.1,0.9500000000000001,0.1,1,0.034556210011465194,1.1006834803817066e-06,0.0013822484004586079,0.0006922248837096857
1.0,1.1,0.9500000000000001,0.1,2,0.05633631362765499,-1.0675345822209738e-06,0.0022534525451061997,0.0011277938071353208
1.0,1.1,0.9500000000000001,0.1,3,0.04499157938477131,4.468007635140931e-08,0.0017996631753908524,0.0008998762677717776
1.0,1.1,0.9500000000000001,0.1,4,0.06635857940391701,6.990957492283579e-08,0.0026543431761566804,0.001327241497653263
1.0,1.1,0.9500000000000001,0.1,5,0.07145987415620067,1.1708962927407004e-06,0.0028583949662480267,0.001430368379416754
1.0,1.1,0.9500000000000001,0.1,6,0.050724027853573085,-4.919059545743863e-07,0.0020289611141429235,0.0010149724630260362
1.0,1.1,0.9500000000000001,0.1,7,0.050740244611914134,-1.4308802055523932e-09,0.0020296097844765652,0.0010148063231184882
1.0,1.1,0.9500000000000001,0.1,8,0.0682279877932214,1.0588177242303585e-07,0.002729119511728856,0.001364665637636851
1.0,1.1,0.9500000000000001,0.1,9,0.06914352566520202,1.4678032709782756e-07,0.0027657410266080807,0.0013830172936311381
1.0,1.1,0.9500000000000001,0.1,10,0.0790690950498231,-1.1037735420754116e-06,0.0031627638019929238,0.0015824856745385372
1.0,1.1,0.9500000000000001,0.1,11,0.07670986172101417,-2.039617199080403e-07,0.003068394468840567,0.0015344011961401915
1.0,1.1,0.9500000000000001,0.1,12,0.05003274782924747,1.1181977278657224e-07,0.002001309913169899,0.001000766776357736
1.0,1.1,0.9500000000000001,0.1,13,0.05657566686753741,1.2435007548170895e-06,0.0022630266747014965,0.0011327568381055654
1.0,1.1,0.9500000000000001,0.1,14,0.048641816664770646,-1.1007584615928338e-06,0.0019456726665908258,0.0009739370917570058
1.0,1.1,0.9500000000000001,0.1,15,0.04802099622473571,-3.4909626432299206e-09,0.0019208398489894286,0.0009604234154573575
1.0,1.1,0.9500000000000001,0.2,1,0.034681865319916926,1.292093752740516e-06,0.001387274612796677,0.0006949294001510791
1.0,1.1,0.9500000000000001,0.2,2,0.0553551283071631,-1.141292352266539e-06,0.002214205132286524,0.0011082438584955286
1.0,1.1,0.9500000000000001,0.2,3,0.04397466914334191,-2.7819654849471035e-08,0.0017589867657336765,0.0008795212025216878
1.0,1.1,0.9500000000000001,0.2,4,0.06581745279512953,9.740032918079827e-08,0.002632698111805181,0.0013164464562317713
1.0,1.1,0.9500000000000001,0.2,5,0.07026552020047953,1.299034458495799e-06,0.0028106208080191813,0.0014066094384680863
1.0,1.1,0.9500000000000001,0.2,6,0.04947897397199073,-9.318805922580971e-07,0.0019791589588796293,0.0009905113600320726
1.0,1.1,0.9500000000000001,0.2,7,0.0493904781486154,7.617583299303835e-11,0.001975619125944616,0.000987809639148141
1.0,1.1,0.9500000000000001,0.2,8,0.06808273463038463,4.921315503040241e-09,0.002723309385215385,0.0013616596139231956
1.0,1.1,0.9500000000000001,0.2,9,0.06767143698199277,-2.4164501832947885e-07,0.0027068574792797106,0.0013536703846581848
1.0,1.1,0.9500000000000001,0.2,10,0.07884204438710955,-1.2388729301485975e-06,0.003153681775484382,0.0015780797606723396
1.0,1.1,0.9500000000000001,0.2,11,0.07630742841934128,-3.1949099202231636e-07,0.0030522971367736513,0.001526468059378848
1.0,1.1,0.9500000000000001,0.2,12,0.0490412878963277,1.432371647773648e-07,0.001961651515853108,0.0009809689950913314
1.0,1.1,0.9500000000000001,0.2,13,0.05571110094616846,1.3420025629991277e-06,0.0022284440378467388,0.0011155640214863686
1.0,1.1,0.9500000000000001,0.2,14,0.04794598477323704,-1.1179838310527748e-06,0.0019178393909294817,0.0009600376792957936
1.0,1.1,0.9500000000000001,0.2,15,0.04693356945089765,-2.1047567871954677e-08,0.0018773427780359058,0.0009386924365858249
1.0,1.1,1.0,0.05,1,0.05554091791611816,7.265393161941404e-07,0.0022216367166447266,0.0011115448976385574
1.0,1.1,1.0,0.05,2,0.08147967995943431,-6.934129331783379e-07,0.0032591871983773724,0.0016302870121218645
1.0,1.1,1.0,0.05,3,0.05924473934784455,3.95851030560366e-08,0.002369789573913782,0.0011849343720599472
1.0,1.1,1.0,0.05,4,0.07576763917371147,-5.993717229584299e-08,0.003030705566948459,0.0015154127206465254
1.0,1.1,1.0,0.05,5,0.08629586982903151,5.751178188562748e-07,0.00345183479316126,0.0017264925143994864
1.0,1.1,1.0,0.05,6,0.05650288908845637,-7.358707869932246e-07,0.0022601155635382547,0.0011307936525561206
1.0,1.1,1.0,0.05,7,0.05138607212018005,3.192807862310969e-08,0.002055442884807202,0.001027753370482224
1.0,1.1,1.0,0.05,8,0.06199759210050323,-1.353310797320753e-07,0.002479903684020129,0.0012400871730897966
1.0,1.1,1.0,0.05,9,0.06367408848842476,2.7952435269546134e-08,0.0025469635395369904,0.0012735097222037648
1.0,1.1,1.0,0.05,10,0.08538036855087658,-5.373539490753561e-07,0.0034152147420350634,0.0017081447249666071
1.0,1.1,1.0,0.05,11,0.07969304189507512,5.353141878955566e-08,0.003187721675803005,0.0015939143693202919
1.0,1.1,1.0,0.05,12,0.059309938182408733,-2.767647879324485e-08,0.0023723975272963494,0.001186226440126968
1.0,1.1,1.0,0.05,13,0.08149914861259565,6.970595758211816e-07,0.003259965944503826,0.001630680031827734
1.0,1.1,1.0,0.05,14,0.0555433860843626,-7.229971697888637e-07,0.002221735443374504,0.001111590718857041
1.0,1.1,1.0,0.05,15,0.036968338575012055,-4.195020668016807e-09,0.0014787335430004823,0.0007393709665209091
1.0,1.1,1.0,0.1,1,0.034522646944124144,1.393390414350566e-06,0.0013809058777649657,0.0006918463292968334
1.0,1.1,1.0,0.1,2,0.05637834814474635,-1.3571333780343326e-06,0.002255133925789854,0.0011289240962729613
1.0,1.1,1.0,0.1,3,0.045027734929327,5.5871586175667664e-08,0.00180110939717308,0.0009006105701727156
1.0,1.1,1.0,0.1,4,0.06638647908776535,7.69696752174923e-08,0.002655459163510614,0.0013278065514305245
1.0,1.1,1.0,0.1,5,0.07149359401059545,1.4337224054269395e-06,0.002859743760423818,0.0014313056026173361
1.0,1.1,1.0,0.1,6,0.050775109858146705,-8.088874342505387e-07,0.0020310043943258683,0.0010163110845971847
1.0,1.1,1.0,0.1,7,0.05079319386017474,-9.137425788954509e-10,0.0020317277544069897,0.0010158647909460738
1.0,1.1,1.0,0.1,8,0.06828883141589356,1.353013708805872e-08,0.0027315532566357425,0.0013657901584549592
1.0,1.1,1.0,0.1,9,0.06921270577403531,4.1343144634200233e-07,0.002768508230961412,0.0013846675469270482
1.0,1.1,1.0,0.1,10,0.07914395984093113,-1.4001913583013633e-06,0.0031657583936372455,0.001584279388176924
1.0,1.1,1.0,0.1,11,0.07678814293650948,-2.2807182660476168e-07,0.0030715257174603796,0.0015359909305567945
1.0,1.1,1.0,0.1,12,0.0500750809530663,1.1541215401836074e-07,0.002003003238122652,0.0010016170312153443
1.0,1.1,1.0,0.1,13,0.056605820844994416,1.5029971527829114e-06,0.0022642328337997768,0.0011336194140526713
1.0,1.1,1.0,0.1,14,0.048665660714495004,-1.378105097480807e-06,0.0019466264285798003,0.0009746913193873809
1.0,1.1,1.0,0.1,15,0.048059323572839686,-7.33692835470824e-09,0.0019223729429135876,0.0009611938083851485
1.0,1.1,1.0,0.2,1,0.0346044950852128,1.5968784089160767e-06,0.0013841798034085122,0.0006936867801131722
1.0,1.1,1.0,0.2,2,0.055428466189680156,-1.4529509140301374e-06,0.002217138647587206,0.0011100222747076332
1.0,1.1,1.0,0.2,3,0.044058886482231024,-9.760072535071877e-09,0.001762355459289241,0.0008811874897171556
1.0,1.1,1.0,0.2,4,0.06596970670493008,1.0749833036267654e-07,0.002638788268197203,0.0013195016324289643
1.0,1.1,1.0,0.2,5,0.07041324948799217,1.5886669675061876e-06,0.002816529979519687,0.0014098536567273498
1.0,1.1,1.0,0.2,6,0.04960925448479661,-1.2393182151698782e-06,0.0019843701793918643,0.000993424407911102
1.0,1.1,1.0,0.2,7,0.04951114398390037,-5.6012686532381e-11,0.001980445759356015,0.000990222935690694
1.0,1.1,1.0,0.2,8,0.06824847572554649,5.367311176069232e-09,0.0027299390290218594,0.0013649748818221057
1.0,1.1,1.0,0.2,9,0.06783182898684433,5.410443235060814e-08,0.002713273159473773,0.0013566906841692371
1.0,1.1,1.0,0.2,10,0.0790296428203459,-1.5467940998363964e-06,0.003161185712813836,0.0015821396505067544
1.0,1.1,1.0,0.2,11,0.07647804995297264,-3.026063784431561e-07,0.0030591219981189054,0.0015298636054378958
1.0,1.1,1.0,0.2,12,0.04912397587431603,1.7145279056673452e-07,0.001964959034972641,0.0009826509702768873
1.0,1.1,1.0,0.2,13,0.055759018048761884,1.6211625056409325e-06,0.0022303607219504753,0.0011168015234808786
1.0,1.1,1.0,0.2,14,0.04800387334886901,-1.402845468782886e-06,0.0019201549339547606,0.0009614803124461631
1.0,1.1,1.0,0.2,15,0.04703112551520297,-1.663880586130572e-08,0.0018812450206081189,0.0009406391491099208
1.0,1.1,1.05,0.05,1,0.05546190479635739,5.163151997157337e-07,0.0022184761918542955,0.0011097544111268636
1.0,1.1,1.05,0.05,2,0.0813530922323166,-4.776797907699558e-07,0.003254123689292664,0.001627539524437102
1.0,1.1,1.05,0.05,3,0.059148297154946704,1.0703506070504874e-08,0.002365931886197868,0.0011829766466050044
1.0,1.1,1.05,0.05,4,0.07564530481437476,-9.584833074403605e-08,0.0030258121925749904,0.0015130019446182392
1.0,1.1,1.05,0.05,5,0.0863356491816722,3.631979312959224e-07,0.003453425967266888,0.00172707618156474
1.0,1.1,1.05,0.05,6,0.056423038117351665,-5.180624157301948e-07,0.0022569215246940667,0.0011289788247627636
1.0,1.1,1.05,0.05,7,0.05129514475312082,7.890973390747028e-09,0.0020518057901248326,0.001025910786035807
1.0,1.1,1.05,0.05,8,0.06189036054208628,-7.049714687267774e-08,0.0024756144216834513,0.0012378777079885984
1.0,1.1,1.05,0.05,9,0.06356695343405432,-2.26654515271863e-07,0.002542678137362173,0.0012715657231963584
1.0,1.1,1.05,0.05,10,0.08535945421765812,-2.868136590102483e-07,0.0034143781687063245,0.0017074758980121726
1.0,1.1,1.05,0.05,11,0.07956404759614052,4.9190082851096706e-08,0.003182561903845621,0.0015913301420056617
1.0,1.1,1.05,0.05,12,0.05921356312607208,-6.422570477128048e-08,0.0023685425250428833,0.0011843354882262128
1.0,1.1,1.05,0.05,13,0.08138296267621292,4.911962261010715e-07,0.003255318507048517,0.0016281504497503597
1.0,1.1,1.05,0.05,14,0.05546459856259785,-5.133561663463074e-07,0.002218583942503914,0.0011098053274183034
1.0,1.1,1.05,0.05,15,0.03690796509829021,-6.731548020638075e-09,0.0014763186039316084,0.0007381660335138248
1.0,1.1,1.05,0.1,1,0.03449124627873203,1.0045968316954942e-06,0.0013796498511492812,0.0006908295224063361
1.0,1.1,1.05,0.1,2,0.056415377827356644,-9.724601408819166e-07,0.0022566151130942657,0.0011292800166880148
1.0,1.1,1.05,0.1,3,0.04505956272814357,4.867414631813549e-08,0.0018023825091257428,0.0009012399287091895
1.0,1.1,1.05,0.1,4,0.06640842369942457,9.885260827718396e-08,0.002656336947976983,0.0013282673265967687
1.0,1.1,1.05,0.1,5,0.07151991908300039,1.0261330956746589e-06,0.0028607967633200154,0.0014314245147556822
1.0,1.1,1.05,0.1,6,0.0508206782406784,-4.4611158161550436e-07,0.002032827129627136,0.0010168596763951835
1.0,1.1,1.05,0.1,7,0.05084073704705613,-6.240805312579976e-10,0.002033629481882245,0.0010168153650216537
1.0,1.1,1.05,0.1,8,0.06834238500625922,-7.873614674355371e-08,0.002733695400250369,0.001366926436271928
1.0,1.1,1.05,0.1,9,0.06927457058479522,7.111814864064429e-09,0.0027709828233918087,0.0013854985235107684
1.0,1.1,1.05,0.1,10,0.0792103269065248,-1.0302153791712123e-06,0.003168413076260992,0.0015852367535096673
1.0,1.1,1.05,0.1,11,0.07685790865794129,-2.6327595304551023e-07,0.0030743163463176518,0.0015374214491118714
1.0,1.1,1.05,0.1,12,0.05011275406242909,1.363690701785663e-07,0.002004510162497164,0.0010023914503187604
1.0,1.1,1.05,0.1,13,0.056632450340019916,1.0891278389369758e-06,0.0022652980136007965,0.0011337381346393353
1.0,1.1,1.05,0.1,14,0.048683895159500584,-9.793663741041288e-07,0.0019473558063800233,0.0009746572695641158
1.0,1.1,1.05,0.1,15,0.04809431744052399,-1.1158243690396102e-08,0.0019237726976209597,0.0009618975070541702
1.0,1.1,1.05,0.2,1,0.034543688106218266,1.1542502700069443e-06,0.0013817475242487306,0.0006920280123943722
1.0,1.1,1.05,0.2,2,0.05549287451916634,-1.0504746930770503e-06,0.0022197149807666535,0.0011109079650764037
1.0,1.1,1.05,0.2,3,0.04413439879860934,-8.481772408737816e-09,0.0017653759519443736,0.0008826964577445956
1.0,1.1,1.05,0.2,4,0.06610787565102422,1.308496685273634e-07,0.002644315026040969,0.0013222883626890117
1.0,1.1,1.05,0.2,5,0.07054628339926693,1.1787961886193943e-06,0.0028218513359706773,0.0014121044641739581
1.0,1.1,1.05,0.2,6,0.04972726868394058,-8.496123419118581e-07,0.0019890907473576235,0.0009953949860207235
1.0,1.1,1.05,0.2,7,0.04962009945624518,-4.77574496660524e-10,0.0019848039782498074,0.0009924024666994003
1.0,1.1,1.05,0.2,8,0.06839741259998453,5.90833960550202e-09,0.002735896503999381,0.001367954160339296
1.0,1.1,1.05,0.2,9,0.06797550745818687,-3.3283986316043216e-07,0.0027190202983274746,0.0013598429890268977
1.0,1.1,1.05,0.2,10,0.0791991848582648,-1.169245083690303e-06,0.003167967394330592,0.0015851529422489863
1.0,1.1,1.05,0.2,11,0.07663050626255863,-2.959046655184107e-07,0.003065220250502345,0.001532906029916691
1.0,1.1,1.05,0.2,12,0.049196671290343226,2.143821586929643e-07,0.001967866851613729,0.0009841478079655576
1.0,1.1,1.05,0.2,13,0.05579925606242614,1.190397523488506e-06,0.0022319702424970457,0.0011171755187720114
1.0,1.1,1.05,0.2,14,0.04804775745384112,-9.94978361342947e-07,0.001921910298153645,0.0009619501274381654
1.0,1.1,1.05,0.2,15,0.04711947124863865,-1.2137126525221776e-08,0.001884778849945546,0.0009424015620992981
1.0,1.1,1.1,0.05,1,0.055390117223519005,-7.66240240879137e-09,0.0022156046889407603,0.0011078100068727889
1.0,1.1,1.1,0.05,2,0.0812365944507388,5.313445629349185e-08,0.003249463778029552,0.0016247850234710694
1.0,1.1,1.1,0.05,3,0.05906067654658806,-2.6821074176203502e-08,0.0023624270618635224,0.0011812403520059375
1.0,1.1,1.1,0.05,4,0.07553481349875549,-1.2499424278658502e-07,0.0030213925399502194,0.0015108212642178963
1.0,1.1,1.1,0.05,5,0.08638782155598795,-1.7716981088256105e-07,0.003455512862239518,0.0017279336009306417
1.0,1.1,1.1,0.05,6,0.05635088779783232,2.4636976762797244e-08,0.002254035511913293,0.0011270423929334093
1.0,1.1,1.1,0.05,7,0.05121251148126968,-1.585603844423417e-08,0.002048500459250787,0.0010242660856638378
1.0,1.1,1.1,0.05,8,0.0617922046405536,-6.745856546032782e-09,0.002471688185622144,0.0012358508386676181
1.0,1.1,1.1,0.05,9,0.06346882129472217,-8.537794569768139e-07,0.002538752851788887,0.0012702302053514201
1.0,1.1,1.1,0.05,10,0.08535142112812671,2.974100076756658e-07,0.003414056845125069,0.00170732583257021
1.0,1.1,1.1,0.05,11,0.0794473187349104,3.7858189805758664e-08,0.003177892749396416,0.0015889842328880137
1.0,1.1,1.1,0.05,12,0.059126046415164245,-9.208667013318626e-08,0.00236504185660657,0.0011826130149734182
1.0,1.1,1.1,0.05,13,0.08127819598757194,-3.003894747529863e-08,0.0032511278395028777,0.0016255939586989141
1.0,1.1,1.1,0.05,14,0.05539292909093237,8.539061585636175e-09,0.002215717163637295,0.0011078671208802331
1.0,1.1,1.1,0.05,15,0.03685401434682922,-9.21827077285451e-09,0.001474160573873169,0.0007370895052073574
1.0,1.1,1.1,0.1,1,0.03447347938520217,2.975758949516139e-08,0.0013789391754080867,0.0006894993452935385
1.0,1.1,1.1,0.1,2,0.05644814735318348,-7.929635472092534e-09,0.002257925894127339,0.0011289708766991416
1.0,1.1,1.1,0.1,3,0.04508768843600321,2.5669625422318617e-08,0.0018035075374401286,0.0009017794383454867
1.0,1.1,1.1,0.1,4,0.06642521549977928,1.334671441610683e-07,0.0026570086199911714,0.0013286377771397468
1.0,1.1,1.1,0.1,5,0.07153985464360778,4.2017596917762385e-08,0.0028615941857443113,0.0014308391104690735
1.0,1.1,1.1,0.1,6,0.050862466626729254,5.011902284999452e-07,0.0020344986650691703,0.0010177505227630852
1.0,1.1,1.1,0.1,7,0.050883640141741404,-5.298563748362982e-10,0.0020353456056696564,0.0010176733326912031
1.0,1.1,1.1,0.1,8,0.06838977228293214,-1.7092953448615976e-07,0.0027355908913172856,0.001367966375193129
1.0,1.1,1.1,0.1,9,0.0693301589304012,-9.778761569332337e-07,0.0027732063572160483,0.0013875810547649575
1.0,1.1,1.1,0.1,10,0.07926938594368986,-8.718543046515965e-08,0.0031707754377475945,0.0015854749043042625
1.0,1.1,1.1,0.1,11,0.0769217372745509,-3.079971006591148e-07,0.003076869490982036,0.0015387427425916772
1.0,1.1,1.1,0.1,12,0.05014639135787013,1.7224854246314144e-07,0.002005855654314805,0.0010031000756998657
1.0,1.1,1.1,0.1,13,0.05665629502651819,9.6183841205138e-08,0.0022662518010607277,0.001133222084371569
1.0,1.1,1.1,0.1,14,0.04869800278578432,7.267492276377685e-10,0.0019479201114313727,0.000973960782464914
1.0,1.1,1.1,0.1,15,0.04812648974905864,-1.4958268350268373e-08,0.0019250595899623457,0.0009625447532495232
1.0,1.1,1.1,0.2,1,0.034494369299115646,6.901439395621688e-08,0.001379774771964626,0.0006899564003762692
1.0,1.1,1.1,0.2,2,0.05555009304195376,-3.4038461955676445e-08,0.0022220037216781506,0.001111035899301031
1.0,1.1,1.1,0.2,3,0.04420244938741733,-2.1617240537712395e-08,0.0017680979754966933,0.0008840706049888843
1.0,1.1,1.1,0.2,4,0.06623590719382517,1.6557379500095002e-07,0.002649436287753007,0.0013248837176715045
1.0,1.1,1.1,0.2,5,0.07066690137545559,1.675760715983949e-07,0.0028266760550182237,0.0014135056035807102
1.0,1.1,1.1,0.2,6,0.04983490860971952,1.3936113607874393e-07,0.001993396344388781,0.0009968375333304692
1.0,1.1,1.1,0.2,7,0.049718924715673185,-1.1478229002655477e-09,0.0019887569886269272,0.000994379642136364
1.0,1.1,1.1,0.2,8,0.06853253613029069,6.53058675374471e-09,0.0027413014452116274,0.0013706572531925673
1.0,1.1,1.1,0.2,9,0.06810734720494573,-1.3066032457309193e-06,0.002724293888197829,0.0013634535473446454
1.0,1.1,1.1,0.2,10,0.07935326666447304,-2.0244168233773593e-07,0.0031741306665789217,0.0015872677749717986
1.0,1.1,1.1,0.2,11,0.0767672453644235,-2.979284142358039e-07,0.0030706898145769403,0.001535642835702706
1.0,1.1,1.1,0.2,12,0.04926062345256922,2.6994315761767624e-07,0.0019704249381027688,0.0009854824122090022
1.0,1.1,1.1,0.2,13,0.05583296997390946,1.492991316355838e-07,0.0022333187989563787,0.0011168086986098249
1.0,1.1,1.1,0.2,14,0.048081163313875235,8.350867244618417e-09,0.0019232465325550094,0.0009616316171447493
1.0,1.1,1.1,0.2,15,0.04719987796800504,-7.555315805129097e-09,0.0018879951187202016,0.000944005114675906
1.05,0.9,0.9,0.05,1,0.08624008985820554,-4.518505167650075e-09,0.0034496035943282215,0.0017248063156692784
1.05,0.9,0.9,0.05,2,0.1316212421916659,-9.626136062982813e-08,0.005264849687666637,0.0026325211051939482
1.05,0.9,0.9,0.05,3,0.09837585340999938,-6.642042725484129e-08,0.003935034136399975,0.0019675834886272426
1.05,0.9,0.9,0.05,4,0.12664311708672063,4.057632015168301e-08,0.0050657246834688256,0.0025329029180545643
1.05,0.9,0.9,0.05,5,0.12994775535381048,-8.449498820883579e-08,0.005197910214152419,0.0025990396020644183
1.05,0.9,0.9,0.05,6,0.0924680059208583,6.367595891991013e-07,0.003698720236834332,0.0018499968780063651
1.05,0.9,0.9,0.05,7,0.0912310583336341,-1.8037845320856543e-09,0.003649242333345364,0.001824622970457214
1.05,0.9,0.9,0.05,8,0.10935738918451235,3.9397443520554744e-07,0.004374295567380494,0.002187541758125453
1.05,0.9,0.9,0.05,9,0.11357785423723274,-1.1926608535004065e-06,0.00454311416948931,0.0022727497455981554
1.05,0.9,0.9,0.05,10,0.1234423244057537,2.471972177417708e-07,0.004937692976230148,0.002469093685332816
1.05,0.9,0.9,0.05,11,0.11654752750191331,7.505426197033926e-08,0.0046619011000765325,0.0023310256043002366
1.05,0.9,0.9,0.05,12,0.09839143060974104,1.0806945758811142e-07,0.003935657224389642,0.001967936681652409
1.05,0.9,0.9,0.05,13,0.13167435389061038,6.352440379801347e-08,0.005266974155624416,0.002633550602216006
1.05,0.9,0.9,0.05,14,0.08625006645931019,8.535325565021934e-09,0.0034500026583724076,0.0017250098645117688
1.05,0.9,0.9,0.05,15,0.0681514795140985,1.3503017010554236e-09,0.00272605918056394,0.001363030940583671
1.05,0.9,0.9,0.1,1,0.11427748050719676,-1.1488358479181922e-09,0.004571099220287871,0.0022855507589797834
1.05,0.9,0.9,0.1,2,0.16469523486447493,4.436137704927183e-08,0.006587809394578997,0.0032939490586665478
1.05,0.9,0.9,0.1,3,0.11750201445599076,-1.2901778307541196e-07,0.00470008057823963,0.0023501693069028907
1.05,0.9,0.9,0.1,4,0.14577598151589924,5.9107667826701574e-08,0.00583103926063597,0.0029155787379858116
1.05,0.9,0.9,0.1,5,0.17445842615347362,-6.143605432218152e-07,0.006978337046138945,0.0034897828836126946
1.05,0.9,0.9,0.1,6,0.11481085481142081,1.7487577179842607e-07,0.004592434192456833,0.0022963919720002147
1.05,0.9,0.9,0.1,7,0.0984441708304576,3.6976607297516616e-07,0.003937766833218304,0.001969253182682127
1.05,0.9,0.9,0.1,8,0.11627004230880189,-1.894684806149591e-06,0.004650801692352075,0.002327295530982187
1.05,0.9,0.9,0.1,9,0.12082602424129288,-1.9694241024827543e-06,0.004833040969651715,0.0024184899089283404
1.05,0.9,0.9,0.1,10,0.17613912751415473,1.0274980575334638e-06,0.007045565100566189,0.003523810048340628
1.05,0.9,0.9,0.1,11,0.15098007147060216,3.525427123987428e-07,0.006039202858824087,0.0030199539721244423
1.05,0.9,0.9,0.1,12,0.11756232678616133,8.73071189178091e-08,0.004702493071446453,0.0023513338428421443
1.05,0.9,0.9,0.1,13,0.16463441943733154,-6.362844917680868e-08,0.006585376777493261,0.003292752017195807
1.05,0.9,0.9,0.1,14,0.1142800924496,2.106687605179375e-09,0.004571203697984,0.002285603955679605
1.05,0.9,0.9,0.1,15,0.06869207456932475,6.852846981179246e-08,0.0027476829827729897,0.0013739100198563066
1.05,0.9,0.9,0.2,1,0.06194741401364817,1.0316352999492688e-08,0.0024778965605459268,0.001238958596625963
1.05,0.9,0.9,0.2,2,0.0992191580741969,-2.460709674200482e-07,0.003968766322967876,0.001984629232451358
1.05,0.9,0.9,0.2,3,0.0746705781959053,-7.230935046047206e-08,0.0029868231278362117,0.0014934838732685663
1.05,0.9,0.9,0.2,4,0.10273983555459698,7.2122944837818e-08,0.004109593422183879,0.002054868834036777
1.05,0.9,0.9,0.2,5,0.11668798845308731,-1.125058755757516e-07,0.004667519538123492,0.002333872274937322
1.05,0.9,0.9,0.2,6,0.07739218575025245,-6.201556517785662e-08,0.003095687430010098,0.001547905730570227
1.05,0.9,0.9,0.2,7,0.07228387712378007,-2.821879060006501e-08,0.0028913550849512027,0.0014457057612662014
1.05,0.9,0.9,0.2,8,0.09026899304391031,5.95978545948634e-07,0.0036107597217564127,0.001805975839424155
1.05,0.9,0.9,0.2,9,0.09313217460027341,-1.439545348293973e-06,0.0037252869840109365,0.0018640830373537623
1.05,0.9,0.9,0.2,10,0.12332809245226152,6.90796022881151e-08,0.004933123698090461,0.0024666309286475183
1.05,0.9,0.9,0.2,11,0.11179188173291532,1.072767327228415e-07,0.004471675269316613,0.002235944911391029
1.05,0.9,0.9,0.2,12,0.07680257764472256,2.2422680662923997e-07,0.0030721031057889025,0.0015362757797010805
1.05,0.9,0.9,0.2,13,0.09933178589203179,2.005510756418027e-07,0.003973271435681272,0.0019868362689162778
1.05,0.9,0.9,0.2,14,0.07182151368443819,-7.685504739848257e-08,0.0028728605473775275,0.0014365071287361622
1.05,0.9,0.9,0.2,15,0.05545386903909193,-5.371463703478855e-08,0.002218154761563677,0.0011091310954188733
1.05,0.9,0.9500000000000001,0.05,1,0.0861929699754399,6.538759555264046e-07,0.0034477187990175962,0.0017245132754643245
1.05,0.9,0.9500000000000001,0.05,2,0.13152692065122482,-7.41343722623916e-07,0.005261076826048993,0.0026312797567471205
1.05,0.9,0.9500000000000001,0.05,3,0.09831101471203882,-2.2050600767968055e-08,0.003932440588481553,0.0019662423448415446
1.05,0.9,0.9500000000000001,0.05,4,0.12655691156443505,-2.8838192419992914e-09,0.005062276462577402,0.002531141115107943
1.05,0.9,0.9500000000000001,0.05,5,0.12979798350221286,5.854240806335066e-07,0.005191919340088514,0.0025965450941248906
1.05,0.9,0.9500000000000001,0.05,6,0.09239314767871662,-1.2128155616588168e-07,0.0036957259071486647,0.0018479842351304982
1.05,0.9,0.9500000000000001,0.05,7,0.09115786863116082,-1.2971489133665126e-07,0.003646314745246433,0.0018232870875145532
1.05,0.9,0.9500000000000001,0.05,8,0.10926765268177104,4.414083810360509e-07,0.004370706107270842,0.002185794462016457
1.05,0.9,0.9500000000000001,0.05,9,0.1134778532274206,-3.5147414999991316e-07,0.004539114129096824,0.002269908538698412
1.05,0.9,0.9500000000000001,0.05,10,0.12325074027897111,-4.1718002195150795e-07,0.004930029611158845,0.0024654319856013737
1.05,0.9,0.9500000000000001,0.05,11,0.11638353603717702,1.3481665842208926e-07,0.004655341441487081,0.0023278055374019624
1.05,0.9,0.9500000000000001,0.05,12,0.09833104497529944,5.663141841752526e-08,0.003933241799011978,0.0019666775309244064
1.05,0.9,0.9500000000000001,0.05,13,0.13158953183393304,7.401812109791544e-07,0.005263581273357322,0.0026325308178896402
1.05,0.9,0.9500000000000001,0.05,14,0.08620203009310354,-6.70647206880752e-07,0.0034480812037241417,0.0017247112490689515
1.05,0.9,0.9500000000000001,0.05,15,0.06808714899822893,-7.65689707857583e-09,0.0027234859599291573,0.0013617506368616573
1.05,0.9,0.9500000000000001,0.1,1,0.11408284479845582,1.3987596721443525e-06,0.004563313791938233,0.002283055655641261
1.05,0.9,0.9500000000000001,0.1,2,0.16437684814870834,-1.2655997046118525e-06,0.0065750739259483335,0.0032888025626787785
1.05,0.9,0.9500000000000001,0.1,3,0.11726741289209405,-7.193806554937161e-08,0.0046906965156837625,0.0023454201959074304
1.05,0.9,0.9500000000000001,0.1,4,0.14548529159808604,7.679439569549616e-09,0.005819411663923441,0.00290971351140129
1.05,0.9,0.9500000000000001,0.1,5,0.17412692439870409,7.40601010820887e-07,0.006965076975948163,0.0034832790889849025
1.05,0.9,0.9500000000000001,0.1,6,0.11461452027346225,-1.2275591333144167e-06,0.00458458081093849,0.0022935179646025594
1.05,0.9,0.9500000000000001,0.1,7,0.09822213509466299,3.9966703393014627e-07,0.00392888540378652,0.00196484236892719
1.05,0.9,0.9500000000000001,0.1,8,0.11601920358843235,-1.7244991987695464e-06,0.004640768143537294,0.0023221085709674164
1.05,0.9,0.9500000000000001,0.1,9,0.12057547750498318,-4.249564520808198e-07,0.004823019100199328,0.0024119345065517447
1.05,0.9,0.9500000000000001,0.1,10,0.17580086105182682,-3.999886899410277e-07,0.007032034442073073,0.0035164172097264775
1.05,0.9,0.9500000000000001,0.1,11,0.1506760073356586,3.520564632528687e-07,0.006027040293426345,0.0030138722031764252
1.05,0.9,0.9500000000000001,0.1,12,0.1173278960577474,3.39491663643661e-08,0.004693115842309897,0.0023465918703213127
1.05,0.9,0.9500000000000001,0.1,13,0.16434590309832747,1.2650043819617147e-06,0.0065738361239330995,0.0032881830663485114
1.05,0.9,0.9500000000000001,0.1,14,0.11408685465042184,-1.4024886221649573e-06,0.0045634741860168734,0.0022831395816306018
1.05,0.9,0.9500000000000001,0.1,15,0.06852788973040158,4.968446712454752e-08,0.0027411155892160632,0.001370607479075156
1.05,0.9,0.9500000000000001,0.2,1,0.06186939554882685,2.0708482989490557e-06,0.002474775821953074,0.001239458759275486
1.05,0.9,0.9500000000000001,0.2,2,0.09910608509062628,-2.152394026351507e-06,0.003964243403625051,0.001984274095838877
1.05,0.9,0.9500000000000001,0.2,3,0.07456548378651481,5.169510115843898e-08,0.0029826193514605926,0.0014913613708314548
1.05,0.9,0.9500000000000001,0.2,4,0.10255854755989781,-1.5579221024515904e-08,0.004102341902395912,0.0020511865304189804
1.05,0.9,0.9500000000000001,0.2,5,0.11651778177157987,1.838901641278639e-06,0.004660711270863195,0.0023321945370728763
1.05,0.9,0.9500000000000001,0.2,6,0.07724833041036812,-2.07100262120407e-06,0.0030899332164147247,0.0015470376108285664
1.05,0.9,0.9500000000000001,0.2,7,0.07212244183274999,-7.06175699091428e-08,0.0028848976733099998,0.001442519454224909
1.05,0.9,0.9500000000000001,0.2,8,0.09005193899255554,4.4732872269014523e-07,0.0036020775597022216,0.001801486108573801
1.05,0.9,0.9500000000000001,0.2,9,0.09291095394395243,5.51442311066383e-07,0.0037164381577580972,0.001858770521190115
1.05,0.9,0.9500000000000001,0.2,10,0.12310573568660846,-1.8172059988697225e-06,0.004924229427464339,0.002463931919731039
1.05,0.9,0.9500000000000001,0.2,11,0.11157620550160595,1.7672564665437065e-07,0.004463048220064238,0.0022317008356787737
1.05,0.9,0.9500000000000001,0.2,12,0.07667735171405621,1.000915493484675e-07,0.0030670940685622486,0.0015336471258304727
1.05,0.9,0.9500000000000001,0.2,13,0.0992087290212638,2.1376443666278825e-06,0.003968349160850552,0.001986312224791904
1.05,0.9,0.9500000000000001,0.2,14,0.07170304774216267,-2.099068243854901e-06,0.002868121909686507,0.0014361600230871085
1.05,0.9,0.9500000000000001,0.2,15,0.055329181808858735,-3.014774310856083e-08,0.0022131672723543494,0.0011066137839202833
1.05,0.9,1.0,0.05,1,0.08615044973993742,8.277844744613942e-07,0.003446017989597497,0.0017238367792732098
1.05,0.9,1.0,0.05,2,0.13144094977133053,-9.182600421188479e-07,0.005257637990853221,0.0026297372554687296
1.05,0.9,1.0,0.05,3,0.0982526482508301,-6.278750741184791e-09,0.003930105930033205,0.0019650592437673435
1.05,0.9,1.0,0.05,4,0.12647892554353918,-2.2464324958820087e-08,0.005059157021741568,0.0025296009751957426
1.05,0.9,1.0,0.05,5,0.12965723057339248,7.527250932451803e-07,0.0051862892229357,0.002593897336561095
1.05,0.9,1.0,0.05,6,0.09232506256000061,-3.2585898790650155e-07,0.0036930025024000247,0.0018468271101879188
1.05,0.9,1.0,0.05,7,0.09109227300670836,-2.5630477541235136e-07,0.0036436909202683344,0.0018221017649095795
1.05,0.9,1.0,0.05,8,0.1091868334742819,4.851986714604064e-07,0.004367473338971277,0.002184221868157099
1.05,0.9,1.0,0.05,9,0.11338822014906033,-1.249779502159531e-07,0.004535528805962414,0.0022678893809314226
1.05,0.9,1.0,0.05,10,0.12306917472380444,-5.764592469999013e-07,0.004922766988952177,0.0024619599537230885
1.05,0.9,1.0,0.05,11,0.11622942950762763,1.7027135627389715e-07,0.004649177180305105,0.0023247588615088266
1.05,0.9,1.0,0.05,12,0.09827755174719449,3.363236225245082e-08,0.00393110206988778,0.0019655846673061425
1.05,0.9,1.0,0.05,13,0.13151324570167072,9.39137996002776e-07,0.005260529828066829,0.0026312040520294175
1.05,0.9,1.0,0.05,14,0.08615910542944567,-8.508905940835676e-07,0.003446364217177827,0.001724032999182997
1.05,0.9,1.0,0.05,15,0.06802951075215964,-1.663205019004707e-08,0.002721180430086386,0.001360606847093383
1.05,0.9,1.0,0.1,1,0.11390910970384568,1.7695654817734567e-06,0.004556364388153828,0.0022799517595586873
1.05,0.9,1.0,0.1,2,0.16408701967208172,-1.5863606352289498e-06,0.0065634807868832695,0.0032833267540768635
1.05,0.9,1.0,0.1,3,0.11705624882029961,-7.394577251219729e-08,0.004682249952811984,0.002341198922178504
1.05,0.9,1.0,0.1,4,0.1452268237313573,9.156076859694572e-09,0.0058090729492542926,0.002904545630704006
1.05,0.9,1.0,0.1,5,0.17382853187072636,1.0701782948542918e-06,0.006953141274829055,0.0034776408157093817
1.05,0.9,1.0,0.1,6,0.11443784493321839,-1.595566902383639e-06,0.004577513797328735,0.0022903524655667512
1.05,0.9,1.0,0.1,7,0.09802227924066897,4.293442478064003e-07,0.003920891169626759,0.001960874929061186
1.05,0.9,1.0,0.1,8,0.11579315766000174,-1.5559578174227141e-06,0.0046317263064000695,0.0023174191110174576
1.05,0.9,1.0,0.1,9,0.12034861578136409,1.776727300955563e-09,0.004813944631254564,0.002406974092354583
1.05,0.9,1.0,0.1,10,0.17549656296431262,-8.012022748981468e-07,0.007019862518572505,0.0035107324615611508
1.05,0.9,1.0,0.1,11,0.15040348491542674,2.9796736747769465e-07,0.006016139396617069,0.003008367665676012
1.05,0.9,1.0,0.1,12,0.11711704391974043,4.096440566523729e-08,0.0046846817567896175,0.002342381842800474
1.05,0.9,1.0,0.1,13,0.164087470964768,1.6077710190897534e-06,0.00656349883859072,0.0032833571903144497
1.05,0.9,1.0,0.1,14,0.11391305546183271,-1.7746378004598938e-06,0.004556522218473308,0.002280035747037114
1.05,0.9,1.0,0.1,15,0.06838009161469685,3.0795964357040225e-08,0.002735203664587874,0.001367632628258294
1.05,0.9,1.0,0.2,1,0.06181367431545176,2.6097322958932544e-06,0.0024725469726180707,0.0012388832186049285
1.05,0.9,1.0,0.2,2,0.09900164686566044,-2.632337563574137e-06,0.003960065874626418,0.001982665274876783
1.05,0.9,1.0,0.2,3,0.07446962228133658,9.991841877831167e-08,0.0029787848912534633,0.00148949236404551
1.05,0.9,1.0,0.2,4,0.10239388869011055,-4.5226765234144053e-08,0.004095755547604422,0.0020479230005674455
1.05,0.9,1.0,0.2,5,0.11636419722999493,2.3739936348910406e-06,0.004654567889199797,0.0023296579382347895
1.05,0.9,1.0,0.2,6,0.07711947350266561,-2.5894939865360214e-06,0.0030847789401066243,0.0015449789640398482
1.05,0.9,1.0,0.2,7,0.07197588083652195,-1.0685219135604489e-07,0.002879035233460878,0.001439624468921795
1.05,0.9,1.0,0.2,8,0.0898554919068031,2.7247022060586097e-07,0.0035942196762721243,0.001797382308356668
1.05,0.9,1.0,0.2,9,0.09270841791534414,1.0754097953345602e-06,0.0037083367166137653,0.0018552437681022172
1.05,0.9,1.0,0.2,10,0.12289985499266887,-2.2928579877459386e-06,0.0049159941997067545,0.0024602899578411233
1.05,0.9,1.0,0.2,11,0.11137769861429636,1.8987613913790504e-07,0.004455107944571855,0.0022277438484250654
1.05,0.9,1.0,0.2,12,0.07656448636443025,5.767137385993804e-08,0.0030625794545772102,0.001531347398662465
1.05,0.9,1.0,0.2,13,0.09909435675042569,2.6466569063495423e-06,0.003963774270017028,0.0019845337919148632
1.05,0.9,1.0,0.2,14,0.0715877392062264,-2.6266084111557877e-06,0.0028635095682490556,0.0014343813925356836
1.05,0.9,1.0,0.2,15,0.055219648435619065,-6.3069609266503306e-09,0.002208785937424763,0.001104399275673308
1.05,0.9,1.05,0.05,1,0.08611189149800272,5.879615623614317e-07,0.003444475659920109,0.0017228257915224158
1.05,0.9,1.05,0.05,2,0.13136220011293417,-6.953447988445918e-07,0.005254488004517367,0.0026279393470575283
1.05,0.9,1.05,0.05,3,0.09819984799068207,-1.4916817193605446e-08,0.003927993919627283,0.001964011876630835
1.05,0.9,1.05,0.05,4,0.12640757866423544,-2.167787184633417e-08,0.005056303146569418,0.0025281732511565555
1.05,0.9,1.05,0.05,5,0.12952428143593842,4.906916842313655e-07,0.005180971257437537,0.0025909763204029997
1.05,0.9,1.05,0.05,6,0.09226280616867728,-5.764773157466497e-08,0.0036905122467470915,0.0018453137711051204
1.05,0.9,1.05,0.05,7,0.09103298282168681,-3.817592414818001e-07,0.0036413193128674724,0.001821041415675218
1.05,0.9,1.05,0.05,8,0.10911296532070487,5.258631665845399e-07,0.004364518612828195,0.002182785169580682
1.05,0.9,1.05,0.05,9,0.11330750893063252,-4.236879824799785e-07,0.004532300357225301,0.0022665738665951303
1.05,0.9,1.05,0.05,10,0.12289620815945242,-3.0427568996184234e-07,0.004915848326378097,0.00245822843887901
1.05,0.9,1.05,0.05,11,0.1160837858204924,1.8499147292488916e-07,0.004643351432819696,0.002321860707882773
1.05,0.9,1.05,0.05,12,0.09823014447466988,3.4906863310228665e-08,0.003929205778986795,0.0019646377963567076
1.05,0.9,1.05,0.05,13,0.1314442717144737,7.301007048691786e-07,0.0052577708685789485,0.0026296155349943436
1.05,0.9,1.05,0.05,14,0.08612055529671399,-6.050284700200817e-07,0.0034448222118685598,0.0017230161344043
1.05,0.9,1.05,0.05,15,0.06797766607279238,-2.5579693557929954e-08,0.002719106642911695,0.0013595789011494055
1.05,0.9,1.05,0.1,1,0.11375213527569956,1.2622777331270805e-06,0.004550085411027983,0.0022763049832471185
1.05,0.9,1.05,0.1,2,0.16382172129931605,-1.0629984072746314e-06,0.006552868851972642,0.0032774974243935957
1.05,0.9,1.05,0.1,3,0.11686525754804616,-1.2634676564699096e-07,0.004674610301921847,0.0023374314977265705
1.05,0.9,1.05,0.1,4,0.14499198706311395,5.5733256863863163e-08,0.005799679482524558,0.0028998954745191427
1.05,0.9,1.05,0.1,5,0.173558588740914,5.24659701599023e-07,0.00694234354963656,0.003471696434519879
1.05,0.9,1.05,0.1,6,0.11427800689233261,-1.0809168207209687e-06,0.004571120275693305,0.0022866410546673733
1.05,0.9,1.05,0.1,7,0.09784144292180058,4.588371101789466e-07,0.003913657716872024,0.001957287695546191
1.05,0.9,1.05,0.1,8,0.11558835052837799,-1.3888328930838825e-06,0.004623534021135119,0.0023131558434606432
1.05,0.9,1.05,0.1,9,0.12014206103774012,-5.254709693617757e-07,0.004805682441509605,0.0024033666917241646
1.05,0.9,1.05,0.1,10,0.17522140042066758,-3.265588043937725e-07,0.007008856016826703,0.0035047545672177455
1.05,0.9,1.05,0.1,11,0.1501579915462335,1.9818027469103603e-07,0.00600631966184934,0.0030033580111993607
1.05,0.9,1.05,0.1,12,0.11692638176260843,9.947403725321733e-08,0.004677055270504337,0.002338627109289422
1.05,0.9,1.05,0.1,13,0.16385365432394597,1.1092690305615263e-06,0.006554146172957839,0.0032781823555094814
1.05,0.9,1.05,0.1,14,0.1137558651950178,-1.2658308835466396e-06,0.004550234607800712,0.0022763831347839027
1.05,0.9,1.05,0.1,15,0.06824633665464508,1.1869451875817966e-08,0.002729853466185803,0.0013649386025447773
1.05,0.9,1.05,0.2,1,0.061762063879857075,1.852579742235079e-06,0.002470482555194283,0.0012370938573393764
1.05,0.9,1.05,0.2,2,0.09890453060025628,-1.8974186151362403e-06,0.003956181224010251,0.0019799880306202618
1.05,0.9,1.05,0.2,3,0.07438166052508541,8.366045453159243e-08,0.0029752664210034164,0.00148771687095624
1.05,0.9,1.05,0.2,4,0.10224371525343916,-2.5559015581750168e-08,0.004089748610137566,0.002044899864084365
1.05,0.9,1.05,0.2,5,0.11622418479830587,1.7028601602703405e-06,0.004648967391932235,0.002326186556126388
1.05,0.9,1.05,0.2,6,0.07699792759862442,-1.8386333957365542e-06,0.003079917103944977,0.001541797185368225
1.05,0.9,1.05,0.2,7,0.07184213813594215,-1.377982141653267e-07,0.002873685525437686,0.0014369805609330084
1.05,0.9,1.05,0.2,8,0.08967676358109268,7.51620996616441e-08,0.0035870705432437073,0.0017936104337215153
1.05,0.9,1.05,0.2,9,0.09252204267557347,3.5013822865433424e-07,0.003700881707022939,0.0018507909917401238
1.05,0.9,1.05,0.2,10,0.12270851394242396,-1.5671536160691182e-06,0.004908340557696959,0.0024557374324645485
1.05,0.9,1.05,0.2,11,0.1111938702061521,1.5521545761149709e-07,0.004447754808246084,0.002224032619580653
1.05,0.9,1.05,0.2,12,0.07646156510776447,8.481174650488803e-08,0.003058462604310579,0.0015293161139017944
1.05,0.9,1.05,0.2,13,0.09898777349516832,1.939349146361023e-06,0.003959510939806733,0.0019816948190497273
1.05,0.9,1.05,0.2,14,0.0714733763173394,-1.8812298898139938e-06,0.002858935052693576,0.001431348756236602
1.05,0.9,1.05,0.2,15,0.05512308344420139,1.776835383839357e-08,0.0022049233377680554,0.001102479437237866
1.05,0.9,1.1,0.05,1,0.08607677402352625,-7.971369754592404e-09,0.0034430709609410497,0.0017215434518402795
1.05,0.9,1.1,0.05,2,0.13128975117992453,-1.2825487590985018e-07,0.005251590047196981,0.0026259232784744003
1.05,0.9,1.1,0.05,3,0.09815187394994437,-4.455613554725632e-08,0.003926074957997775,0.0019630820351344345
1.05,0.9,1.1,0.05,4,0.12634201698618733,-3.3807736941979943e-09,0.0050536806794474936,0.002526843720497441
1.05,0.9,1.1,0.05,5,0.12939814754409057,-1.409747238338005e-07,0.005175925901763623,0.002588103925605645
1.05,0.9,1.1,0.05,6,0.09220560685463,6.176255608365613e-07,0.0036882242741852,0.0018447297626534365
1.05,0.9,1.1,0.05,7,0.09097916979560208,-5.062308274150551e-07,0.0036391667918240834,0.0018200896267394568
1.05,0.9,1.1,0.05,8,0.10904510627334488,5.638260368234164e-07,0.004361804250933795,0.002181465951503721
1.05,0.9,1.1,0.05,9,0.11323453779302295,-1.1746808904580558e-06,0.004529381511720918,0.0022658654367509173
1.05,0.9,1.1,0.05,10,0.12273068368134912,3.3938108789154727e-07,0.004909227347253965,0.002454953054714874
1.05,0.9,1.1,0.05,11,0.11594544577780258,1.8188289773791479e-07,0.004637817831112103,0.0023190907984537894
1.05,0.9,1.1,0.05,12,0.09818822482748732,5.7064788036077264e-08,0.003927528993099493,0.0019638215613377824
1.05,0.9,1.1,0.05,13,0.1313816096049912,1.6984668434623657e-07,0.005255264384199649,0.0026278020387841706
1.05,0.9,1.1,0.05,14,0.08608578581417363,7.619146865079339e-09,0.003443431432566945,0.0017217233354303377
1.05,0.9,1.1,0.05,15,0.06793102211141785,-3.450354739593973e-08,0.002717240884456714,0.001358654945775753
1.05,0.9,1.1,0.1,1,0.11360952916738336,-2.4917744880252266e-10,0.004544381166695335,0.002272190832525116
1.05,0.9,1.1,0.1,2,0.1635783517370023,1.8644545634055061e-07,0.006543134069480093,0.003271753480196387
1.05,0.9,1.1,0.1,3,0.11669177254713672,-2.2207205726592824e-07,0.004667670901885469,0.002334057523
1.05,0.9,1.1,0.1,4,0.14478209439958037,1.410688606738337e-07,0.005791283775983215,0.002895782956852281
1.05,0.9,1.1,0.1,5,0.1733132906842399,-7.73656721803702e-07,0.006932531627369596,0.0034670394704066016
1.05,0.9,1.1,0.1,6,0.11413269982353061,1.9291467546696023e-07,0.004565307992941224,0.002282846911146079
1.05,0.9,1.1,0.1,7,0.09767704578787488,4.881765457324868e-07,0.0039070818315149955,0.00195402909230323
1.05,0.9,1.1,0.1,8,0.11540188367485849,-1.2229368166437327e-06,0.004616075346994339,0.0023092606103138134
1.05,0.9,1.1,0.1,9,0.1199530557060307,-1.8734322148976346e-06,0.004798122228241228,0.0024009345463355115
1.05,0.9,1.1,0.1,10,0.1749714278879798,9.015393074732561e-07,0.006998857115519193,0.00350033009706707
1.05,0.9,1.1,0.1,11,0.14993584610730176,5.911941100230668e-08,0.00599743384429207,0.002998776041557037
1.05,0.9,1.1,0.1,12,0.11675314134866481,2.0225815557772104e-07,0.004670125653946593,0.002335265085128874
1.05,0.9,1.1,0.1,13,0.16364114981642358,-1.1285177164495786e-07,0.006545645992656944,0.003272935848100117
1.05,0.9,1.1,0.1,14,0.11361300880784259,6.848365559673298e-10,0.004544520352313703,0.0022722608609934076
1.05,0.9,1.1,0.1,15,0.06812471277155885,-7.089784330855837e-09,0.002724988510862354,0.0013625013452155078
1.05,0.9,1.1,0.2,1,0.0617141319866695,-1.7481463172325923e-08,0.0024685652794667803,0.0012343001211965624
1.05,0.9,1.1,0.2,2,0.09881380300434287,-1.1931975937421499e-07,0.0039525521201737145,0.0019763953798462314
1.05,0.9,1.1,0.2,3,0.07430059461750618,1.2081951176570499e-08,0.0029720237847002473,0.0014860239743013002
1.05,0.9,1.1,0.2,4,0.1021063711183137,3.6353297851177135e-08,0.004084254844732548,0.002042163775664125
1.05,0.9,1.1,0.2,5,0.11609605534029602,-3.985667862264376e-09,0.0046438422136118405,0.0023219250924737824
1.05,0.9,1.1,0.2,6,0.07689250195014115,2.103532878265646e-09,0.003075700078005646,0.0015378521425357013
1.05,0.9,1.1,0.2,7,0.07171961229248025,-1.641729499215897e-07,0.00286878449169921,0.0014345564187995266
1.05,0.9,1.1,0.2,8,0.08951347787429301,-1.4152257280387447e-07,0.0035805391149717203,0.0017904110800586641
1.05,0.9,1.1,0.2,9,0.09234986310480804,-1.4476464440962592e-06,0.003693994524192322,0.0018484449085402572
1.05,0.9,1.1,0.2,10,0.12253309514033067,1.9005883023089868e-07,0.004901323805613227,0.0024508519616368444
1.05,0.9,1.1,0.2,11,0.11102356708983527,7.960828929555854e-08,0.004440942683593411,0.002220550950086001
1.05,0.9,1.1,0.2,12,0.07636762329077601,1.7165384674024163e-07,0.0030547049316310406,0.0015275241196622605
1.05,0.9,1.1,0.2,13,0.09888842712077069,1.8760275476734594e-07,0.0039555370848308275,0.0019779561451701813
1.05,0.9,1.1,0.2,14,0.07136437177253492,-4.290541217593529e-08,0.002854574870901397,0.0014273303408628745
1.05,0.9,1.1,0.2,15,0.055037769573241614,4.2046039552458195e-08,0.0022015107829296645,0.0011007974375043846
1.05,0.9500000000000001,0.9,0.05,1,0.080196111010164,4.773023210988554e-07,0.00320784444040656,0.0016043995225243789
1.05,0.9500000000000001,0.9,0.05,2,0.12245229394618587,-3.815384183583787e-06,0.004898091757847435,0.0024528612631073013
1.05,0.9500000000000001,0.9,0.05,3,0.09022739053975994,-5.8823312126898806e-05,0.0036090956215903973,0.0018633711229220974
1.05,0.9500000000000001,0.9,0.05,4,0.11668764812304352,0.00022153804071664823,0.004667505924921741,0.002555291003177519
1.05,0.9500000000000001,0.9,0.05,5,0.12115422551189003,8.212687550514345e-05,0.004846169020475601,0.002505211385742944
1.05,0.9500000000000001,0.9,0.05,6,0.08446421056890295,-2.1688621698167623e-05,0.003378568422756118,0.0017109728330762268
1.05,0.9500000000000001,0.9,0.05,7,0.08214596144004141,-5.5721819020050135e-05,0.0032858384576016563,0.0016986410478208782
1.05,0.9500000000000001,0.9,0.05,8,0.09875881214122029,0.00012475000313114375,0.003950352485648812,0.0020999262459555496
1.05,0.9500000000000001,0.9,0.05,9,0.10228150638808069,0.00016724209057466648,0.004091260255523228,0.0022128722183362803
1.05,0.9500000000000001,0.9,0.05,10,0.1159955710052945,-8.374443626673312e-05,0.00463982284021178,0.002403655856372623
1.05,0.9500000000000001,0.9,0.05,11,0.10919771597319049,-0.00022836060220756673,0.004367908638927619,0.0024123149216713764
1.05,0.9500000000000001,0.9,0.05,12,0.0902651668073471,5.7961961821243564e-05,0.003610606672293884,0.0018632652979681855
1.05,0.9500000000000001,0.9,0.05,13,0.12249783890163685,4.984324617495511e-06,0.004899913556065474,0.0024549411026502325
1.05,0.9500000000000001,0.9,0.05,14,0.08021763665859487,-3.8129885981276734e-07,0.003208705466343795,0.0016047340320317102
1.05,0.9500000000000001,0.9,0.05,15,0.060349411831850226,-1.3701215218401447e-06,0.002413976473274009,0.0012083583581588447
1.05,0.9500000000000001,0.9,0.1,1,0.09352964772922873,8.974509264710913e-06,0.003741185909169149,0.0018795674638492853
1.05,0.9500000000000001,0.9,0.1,2,0.1342714633350213,4.688103958736927e-05,0.005370858533400852,0.0027323103062877954
1.05,0.9500000000000001,0.9,0.1,3,0.09546838376384384,-7.05955811910331e-05,0.0038187353505537537,0.00197996325646791
1.05,0.9500000000000001,0.9,0.1,4,0.12178324319957051,0.00027559192636885424,0.0048713297279828205,0.0027112567903602646
1.05,0.9500000000000001,0.9,0.1,5,0.14430726456296164,5.5037351211994866e-05,0.005772290582518466,0.0029411826424712278
1.05,0.9500000000000001,0.9,0.1,6,0.09805453816117017,1.0594409398129886e-05,0.0039221815264468066,0.0019716851726215333
1.05,0.9500000000000001,0.9,0.1,7,0.08048853222567628,-6.46659701587785e-05,0.0032195412890270517,0.0016744366146723044
1.05,0.9500000000000001,0.9,0.1,8,0.09841096527535331,0.00010098232253374578,0.003936438611014133,0.002069201628040812
1.05,0.9500000000000001,0.9,0.1,9,0.1051836234399753,-9.956175734045355e-05,0.004207344937599012,0.0022032342261399597
1.05,0.9500000000000001,0.9,0.1,10,0.14717603619137992,-5.546305395626367e-05,0.005887041447655197,0.002998983777783862
1.05,0.9500000000000001,0.9,0.1,11,0.12671766456708472,-0.0002479227904597193,0.005068706582683389,0.0027822760818014135
1.05,0.9500000000000001,0.9,0.1,12,0.09808870959599879,6.27407750975641e-05,0.003923548383839952,0.00202451496701754
1.05,0.9500000000000001,0.9,0.1,13,0.13464685377872548,-5.531867402288739e-05,0.005385874151149019,0.002748255749597397
1.05,0.9500000000000001,0.9,0.1,14,0.09825389936439473,-3.853537533538275e-06,0.003930155974575789,0.001968931524821433
1.05,0.9500000000000001,0.9,0.1,15,0.057930157876691965,-1.2148132479729868e-06,0.0023172063150676786,0.0011598179707818122
1.05,0.9500000000000001,0.9,0.2,1,0.0628947875171689,1.644605410046495e-05,0.002515791500686756,0.001274341804443843
1.05,0.9500000000000001,0.9,0.2,2,0.1009862766097197,-2.926429894266901e-05,0.004039451064388788,0.002048989831137063
1.05,0.9500000000000001,0.9,0.2,3,0.07474829181278748,-4.0427378920702444e-05,0.0029899316725114995,0.0015353932151764523
1.05,0.9500000000000001,0.9,0.2,4,0.10274655017030394,0.0001377158399632418,0.004109862006812158,0.002192646843369321
1.05,0.9500000000000001,0.9,0.2,5,0.11655677084802277,9.341709292091305e-05,0.004662270833920911,0.0024245525098813684
1.05,0.9500000000000001,0.9,0.2,6,0.07607324266466647,-2.49491474995092e-05,0.003042929706586659,0.0015464140007928387
1.05,0.9500000000000001,0.9,0.2,7,0.07074843416431306,-5.776596278209524e-05,0.0028299373665725226,0.0014727346460683564
1.05,0.9500000000000001,0.9,0.2,8,0.08889668148266659,0.00015437176773723621,0.0035558672593066637,0.001932305397390568
1.05,0.9500000000000001,0.9,0.2,9,0.09204329552598875,-4.190474391984842e-05,0.00368173182103955,0.0018827706544396233
1.05,0.9500000000000001,0.9,0.2,10,0.12240661837130415,-0.00012172605104490294,0.004896264734852166,0.002569858418470986
1.05,0.9500000000000001,0.9,0.2,11,0.1112800097988344,-0.00011913200668743192,0.004451200391953376,0.00234473220266412
1.05,0.9500000000000001,0.9,0.2,12,0.07806069798431406,3.0497428883023757e-05,0.0031224279193725626,0.001591711388569305
1.05,0.9500000000000001,0.9,0.2,13,0.10158240991974479,2.6324441747357234e-05,0.004063296396789792,0.0020579726401422534
1.05,0.9500000000000001,0.9,0.2,14,0.07075105662857298,-2.6543759633068843e-05,0.002830042265142919,0.0014415648922045284
1.05,0.9500000000000001,0.9,0.2,15,0.054762281090539426,-4.0378602487761055e-06,0.002190491243621577,0.0010992834820595645
1.05,0.9500000000000001,0.9500000000000001,0.05,1,0.08013586499698488,1.0634806018348385e-06,0.0032054345998793954,0.0016037807805415324
1.05,0.9500000000000001,0.9500000000000001,0.05,2,0.12233873962612443,-3.8722774080579535e-06,0.004893549585044977,0.002450647069930547
1.05,0.9500000000000001,0.9500000000000001,0.05,3,0.09014598501929791,-5.863910879414869e-05,0.0036058394007719165,0.001861558809180107
1.05,0.9500000000000001,0.9500000000000001,0.05,4,0.11658128398235033,0.00022133753974352028,0.004663251359294013,0.0025529632193905267
1.05,0.9500000000000001,0.9500000000000001,0.05,5,0.12104790956917752,8.188435803702687e-05,0.004841916382767101,0.0025028425494205775
1.05,0.9500000000000001,0.9500000000000001,0.05,6,0.08437799987368541,-2.183296789522085e-05,0.0033751199949474163,0.001709392965368929
1.05,0.9500000000000001,0.9500000000000001,0.05,7,0.08205828499673004,-5.4331711950436504e-05,0.003282331399869202,0.0016954974118850374
1.05,0.9500000000000001,0.9500000000000001,0.05,8,0.09864730922706834,0.00012298181373484565,0.0039458923690827334,0.0020959279982762126
1.05,0.9500000000000001,0.9500000000000001,0.05,9,0.10216198018031869,0.00016570126832559788,0.0040864792072127475,0.0022089408719319715
1.05,0.9500000000000001,0.9500000000000001,0.05,10,0.11583720013930267,-8.372660204222673e-05,0.004633488005572107,0.0024004706048282804
1.05,0.9500000000000001,0.9500000000000001,0.05,11,0.10902696886814724,-0.00022888347884673422,0.004361078754725889,0.002409422856209679
1.05,0.9500000000000001,0.9500000000000001,0.05,12,0.09018697977371298,5.727378227454277e-05,0.0036074791909485194,0.0018610133777488024
1.05,0.9500000000000001,0.9500000000000001,0.05,13,0.1223936612845703,5.164304413373764e-06,0.004895746451382812,0.0024530375301047794
1.05,0.9500000000000001,0.9500000000000001,0.05,14,0.0801539108673284,-1.0065798086525705e-06,0.003206156434693136,0.0016040847971552205
1.05,0.9500000000000001,0.9500000000000001,0.05,15,0.060278294053684796,-1.5108007393081936e-06,0.002411131762147392,0.0012070766818130041
1.05,0.9500000000000001,0.9500000000000001,0.1,1,0.0933267127850095,1.0215528508986734e-05,0.00373306851140038,0.0018767497842091768
1.05,0.9500000000000001,0.9500000000000001,0.1,2,0.1340004115123779,4.6704442887984105e-05,0.005360016460495116,0.002726712673135542
1.05,0.9500000000000001,0.9500000000000001,0.1,3,0.09526028496438313,-7.019710007310739e-05,0.003810411398575325,0.00197540279936077
1.05,0.9500000000000001,0.9500000000000001,0.1,4,0.12154004498718927,0.00027437099368585123,0.004861601799487571,0.002705171893429637
1.05,0.9500000000000001,0.9500000000000001,0.1,5,0.14400229756426808,5.451711492243465e-05,0.005760091902570723,0.0029345630662077965
1.05,0.9500000000000001,0.9500000000000001,0.1,6,0.0978671468419677,8.945250164032017e-06,0.003914685873678709,0.0019662881870033864
1.05,0.9500000000000001,0.9500000000000001,0.1,7,0.08030885488121434,-6.452252042024243e-05,0.0032123541952485735,0.0016706996180445293
1.05,0.9500000000000001,0.9500000000000001,0.1,8,0.09822944064586567,9.925230378379928e-05,0.003929177625834627,0.0020638411167011126
1.05,0.9500000000000001,0.9500000000000001,0.1,9,0.10496904825463886,-9.873904417498193e-05,0.004198761930185555,0.0021981200092677593
1.05,0.9500000000000001,0.9500000000000001,0.1,10,0.14688853702711727,-5.643746264388176e-05,0.005875541481084691,0.0029942082031862273
1.05,0.9500000000000001,0.9500000000000001,0.1,11,0.12647012523408108,-0.00024627381352858145,0.005058805009363243,0.002775676318210203
1.05,0.9500000000000001,0.9500000000000001,0.1,12,0.09789494642376328,6.320705741677186e-05,0.003915797856950532,0.0020211059858920377
1.05,0.9500000000000001,0.9500000000000001,0.1,13,0.13440134956312239,-5.3009622063668175e-05,0.005376053982524895,0.0027410366133261157
1.05,0.9500000000000001,0.9500000000000001,0.1,14,0.09809192637245863,-5.187828409287812e-06,0.003923677054898345,0.00196702635585846
1.05,0.9500000000000001,0.9500000000000001,0.1,15,0.05780232931480417,-1.4800422993698091e-06,0.002312093172592167,0.0011575266285954533
1.05,0.9500000000000001,0.9500000000000001,0.2,1,0.06279368670382568,1.7756567728838466e-05,0.002511747468153027,0.001273630301805352
1.05,0.9500000000000001,0.9500000000000001,0.2,2,0.1008746509481683,-3.0443761793496062e-05,0.004034986037926732,0.002047936780756862
1.05,0.9500000000000001,0.9500000000000001,0.2,3,0.07464243666439935,-4.028023579378432e-05,0.002985697466575974,0.0015331289690817713
1.05,0.9500000000000001,0.9500000000000001,0.2,4,0.10254480240163591,0.00013733655810616092,0.004101792096065437,0.002188232606138879
1.05,0.9500000000000001,0.9500000000000001,0.2,5,0.11641084097395704,9.386810266969168e-05,0.004656433638958282,0.0024220849221488327
1.05,0.9500000000000001,0.9500000000000001,0.2,6,0.07596329780174448,-2.487219688462468e-05,0.003038531912069779,0.0015441381529195143
1.05,0.9500000000000001,0.9500000000000001,0.2,7,0.07060876959071832,-5.706825867861216e-05,0.002824350783628733,0.0014692436504929786
1.05,0.9500000000000001,0.9500000000000001,0.2,8,0.08874366929675816,0.00014951252370228743,0.0035497467718703262,0.0019243859096374505
1.05,0.9500000000000001,0.9500000000000001,0.2,9,0.09188213357907268,-4.240862102258624e-05,0.0036752853431629073,0.00188005129260404
1.05,0.9500000000000001,0.9500000000000001,0.2,10,0.12221656738302061,-0.00012002669876207719,0.004888662695320825,0.0025643580464224896
1.05,0.9500000000000001,0.9500000000000001,0.2,11,0.11106914775199273,-0.00011878517534176847,0.004442765910079709,0.002340168130381623
1.05,0.9500000000000001,0.9500000000000001,0.2,12,0.07794746019998534,3.044135629418692e-05,0.003117898407999414,0.0015893905602938937
1.05,0.9500000000000001,0.9500000000000001,0.2,13,0.10145275980105484,2.7277285828749154e-05,0.004058110392042193,0.0020563324818498457
1.05,0.9500000000000001,0.9500000000000001,0.2,14,0.0706229540361342,-2.752562440503208e-05,0.002824918161445368,0.001439984705127716
1.05,0.9500000000000001,0.9500000000000001,0.2,15,0.05466784226121897,-3.966392323447092e-06,0.0021867136904487588,0.0010973232375478266
1.05,0.9500000000000001,1.0,0.05,1,0.0800817724095482,1.1767112502259893e-06,0.003203270896381928,0.00160281215944119
1.05,0.9500000000000001,1.0,0.05,2,0.12223611272621511,-3.4661397462320613e-06,0.004889444509048604,0.002448188394270534
1.05,0.9500000000000001,1.0,0.05,3,0.09007289169386527,-5.847789267448903e-05,0.003602915667754611,0.0018599357265517945
1.05,0.9500000000000001,1.0,0.05,4,0.11648790521732003,0.0002211556109787071,0.004659516208692801,0.0025509137153251074
1.05,0.9500000000000001,1.0,0.05,5,0.12095504803465246,8.114812620407208e-05,0.004838201921386099,0.0025002490868971214
1.05,0.9500000000000001,1.0,0.05,6,0.08429980372659013,-2.1450755808787754e-05,0.003371992149063605,0.0017074468303405904
1.05,0.9500000000000001,1.0,0.05,7,0.08197956020336244,-5.2940424324355334e-05,0.003279182408134498,0.0016925316283916043
1.05,0.9500000000000001,1.0,0.05,8,0.0985481755841548,0.00012121048313620835,0.003941927023366192,0.0020921739948193043
1.05,0.9500000000000001,1.0,0.05,9,0.1020547359790253,0.00016356961083611757,0.004082189439161012,0.0022046643304166236
1.05,0.9500000000000001,1.0,0.05,10,0.11569180788770125,-8.321100824251618e-05,0.0046276723155080505,0.0023970471659965414
1.05,0.9500000000000001,1.0,0.05,11,0.10886891643248578,-0.00022942554414702562,0.0043547566572994315,0.0024068038727967415
1.05,0.9500000000000001,1.0,0.05,12,0.090117188480096,5.66083397909608e-05,0.00360468753920384,0.001858952109392881
1.05,0.9500000000000001,1.0,0.05,13,0.12230058197313043,4.873435795064449e-06,0.004892023278925218,0.0024508850752576732
1.05,0.9500000000000001,1.0,0.05,14,0.08009663680855555,-1.149059843736207e-06,0.0032038654723422224,0.0016030817960148475
1.05,0.9500000000000001,1.0,0.05,15,0.060214876687563014,-1.6514319498562245e-06,0.0024085950675025204,0.0012059489657011164
1.05,0.9500000000000001,1.0,0.1,1,0.09314529152495223,1.0496048117402562e-05,0.003725811660998089,0.0018734018786164472
1.05,0.9500000000000001,1.0,0.1,2,0.13376029475471324,4.7463589942244066e-05,0.005350411790188529,0.002722669485036509
1.05,0.9500000000000001,1.0,0.1,3,0.09507625635362596,-6.984403693765572e-05,0.0038030502541450384,0.001971369164010175
1.05,0.9500000000000001,1.0,0.1,4,0.12132426434147321,0.00027319020542764417,0.004852970573658928,0.0026996754922571082
1.05,0.9500000000000001,1.0,0.1,5,0.14373208129603918,5.3036978921093016e-05,0.0057492832518415676,0.0029276786048418766
1.05,0.9500000000000001,1.0,0.1,6,0.09770149316721916,8.26344601527144e-06,0.003908059726688767,0.0019622933093596546
1.05,0.9500000000000001,1.0,0.1,7,0.08015034051586375,-6.437900528294979e-05,0.0032060136206345504,0.001667385815600225
1.05,0.9500000000000001,1.0,0.1,8,0.09807109155256655,9.752027256333014e-05,0.003922843662102662,0.0020589421036146614
1.05,0.9500000000000001,1.0,0.1,9,0.10477816937356144,-9.894064746936276e-05,0.004191126774942457,0.0021945040349405916
1.05,0.9500000000000001,1.0,0.1,10,0.14663626861171422,-5.645255857661307e-05,0.005865450744468569,0.0029891779308108975
1.05,0.9500000000000001,1.0,0.1,11,0.12625214527514886,-0.00024466340202198807,0.005050085811005954,0.0027697063075249654
1.05,0.9500000000000001,1.0,0.1,12,0.09772537869601544,6.371916034106976e-05,0.003909015147840617,0.0020182267342613784
1.05,0.9500000000000001,1.0,0.1,13,0.13418656669747336,-5.163333785425042e-05,0.005367462667898935,0.002735364671803718
1.05,0.9500000000000001,1.0,0.1,14,0.09795149688022563,-5.557571488350879e-06,0.003918059875209025,0.001964587509092863
1.05,0.9500000000000001,1.0,0.1,15,0.05768952473651149,-1.7452741057920186e-06,0.00230758098946046,0.0011555357688360218
1.05,0.9500000000000001,1.0,0.2,1,0.06270461179752737,1.777005161586748e-05,0.0025081844719010947,0.0012718622875664148
1.05,0.9500000000000001,1.0,0.2,2,0.10078280301672286,-3.0396280988468365e-05,0.0040313121206689145,0.0020460523413229257
1.05,0.9500000000000001,1.0,0.2,3,0.07455069008930337,-4.01858968104823e-05,0.002982027603572135,0.0015311996985965498
1.05,0.9500000000000001,1.0,0.2,4,0.10236260607300204,0.00013699610302997495,0.004094504242920082,0.002184248224490016
1.05,0.9500000000000001,1.0,0.2,5,0.11628387947086055,9.31061571794402e-05,0.004651355178834422,0.0024187837465966516
1.05,0.9500000000000001,1.0,0.2,6,0.07586086453918006,-2.353783012037249e-05,0.0030344345815672027,0.0015407551209039739
1.05,0.9500000000000001,1.0,0.2,7,0.07048195721783669,-5.6365946573952955e-05,0.0028192782887134678,0.0014660050909306869
1.05,0.9500000000000001,1.0,0.2,8,0.08860340736080864,0.00014463425388792271,0.003544136294432346,0.0019167024011040956
1.05,0.9500000000000001,1.0,0.2,9,0.09173254639341281,-4.41457448580772e-05,0.0036693018557365127,0.0018787966727263335
1.05,0.9500000000000001,1.0,0.2,10,0.12204858019636654,-0.0001171241533448004,0.004881943207854662,0.0025580957572721315
1.05,0.9500000000000001,1.0,0.2,11,0.11087606357471155,-0.00011847457571383279,0.0044350425429884625,0.002335995847208064
1.05,0.9500000000000001,1.0,0.2,12,0.07785037565372974,3.044103495078611e-05,0.0031140150261491895,0.001587448548025381
1.05,0.9500000000000001,1.0,0.2,13,0.10134190570370417,2.700385023344843e-05,0.004053676228148167,0.002053841964307532
1.05,0.9500000000000001,1.0,0.2,14,0.07052293360118485,-2.7249076614228023e-05,0.002820917344047394,0.001437707748637925
1.05,0.9500000000000001,1.0,0.2,15,0.05458231990194585,-3.894671700033052e-06,0.002183292796077834,0.00109554106973895
1.05,0.9500000000000001,1.05,0.05,1,0.08003296565070321,8.861525593935896e-07,0.0032013186260281285,0.0016015454655734578
1.05,0.9500000000000001,1.05,0.05,2,0.12214290486661955,-2.6646415991740937e-06,0.004885716194664782,0.002445522738931565
1.05,0.9500000000000001,1.05,0.05,3,0.09000693879885141,-5.833629242378456e-05,0.0036002775519540565,0.0018584750684008128
1.05,0.9500000000000001,1.05,0.05,4,0.11640570347599685,0.00022098951477204362,0.004656228139039874,0.0025491035842919807
1.05,0.9500000000000001,1.05,0.05,5,0.12087377212372527,7.999026049320364e-05,0.004834950884949011,0.002497465702967709
1.05,0.9500000000000001,1.05,0.05,6,0.08422850327084354,-2.0618860691437993e-05,0.0033691401308337415,0.0017051889261083088
1.05,0.9500000000000001,1.05,0.05,7,0.08190852310496974,-5.154812277880256e-05,0.0032763409241987895,0.0016897185848781973
1.05,0.9500000000000001,1.05,0.05,8,0.09845964364885347,0.00011943645832710346,0.003938385745954139,0.0020886293313041727
1.05,0.9500000000000001,1.05,0.05,9,0.10195803855749562,0.00016093324882018054,0.004078321542299825,0.002200094019970093
1.05,0.9500000000000001,1.05,0.05,10,0.1155575540556365,-8.227031328530285e-05,0.0046223021622254605,0.002393421394398033
1.05,0.9500000000000001,1.05,0.05,11,0.1087217435574952,-0.0002299839705325995,0.004348869742299808,0.002404418841682504
1.05,0.9500000000000001,1.05,0.05,12,0.0900546183831456,5.596229881691115e-05,0.003602184735325824,0.0018570546664798233
1.05,0.9500000000000001,1.05,0.05,13,0.12221701059875566,4.180514652760284e-06,0.004888680423950227,0.002448520726627874
1.05,0.9500000000000001,1.05,0.05,14,0.08004489082203921,-8.793158565135816e-07,0.0032017956328815682,0.0016017771322972977
1.05,0.9500000000000001,1.05,0.05,15,0.0601580771411816,-1.792022024886522e-06,0.002406323085647264,0.0012049535648485186
1.05,0.9500000000000001,1.05,0.1,1,0.09298230303671447,9.957172153299686e-06,0.0037192921214685786,0.001869603232887589
1.05,0.9500000000000001,1.05,0.1,2,0.13354668847717502,4.902109023698776e-05,0.005341867539087001,0.0027199548597804882
1.05,0.9500000000000001,1.05,0.1,3,0.0949128733632568,-6.952970066532417e-05,0.0037965149345302717,0.00196778716793046
1.05,0.9500000000000001,1.05,0.1,4,0.12113195611764048,0.00027204362844157625,0.004845278244705619,0.0026946827507943858
1.05,0.9500000000000001,1.05,0.1,5,0.14349165601415076,5.073781680943178e-05,0.005739666240566031,0.002920570937092447
1.05,0.9500000000000001,1.05,0.1,6,0.09755445351192862,8.40690535843838e-06,0.003902178140477145,0.001959495975597011
1.05,0.9500000000000001,1.05,0.1,7,0.0800099333062064,-6.423542924689895e-05,0.003200397332248256,0.001664434095371027
1.05,0.9500000000000001,1.05,0.1,8,0.09793254624419061,9.57865124045462e-05,0.003917301849767624,0.0020544374372883584
1.05,0.9500000000000001,1.05,0.1,9,0.1046075831072469,-0.00010001627299506579,0.004184303324289876,0.0021921679351400037
1.05,0.9500000000000001,1.05,0.1,10,0.14641414805527395,-5.564913180847007e-05,0.005856565922210958,0.002983932092913949
1.05,0.9500000000000001,1.05,0.1,11,0.1260594249857551,-0.0002430858503540563,0.005042376999430204,0.0027642743500691583
1.05,0.9500000000000001,1.05,0.1,12,0.09757651661855662,6.427033463166022e-05,0.003903060664742265,0.0020158006670027927
1.05,0.9500000000000001,1.05,0.1,13,0.13399808662688323,-5.10528587199762e-05,0.005359923465075329,0.0027310145912576404
1.05,0.9500000000000001,1.05,0.1,14,0.0978295164978332,-5.104458909110308e-06,0.003913180659913328,0.0019616947888657743
1.05,0.9500000000000001,1.05,0.1,15,0.0575895711852408,-2.0105082038063193e-06,0.0023035828474096322,0.0011538019319086224
1.05,0.9500000000000001,1.05,0.2,1,0.06262590038117276,1.6678703247369628e-05,0.0025050360152469105,0.0012691967108708249
1.05,0.9500000000000001,1.05,0.2,2,0.1007077154144246,-2.9303706193127156e-05,0.0040283086165769835,0.0020434580144816188
1.05,0.9500000000000001,1.05,0.2,3,0.07447087576377237,-4.01364915943903e-05,0.0029788350305508947,0.0015295540068698376
1.05,0.9500000000000001,1.05,0.2,4,0.10219704721939603,0.000136688622670262,0.004087881888775841,0.0021806295670581824
1.05,0.9500000000000001,1.05,0.2,5,0.11617292825186676,9.131110484332573e-05,0.00464691713007467,0.0024147696698806607
1.05,0.9500000000000001,1.05,0.2,6,0.0757646698681282,-2.1132555874988326e-05,0.003030586794725128,0.0015364259532375524
1.05,0.9500000000000001,1.05,0.2,7,0.07036601229315598,-5.565968367253615e-05,0.0028146404917262394,0.0014629799295356558
1.05,0.9500000000000001,1.05,0.2,8,0.08847383335461205,0.00013973969130272874,0.0035389533341844822,0.0019092163583949698
1.05,0.9500000000000001,1.05,0.2,9,0.0915925790474334,-4.6933077371986015e-05,0.003663703161897336,0.0018787846583206542
1.05,0.9500000000000001,1.05,0.2,10,0.121899155933806,-0.00011319686034455068,0.00487596623735224,0.0025511799790206707
1.05,0.9500000000000001,1.05,0.2,11,0.1106979563395181,-0.0001181947291016948,0.0044279182535807236,0.0023321538558920565
1.05,0.9500000000000001,1.05,0.2,12,0.07776698968382453,3.0488169649163502e-05,0.0031106795873529812,0.0015858279633256542
1.05,0.9500000000000001,1.05,0.2,13,0.10124714748971604,2.5685886758385663e-05,0.004049885899588642,0.0020506288365527065
1.05,0.9500000000000001,1.05,0.2,14,0.07044679862119904,-2.5900772846608998e-05,0.0028178719448479616,0.0014348367452705897
1.05,0.9500000000000001,1.05,0.2,15,0.054504264260221674,-3.8227347594008366e-06,0.002180170570408867,0.0010939080199638344
1.05,0.9500000000000001,1.1,0.05,1,0.07998873593312195,2.4811059329799635e-07,0.003199549437324878,0.001600022829255737
1.05,0.9500000000000001,1.1,0.05,2,0.12205788497604347,-1.5228841378849061e-06,0.004882315399041739,0.002442680583658754
1.05,0.9500000000000001,1.1,0.05,3,0.08994716930388125,-5.8211564964168495e-05,0.00359788677215525,0.0018571549510417935
1.05,0.9500000000000001,1.1,0.05,4,0.11633320098891638,0.00022083702471334296,0.004653328039556655,0.0025475010444916705
1.05,0.9500000000000001,1.1,0.05,5,0.12080255540299155,7.846946568228365e-05,0.004832102216119662,0.0024945205737421147
1.05,0.9500000000000001,1.1,0.05,6,0.08416318415262203,-1.9399892363410503e-05,0.003366527366104881,0.001702663575415851
1.05,0.9500000000000001,1.1,0.05,7,0.08184414143223306,-5.0154944005064244e-05,0.0032737656572893225,0.0016870377726497254
1.05,0.9500000000000001,1.1,0.05,8,0.09838026949230991,0.00011766010533592562,0.003935210779692396,0.002085265495182124
1.05,0.9500000000000001,1.1,0.05,9,0.10187047035872222,0.00015786235206466788,0.004074818814348889,0.002195271759239112
1.05,0.9500000000000001,1.1,0.05,10,0.11543293850742745,-8.096369479361102e-05,0.004617317540297098,0.00238962246494216
1.05,0.9500000000000001,1.1,0.05,11,0.10858397032262655,-0.00023055645962998574,0.004343358812905062,0.002402235866082517
1.05,0.9500000000000001,1.1,0.05,12,0.08999830923883455,5.5332945547866016e-05,0.003599932369553382,0.001855299130324557
1.05,0.9500000000000001,1.1,0.05,13,0.12214164689531223,3.141561502805133e-06,0.004885665875812489,0.0024459744994090498
1.05,0.9500000000000001,1.1,0.05,14,0.0799979179453643,-2.5481267415795015e-07,0.0031999167178145722,0.001600213171581444
1.05,0.9500000000000001,1.1,0.05,15,0.06010701131323379,-1.932576583465819e-06,0.0024042804525293516,0.0012040728028481415
1.05,0.9500000000000001,1.1,0.1,1,0.09283523067579055,8.713668041115586e-06,0.003713409227031622,0.0018654182815569266
1.05,0.9500000000000001,1.1,0.1,2,0.1333559827022896,5.12651835496616e-05,0.005334239308091584,0.0027183848375954534
1.05,0.9500000000000001,1.1,0.1,3,0.09476734150216398,-6.92486523485484e-05,0.0037906936600865596,0.0019645954823918283
1.05,0.9500000000000001,1.1,0.1,4,0.12095990802896875,0.0002709264431635183,0.00483839632115875,0.0026901246037428933
1.05,0.9500000000000001,1.1,0.1,5,0.14327697595004732,4.773423299893792e-05,0.0057310790380018925,0.0029132737519998843
1.05,0.9500000000000001,1.1,0.1,6,0.09742347584870478,9.260054198022687e-06,0.0038969390339481914,0.0019577295711721183
1.05,0.9500000000000001,1.1,0.1,7,0.07988514118473851,-6.409179684777916e-05,0.0031954056473895405,0.0016617946205425495
1.05,0.9500000000000001,1.1,0.1,8,0.09781105913510377,9.405125598881494e-05,0.003912442365404151,0.0020502724386908906
1.05,0.9500000000000001,1.1,0.1,9,0.1044545084419898,-0.00010184364684909814,0.004178180337679592,0.002190933815688894
1.05,0.9500000000000001,1.1,0.1,10,0.14621802939762174,-5.414171834167874e-05,0.00584872117590487,0.002978502306294114
1.05,0.9500000000000001,1.1,0.1,11,0.12588846234385967,-0.0002415365248061561,0.005035538493754387,0.0027593057716833497
1.05,0.9500000000000001,1.1,0.1,12,0.09744551174441668,6.485509393287892e-05,0.0038978204697766674,0.0020137653288212127
1.05,0.9500000000000001,1.1,0.1,13,0.1338323042924326,-5.115677402035989e-05,0.005353292171697304,0.002727802859869012
1.05,0.9500000000000001,1.1,0.1,14,0.09772345696828183,-3.943737552642603e-06,0.003908938278731273,0.001958412876918279
1.05,0.9500000000000001,1.1,0.1,15,0.05750069802395748,-2.275744227817484e-06,0.0023000279209582993,0.0011522897047069672
1.05,0.9500000000000001,1.1,0.2,1,0.06255625539178294,1.4638542465095797e-05,0.0025022502156713177,0.0012657636503007547
1.05,0.9500000000000001,1.1,0.2,2,0.10064699355948672,-2.7313650927249087e-05,0.004025879742379469,0.0020402535221169834
1.05,0.9500000000000001,1.1,0.2,3,0.0744012785404493,-4.012563933117452e-05,0.002976051141617972,0.0015281512101401606
1.05,0.9500000000000001,1.1,0.2,4,0.102045819485095,0.00013640938377224395,0.0040818327794038,0.002177325773474144
1.05,0.9500000000000001,1.1,0.2,5,0.11607567284528675,8.862892223941983e-05,0.00464302691381147,0.0024101423791451546
1.05,0.9500000000000001,1.1,0.2,6,0.07567375635327195,-1.7807744710507685e-05,0.003026950254130878,0.0015312828717759467
1.05,0.9500000000000001,1.1,0.2,7,0.07025937474725542,-5.4950007920036155e-05,0.002810374989890217,0.0014601375028651447
1.05,0.9500000000000001,1.1,0.2,8,0.08835336321914754,0.00013483106947746585,0.0035341345287659017,0.0019018983338604167
1.05,0.9500000000000001,1.1,0.2,9,0.09146073022585362,-5.062208449910843e-05,0.003658429209034145,0.0018798366890161809
1.05,0.9500000000000001,1.1,0.2,10,0.12176555780931267,-0.00010838964999392654,0.004870622312372507,0.00254370080618018
1.05,0.9500000000000001,1.1,0.2,11,0.11053262894673802,-0.00011794120727248248,0.004421305157869521,0.002328593786207243
1.05,0.9500000000000001,1.1,0.2,12,0.07769535643585027,3.0576032649862496e-05,0.0031078142574340107,0.0015844831613668678
1.05,0.9500000000000001,1.1,0.2,13,0.10116634700327617,2.3470929372261458e-05,0.004046653880131047,0.0020467978694377847
1.05,0.9500000000000001,1.1,0.2,14,0.07039116060827638,-2.363220367570039e-05,0.0028156464243310553,0.001431455415841228
1.05,0.9500000000000001,1.1,0.2,15,0.054432545870306534,-3.750611219199804e-06,0.0021773018348122614,0.0010924015286253306
1.05,1.0,0.9,0.05,1,0.07309333831758319,6.589914546916741e-07,0.0029237335327033276,0.0014625257578063555
1.05,1.0,0.9,0.05,2,0.11083423333723484,-5.125627423671814e-06,0.004433369333489394,0.0022218102941683688
1.05,1.0,0.9,0.05,3,0.08087160300992285,-7.26454239652258e-05,0.0032348641203969143,0.001690077484163683
1.05,1.0,0.9,0.05,4,0.10443662271740917,0.00027329380204115753,0.004177464908696367,0.002362026256389341
1.05,1.0,0.9,0.05,5,0.1108204858420303,0.0001017017077018342,0.004432819433681213,0.0023181114245424406
1.05,1.0,0.9,0.05,6,0.0760455836832622,-2.6787150750943947e-05,0.003041823347330488,0.001547698824416188
1.05,1.0,0.9,0.05,7,0.07220383541432863,-6.819449316509182e-05,0.0028881534165731454,0.0015122712014516645
1.05,1.0,0.9,0.05,8,0.086797890291532,0.00015236633746582817,0.0034719156116612797,0.001888324143296468
1.05,1.0,0.9,0.05,9,0.08961686365917942,0.0002044172131072406,0.003584674546367177,0.001996754486290829
1.05,1.0,0.9,0.05,10,0.10724698354424708,-0.00010394802648538932,0.004289879341769883,0.002248887697370331
1.05,1.0,0.9,0.05,11,0.1003941180736879,-0.00028180889335808123,0.004015764722947516,0.002289691254831839
1.05,1.0,0.9,0.05,12,0.08092086660928947,7.159333818656071e-05,0.003236834664371579,0.0016900106703723503
1.05,1.0,0.9,0.05,13,0.1108667022342825,6.556917539977308e-06,0.0044346680893712995,0.002223890962225627
1.05,1.0,0.9,0.05,14,0.0731100385964659,-5.771962821296808e-07,0.002924401543858636,0.0014627779682114478
1.05,1.0,0.9,0.05,15,0.052295804611210785,-1.5889583618467869e-06,0.0020918321844484314,0.0010475050505860625
1.05,1.0,0.9,0.1,1,0.07216687476776919,1.1390242541307863e-05,0.0028866749907107674,0.0014547277378966915
1.05,1.0,0.9,0.1,2,0.10395432501435178,5.487143240483654e-05,0.004158173000574071,0.002133957932691872
1.05,1.0,0.9,0.1,3,0.07424547206340373,-8.729328407049746e-05,0.0029698188825361496,0.0015722027253385722
1.05,1.0,0.9,0.1,4,0.09843029921246005,0.00033905877484489305,0.003937211968498402,0.002307664759094094
1.05,1.0,0.9,0.1,5,0.11428520617355417,7.026843688777116e-05,0.004571408246942167,0.002355972560358855
1.05,1.0,0.9,0.1,6,0.08066995413472405,1.2469863744895776e-05,0.0032267981653889624,0.0016258689464393769
1.05,1.0,0.9,0.1,7,0.06462385324047563,-7.907213577797571e-05,0.0025849541296190256,0.0013715492005874886
1.05,1.0,0.9,0.1,8,0.08277072273934447,0.00012432943641455527,0.0033108289095737787,0.0017797438912014445
1.05,1.0,0.9,0.1,9,0.09062965355970859,-0.00011910684236188978,0.0036251861423883436,0.0019316999135560616
1.05,1.0,0.9,0.1,10,0.1185620582773583,-7.120350343552118e-05,0.004742482331094332,0.002442444668982687
1.05,1.0,0.9,0.1,11,0.10386623093657234,-0.0003060221403693185,0.004154649237462894,0.0023833467591007655
1.05,1.0,0.9,0.1,12,0.07934526351932597,7.776187383209113e-05,0.0031738105407730388,0.0016646671442186105
1.05,1.0,0.9,0.1,13,0.10475294691172318,-6.521364368016207e-05,0.004190117876468927,0.0021602725819146254
1.05,1.0,0.9,0.1,14,0.0815468228054333,-5.249383921872487e-06,0.003261872912217332,0.0016361858400305385
1.05,1.0,0.9,0.1,15,0.04971348388650998,-1.4333172364408948e-06,0.001988539355460399,0.0009957029949666403
1.05,1.0,0.9,0.2,1,0.05878519208733056,2.029207401162427e-05,0.0023514076834932223,0.0011959959157582353
1.05,1.0,0.9,0.2,2,0.09244252490869456,-3.690777803051273e-05,0.0036977009963477824,0.001885758276204404
1.05,1.0,0.9,0.2,3,0.06814580409689175,-5.029382979040801e-05,0.00272583216387567,0.001413209911728243
1.05,1.0,0.9,0.2,4,0.09295191455954219,0.00017013411506780496,0.0037180765823816874,0.0020291724062586488
1.05,1.0,0.9,0.2,5,0.10693729357153003,0.00011610419583887985,0.004277491742861202,0.002254850067269481
1.05,1.0,0.9,0.2,6,0.06944710132288319,-3.096592194025522e-05,0.0027778840529153275,0.001419907948397919
1.05,1.0,0.9,0.2,7,0.06448486424216485,-7.050527966085627e-05,0.002579394569686594,0.0013602025645041533
1.05,1.0,0.9,0.2,8,0.08350492132640087,0.00018831747236374335,0.0033401968530560352,0.001858415898891761
1.05,1.0,0.9,0.2,9,0.0858430056378714,-4.9284039100356224e-05,0.003433720225514856,0.001766144151857784
1.05,1.0,0.9,0.2,10,0.11283456417040182,-0.00015102412470672464,0.004513382566816073,0.002407715408114761
1.05,1.0,0.9,0.2,11,0.10179139572127682,-0.00014810064659960518,0.004071655828851073,0.0021839285610251416
1.05,1.0,0.9,0.2,12,0.07354549078030624,3.815856119227237e-05,0.0029418196312122496,0.001509068376798397
1.05,1.0,0.9,0.2,13,0.09356807658447075,3.338560250591346e-05,0.00374272306337883,0.0019047471341953283
1.05,1.0,0.9,0.2,14,0.06821137540706226,-3.268075160577015e-05,0.0027284550162824904,0.0013969082597470154
1.05,1.0,0.9,0.2,15,0.05221558439744163,-4.580652214714188e-06,0.0020886233758976654,0.001048892340163547
1.05,1.0,0.9500000000000001,0.05,1,0.0730191639504094,1.2191901792478412e-06,0.002920766558016376,0.0014616024691874359
1.05,1.0,0.9500000000000001,0.05,2,0.1107026535824005,-5.030847269151009e-06,0.00442810614329602,0.0022190839189171613
1.05,1.0,0.9500000000000001,0.05,3,0.08077521783290173,-7.243690787361724e-05,0.0032310087133160695,0.0016879412645316519
1.05,1.0,0.9500000000000001,0.05,4,0.10431353293258155,0.00027304373067899,0.004172541317303262,0.002359314389330621
1.05,1.0,0.9500000000000001,0.05,5,0.11076589344251096,0.00010123239920864585,0.0044306357377004385,0.002316550268058865
1.05,1.0,0.9500000000000001,0.05,6,0.07595400288430484,-2.6755883844181617e-05,0.003038160115372194,0.0015458359415302786
1.05,1.0,0.9500000000000001,0.05,7,0.07210298668564037,-6.64481908611568e-05,0.002884119467425615,0.0015085079245739641
1.05,1.0,0.9500000000000001,0.05,8,0.08667162238926758,0.00015020164355868175,0.003466864895570703,0.0018836340913440334
1.05,1.0,0.9500000000000001,0.05,9,0.08948358389399277,0.00020230800951901944,0.003579343355759711,0.001991979687398875
1.05,1.0,0.9500000000000001,0.05,10,0.10712771026664152,-0.0001037588845469977,0.0042851084106656605,0.0022463130898798278
1.05,1.0,0.9500000000000001,0.05,11,0.10022226745699737,-0.00028246363934383465,0.004008890698279895,0.002286908988483782
1.05,1.0,0.9500000000000001,0.05,12,0.08082786461427144,7.07557198526469e-05,0.0032331145845708575,0.0016873130121380757
1.05,1.0,0.9500000000000001,0.05,13,0.11074571142404517,6.606607324883374e-06,0.004429828456961807,0.002221520835805787
1.05,1.0,0.9500000000000001,0.05,14,0.07303217864028881,-1.1676470606773346e-06,0.0029212871456115526,0.0014618112198664535
1.05,1.0,0.9500000000000001,0.05,15,0.05222094716833847,-1.747272740157452e-06,0.002088837886733539,0.001046166216106927
1.05,1.0,0.9500000000000001,0.1,1,0.0719648660341265,1.2517555412548963e-05,0.00287859464136506,0.001451814876095079
1.05,1.0,0.9500000000000001,0.1,2,0.10374185865461781,5.50267758315377e-05,0.004149674346184713,0.002129863948923894
1.05,1.0,0.9500000000000001,0.1,3,0.07408031026934313,-8.681594300315804e-05,0.002963212410773725,0.0015684221483900206
1.05,1.0,0.9500000000000001,0.1,4,0.098248428577777,0.0003375756947486858,0.00392993714311108,0.0023025442663042258
1.05,1.0,0.9500000000000001,0.1,5,0.11403519603613063,6.923582970680612e-05,0.004561407841445225,0.002349939750429419
1.05,1.0,0.9500000000000001,0.1,6,0.08049949460491021,1.0844310641415199e-05,0.0032199797841964083,0.0016208342027396194
1.05,1.0,0.9500000000000001,0.1,7,0.06450073438821678,-7.890778643618735e-05,0.0025800293755286713,0.0013689224742005229
1.05,1.0,0.9500000000000001,0.1,8,0.08268427590795843,0.00012215518354116806,0.003307371036318337,0.0017758407017003366
1.05,1.0,0.9500000000000001,0.1,9,0.09045409620628234,-0.00011855941889593537,0.0036181638482512936,0.0019276413430215822
1.05,1.0,0.9500000000000001,0.1,10,0.11835205091896231,-7.199362101504363e-05,0.004734082036758493,0.0024390346393942898
1.05,1.0,0.9500000000000001,0.1,11,0.10370348201846873,-0.0003040167216711279,0.004148139280738749,0.002378086362040503
1.05,1.0,0.9500000000000001,0.1,12,0.07920369920646078,7.835090517740115e-05,0.0031681479682584314,0.0016624248893066169
1.05,1.0,0.9500000000000001,0.1,13,0.10455867921032322,-6.275347007564367e-05,0.004182347168412929,0.0021539270542821082
1.05,1.0,0.9500000000000001,0.1,14,0.0814270375190414,-6.460691891070074e-06,0.0032570815007616563,0.0016350014422718982
1.05,1.0,0.9500000000000001,0.1,15,0.0496451858969016,-1.7223380783067223e-06,0.001985807435876064,0.0009946260560163387
1.05,1.0,0.9500000000000001,0.2,1,0.058627385667971946,2.124038382816869e-05,0.002345095426718878,0.0011937880971876077
1.05,1.0,0.9500000000000001,0.2,2,0.09234360504221636,-3.776397156929488e-05,0.0036937442016886546,0.0018846360724136223
1.05,1.0,0.9500000000000001,0.2,3,0.0680577451401304,-5.0146813382799005e-05,0.002722309805605216,0.001411301716185407
1.05,1.0,0.9500000000000001,0.2,4,0.09279520208478655,0.00016970087855126486,0.0037118080833914617,0.0020256049202469957
1.05,1.0,0.9500000000000001,0.2,5,0.10682547557641231,0.00011603689952521694,0.004273019023056493,0.002252546411053463
1.05,1.0,0.9500000000000001,0.2,6,0.06935263999569309,-3.025194374721178e-05,0.0027741055998277237,0.0014173047436610736
1.05,1.0,0.9500000000000001,0.2,7,0.06439993657743992,-6.963758376358883e-05,0.0025759974630975967,0.0013576363153123873
1.05,1.0,0.9500000000000001,0.2,8,0.0834494648387499,0.00018243527266376851,0.003337978593549996,0.0018514245694387665
1.05,1.0,0.9500000000000001,0.2,9,0.08576067188311455,-5.05193645364962e-05,0.0034304268753245822,0.0017657328021987873
1.05,1.0,0.9500000000000001,0.2,10,0.11271432591102845,-0.0001483526123988486,0.004508573036441138,0.002402639130619418
1.05,1.0,0.9500000000000001,0.2,11,0.1016319638759837,-0.00014770361512149674,0.004065278555039348,0.0021803428926411707
1.05,1.0,0.9500000000000001,0.2,12,0.07346945564592816,3.813962403103342e-05,0.0029387782258371263,0.0015075287369495966
1.05,1.0,0.9500000000000001,0.2,13,0.09344312617928777,3.3939719534262753e-05,0.0037377250471715105,0.001902802243120018
1.05,1.0,0.9500000000000001,0.2,14,0.06812588742539048,-3.323691894381381e-05,0.0027250354970156194,0.0013957546674516236
1.05,1.0,0.9500000000000001,0.2,15,0.05217859030179623,-4.49994340856701e-06,0.0020871436120718494,0.0010480717494444917
1.05,1.0,1.0,0.05,1,0.07295259379788574,1.320568576933183e-06,0.0029181037519154297,0.001460372444534648
1.05,1.0,1.0,0.05,2,0.11058434152440931,-4.482034070938525e-06,0.004423373660976372,0.0022161688645591245
1.05,1.0,1.0,0.05,3,0.08068877811017934,-7.224684167192203e-05,0.0032275511244071737,0.001686022403875509
1.05,1.0,1.0,0.05,4,0.10420558752363662,0.0002728081221724995,0.004168223500945465,0.002356919872645232
1.05,1.0,1.0,0.05,5,0.11072559499456788,0.00010028203299456121,0.0044290237997827156,0.002314793932885919
1.05,1.0,1.0,0.05,6,0.0758716024548028,-2.622643158059099e-05,0.0030348640981921124,0.0015436584806766472
1.05,1.0,1.0,0.05,7,0.07201242724748147,-6.470095169424046e-05,0.0028804970898992587,0.00150494949664387
1.05,1.0,1.0,0.05,8,0.0865592484457708,0.0001480344174669807,0.003462369937830832,0.0018792193863823967
1.05,1.0,1.0,0.05,9,0.08936401877499088,0.00019963422605129755,0.0035745607509996354,0.001986914601551115
1.05,1.0,1.0,0.05,10,0.1070237872530652,-0.00010308338239651485,0.004280951490122608,0.002243559127457819
1.05,1.0,1.0,0.05,11,0.10006527827922596,-0.00028313351374183236,0.004002611131169038,0.002284439079326351
1.05,1.0,1.0,0.05,12,0.08074482589069243,6.993626103194122e-05,0.0032297930356276973,0.0016848327788457898
1.05,1.0,1.0,0.05,13,0.11063815835363663,6.196084904961699e-06,0.004425526334145466,0.0022189592519776943
1.05,1.0,1.0,0.05,14,0.07296209048675244,-1.2936153902833172e-06,0.0029184836194700975,0.001460535425125332
1.05,1.0,1.0,0.05,15,0.05215448950258886,-1.9055330861786811e-06,0.0020861795801035542,0.0010449953231379558
1.05,1.0,1.0,0.1,1,0.07178581662502087,1.2746931622673797e-05,0.002871432665000835,0.0014484632641230913
1.05,1.0,1.0,0.1,2,0.10356094833680084,5.606659867334278e-05,0.004142437933472034,0.0021272855654093595
1.05,1.0,1.0,0.1,3,0.07393840726912776,-8.637377707550227e-05,0.0029575362907651105,0.0015651419224580576
1.05,1.0,1.0,0.1,4,0.09809221287272551,0.0003361234302747208,0.003923688514909021,0.002297967687729231
1.05,1.0,1.0,0.1,5,0.11381950527583062,6.730546820755329e-05,0.004552780211033225,0.0023436955737241656
1.05,1.0,1.0,0.1,6,0.08035220863533679,1.012422122477602e-05,0.0032140883454134716,0.0016171683939315118
1.05,1.0,1.0,0.1,7,0.06439648523263014,-7.874334101730415e-05,0.002575859409305206,0.001366673045669907
1.05,1.0,1.0,0.1,8,0.08261781365227275,0.00011997888951394446,0.00330471254609091,0.0017723351625593994
1.05,1.0,1.0,0.1,9,0.09030253432163574,-0.0001189503002696614,0.0036121013728654294,0.0019250009867023761
1.05,1.0,1.0,0.1,10,0.11817663158575234,-7.188798189011015e-05,0.004727065263430094,0.002435420613605157
1.05,1.0,1.0,0.1,11,0.10356785658079563,-0.00030203860741349155,0.004142714263231826,0.0023733957390294044
1.05,1.0,1.0,0.1,12,0.07908568533627143,7.897479349761333e-05,0.0031634274134508572,0.001660688500223042
1.05,1.0,1.0,0.1,13,0.10439554938897332,-6.117514684035523e-05,0.004175821975558933,0.0021490861346198215
1.05,1.0,1.0,0.1,14,0.0813302278609527,-6.769999785291613e-06,0.0032532091144381083,0.0016333745570043458
1.05,1.0,1.0,0.1,15,0.04958896220091294,-2.011336548252791e-06,0.0019835584880365177,0.0009937905805665116
1.05,1.0,1.0,0.2,1,0.058487370230636965,2.10685516981561e-05,0.002339494809225479,0.0011908159563108955
1.05,1.0,1.0,0.2,2,0.09227488894459844,-3.7552941275443774e-05,0.003690995557783938,0.0018830507201674127
1.05,1.0,1.0,0.2,3,0.06798878321600507,-5.003748411022859e-05,0.002719551328640203,0.00140981314843033
1.05,1.0,1.0,0.2,4,0.09266290742376067,0.00016929459814095792,0.003706516296950427,0.002022552746616171
1.05,1.0,1.0,0.2,5,0.10674080772211178,0.00011491912274881684,0.004269632308884472,0.0022497352771910528
1.05,1.0,1.0,0.2,6,0.06928260616917951,-2.8464293042322257e-05,0.0027713042467671805,0.0014141164164259126
1.05,1.0,1.0,0.2,7,0.06432937448002629,-6.87670019242116e-05,0.0025731749792010515,0.0013553544915247374
1.05,1.0,1.0,0.2,8,0.08340570386969945,0.00017654099454509172,0.003336228154787978,0.0018446550719390807
1.05,1.0,1.0,0.2,9,0.08569113495422923,-5.28045123012632e-05,0.003427645398169169,0.0017666272113858478
1.05,1.0,1.0,0.2,10,0.1126221991849374,-0.00014464371675689179,0.004504887967397496,0.00239708770045564
1.05,1.0,1.0,0.2,11,0.10149419547127014,-0.00014733026107503544,0.0040597678188508055,0.0021772141705004382
1.05,1.0,1.0,0.2,12,0.07341423122816956,3.8158795950902074e-05,0.0029365692491267826,0.0015064434205142934
1.05,1.0,1.0,0.2,13,0.0933468463133532,3.342928908303874e-05,0.0037338738525341283,0.0019003662153501029
1.05,1.0,1.0,0.2,14,0.06807007620806846,-3.27209137743642e-05,0.0027228030483227384,0.0013941224379357335
1.05,1.0,1.0,0.2,15,0.05214750057209884,-4.419008159205666e-06,0.0020859000228839538,0.0010473690196011825
1.05,1.0,1.05,0.05,1,0.07289254380612512,1.0302954892740424e-06,0.0029157017522450047,0.0014588811716117764
1.05,1.0,1.05,0.05,2,0.11047744292448863,-3.5456176178511566e-06,0.0044190977169795455,0.002213094476107624
1.05,1.0,1.05,0.05,3,0.08061087683589216,-7.207251610556369e-05,0.0032244350734356862,0.0016842900528234069
1.05,1.0,1.05,0.05,4,0.1041106913667447,0.000272584837620844,0.004164427654669788,0.002354798664955738
1.05,1.0,1.05,0.05,5,0.11069759871306056,9.892092547513917e-05,0.0044279039485224225,0.00231287289973635
1.05,1.0,1.05,0.05,6,0.07579709891627348,-2.5271634144763152e-05,0.0030318839566509394,0.0015412136124702328
1.05,1.0,1.05,0.05,7,0.07193068732536029,-6.295290813491509e-05,0.0028772274930144114,0.0015015666546421209
1.05,1.0,1.05,0.05,8,0.08645877878658537,0.0001458650198044958,0.003458351151463415,0.0018750405955362032
1.05,1.0,1.05,0.05,9,0.08925621250709567,0.0001964782712069067,0.0035702485002838268,0.00198160252134882
1.05,1.0,1.05,0.05,10,0.10693303457042738,-0.0001019925970349763,0.0042773213828170955,0.002240653288443524
1.05,1.0,1.05,0.05,11,0.09992103231609001,-0.0002838162822716995,0.0039968412926436004,0.0022822369285935
1.05,1.0,1.05,0.05,12,0.08067035945535425,6.913229411137522e-05,0.00322681437821417,0.0016825394832184603
1.05,1.0,1.05,0.05,13,0.11054211970763914,5.392670463305307e-06,0.004421684788305565,0.002216235064616088
1.05,1.0,1.05,0.05,14,0.07289865654873295,-1.0230860098407428e-06,0.002915946261949318,0.0014589962169844998
1.05,1.0,1.05,0.05,15,0.05209525731375499,-2.063747167064969e-06,0.0020838102925502,0.001043968893442165
1.05,1.0,1.05,0.1,1,0.0716264594264076,1.2210369448390195e-05,0.002865058377056304,0.0014447395579765421
1.05,1.0,1.05,0.1,2,0.10340704299692421,5.786095494381587e-05,0.004136281719876968,0.0021260018148823
1.05,1.0,1.05,0.1,3,0.07381640406189915,-8.596160107385388e-05,0.0029526561624759664,0.0015622896823118371
1.05,1.0,1.05,0.1,4,0.09795791712148631,0.000334697422317717,0.003918316684859453,0.0022938557647474433
1.05,1.0,1.05,0.1,5,0.11363317366748628,6.460921668598985e-05,0.004545326946699451,0.0023372726900357152
1.05,1.0,1.05,0.1,6,0.08022476561528194,1.0176505544835695e-05,0.0032089906246112777,0.0016146718178504747
1.05,1.0,1.05,0.1,7,0.06430834595080347,-7.857881012664926e-05,0.002572333838032139,0.0013647457291427187
1.05,1.0,1.05,0.1,8,0.08256838067014596,0.0001178008442786055,0.0033027352268058387,0.0017691684576815248
1.05,1.0,1.05,0.1,9,0.09017151363145369,-0.00012014166060208084,0.0036068605452581476,0.0019235719332311547
1.05,1.0,1.05,0.1,10,0.11803076232368714,-7.101816480978003e-05,0.004721230492947486,0.0024316334112835227
1.05,1.0,1.05,0.1,11,0.10345535841812237,-0.00030008374509346846,0.004138214336724895,0.0023691909134559157
1.05,1.0,1.05,0.1,12,0.07898781217720788,7.962839877016968e-05,0.003159512487088315,0.0016593846423143272
1.05,1.0,1.05,0.1,13,0.10425903241207915,-6.0349105619691244e-05,0.004170361296483166,0.0021455297538612744
1.05,1.0,1.05,0.1,14,0.08125309332860509,-6.309903047402695e-06,0.0032501237331442035,0.0016313717696195044
1.05,1.0,1.05,0.1,15,0.04954301361848878,-2.300315810607555e-06,0.001981720544739551,0.000993160588180383
1.05,1.0,1.05,0.2,1,0.058362657720489916,1.994227033314415e-05,0.0023345063088195967,0.0011871954247429425
1.05,1.0,1.05,0.2,2,0.09223174392962212,-3.643259156512799e-05,0.003689269757184885,0.0018810674701575704
1.05,1.0,1.05,0.2,3,0.0679359143060992,-4.9960235541297515e-05,0.002717436572243968,0.0014086785216632816
1.05,1.0,1.05,0.2,4,0.09255116748433101,0.0001689112172858638,0.0037020466993732404,0.002019934566972484
1.05,1.0,1.05,0.2,5,0.1066790067945878,0.00011290636296373535,0.004267160271783512,0.0022464864988554914
1.05,1.0,1.05,0.2,6,0.06923285829777528,-2.576197800180672e-05,0.0027693143319110114,0.0014104191439573124
1.05,1.0,1.05,0.2,7,0.06427083356595056,-6.789394657243412e-05,0.002570833342638023,0.0013533106178914454
1.05,1.0,1.05,0.2,8,0.08337163218048552,0.00017063637512792717,0.0033348652872194208,0.0018380690187376376
1.05,1.0,1.05,0.2,9,0.08563216076303327,-5.598390852952748e-05,0.003425286430521331,0.001768627123790193
1.05,1.0,1.05,0.2,10,0.11255365656023031,-0.00014005104803700355,0.004502146262409213,0.00239112417924161
1.05,1.0,1.05,0.2,11,0.10137456231539317,-0.00014697700032142066,0.004054982492615727,0.0021744682466292844
1.05,1.0,1.05,0.2,12,0.07337661412765484,3.8210409814209296e-05,0.0029350645651061934,0.001505742692367306
1.05,1.0,1.05,0.2,13,0.09327493761216221,3.201182656780445e-05,0.0037309975044864884,0.0018975105788110486
1.05,1.0,1.05,0.2,14,0.068039520252768,-3.129152946066498e-05,0.0027215808101107197,0.0013920819345160248
1.05,1.0,1.05,0.2,15,0.052121235965285895,-4.337879099313873e-06,0.002084849438611436,0.0010467625984050318
1.05,1.0,1.1,0.05,1,0.07283812835496802,4.0304393679473663e-07,0.002913525134198721,0.0014571656110361551
1.05,1.0,1.1,0.05,2,0.11038044342475209,-2.2756759340635523e-06,0.0044152177369900835,0.002209884544429105
1.05,1.0,1.1,0.05,3,0.08054036514016982,-7.191172739222913e-05,0.003221614605606793,0.0016827190301956256
1.05,1.0,1.1,0.05,4,0.10402713317396074,0.0002723721397560259,0.00416108532695843,0.002352914803235241
1.05,1.0,1.1,0.05,5,0.11068028187956887,9.720633012910385e-05,0.0044272112751827545,0.0023108119677204813
1.05,1.0,1.1,0.05,6,0.07572944338165565,-2.3950796452697792e-05,0.003029177735266226,0.0015385396640858109
1.05,1.0,1.1,0.05,7,0.07185656715352798,-6.120416880938838e-05,0.002874262686141119,0.0014983355118799479
1.05,1.0,1.1,0.05,8,0.0863685889555195,0.00014369374581744792,0.0034547435582207805,0.001871065524927838
1.05,1.0,1.1,0.05,9,0.0891585682460152,0.00019290726403845714,0.003566342729840608,0.0019760786289587614
1.05,1.0,1.1,0.05,10,0.10685367518294794,-0.00010054440370322933,0.004274147007317918,0.0022376179073621883
1.05,1.0,1.1,0.05,11,0.09978780284371158,-0.0002845101296814694,0.003991512113748463,0.002280266186555701
1.05,1.0,1.1,0.05,12,0.08060332908343718,6.834164934944563e-05,0.003224133163337487,0.0016804082310181892
1.05,1.0,1.1,0.05,13,0.11045602325726103,4.251169197337824e-06,0.004418240930290441,0.0022133716343425585
1.05,1.0,1.1,0.05,14,0.07284096381827926,-4.1139827367539863e-07,0.0029136385527311704,0.0014572306746392606
1.05,1.0,1.1,0.05,15,0.05204229227537747,-2.2219213317735946e-06,0.0020816916910150985,0.001043067766839323
1.05,1.0,1.1,0.1,1,0.07148412844056032,1.1015214454939513e-05,0.0028593651376224126,0.0014406977832661459
1.05,1.0,1.1,0.1,2,0.10327643652646515,6.030415529731843e-05,0.004131057461058606,0.0021258328858266215
1.05,1.0,1.1,0.1,3,0.07371156422858123,-8.557520075355246e-05,0.0029484625691432492,0.0015598064853251771
1.05,1.0,1.1,0.1,4,0.09784250767041702,0.00033329396831687744,0.0039137003068166806,0.0022901441217252176
1.05,1.0,1.1,0.1,5,0.11347216176684355,6.125433019943264e-05,0.004538886470673742,0.0023306975655363036
1.05,1.0,1.1,0.1,6,0.08011444606670094,1.0892927685770016e-05,0.003204577842668038,0.001613181849019789
1.05,1.0,1.1,0.1,7,0.06423407167063118,-7.841420299241847e-05,0.0025693628668252474,0.001363095636405042
1.05,1.0,1.1,0.1,8,0.08253358124653581,0.000115621285358455,0.0033013432498614327,0.0017662929102891713
1.05,1.0,1.1,0.1,9,0.09005821333626869,-0.00012202139682952588,0.0036023285334507477,0.0019231856635548998
1.05,1.0,1.1,0.1,10,0.11791034116567817,-6.949119123390758e-05,0.004716413646627127,0.002427698014547471
1.05,1.0,1.1,0.1,11,0.10336274175426098,-0.00029814884577571035,0.00413450967017044,0.0023654036808609304
1.05,1.0,1.1,0.1,12,0.07890730054783508,8.030754376886246e-05,0.003156292021913403,0.001658453554725564
1.05,1.0,1.1,0.1,13,0.10414544252533983,-6.016996568390803e-05,0.004165817701013593,0.0021430788161907045
1.05,1.0,1.1,0.1,14,0.08119293882856216,-5.1882329364274626e-06,0.0032477175531424865,0.0016290470095076707
1.05,1.0,1.1,0.1,15,0.049505884128877874,-2.589278460629416e-06,0.001980235365155115,0.0009927069610381868
1.05,1.0,1.1,0.2,1,0.05825127044986084,1.7996090339132112e-05,0.0023300508179944336,0.001183021499336349
1.05,1.0,1.1,0.2,2,0.09221045335503758,-3.453114187541818e-05,0.0036884181342015034,0.00187874020897617
1.05,1.0,1.1,0.2,3,0.06789674680967525,-4.991052062467527e-05,0.00271586987238701,0.0014078454568181803
1.05,1.0,1.1,0.2,4,0.09245691175652204,0.00016854745405790362,0.003698276470260882,0.0020176856891883444
1.05,1.0,1.1,0.2,5,0.10663667035117151,0.00011012487286041438,0.00426546681404686,0.0022428582798838443
1.05,1.0,1.1,0.2,6,0.06920018452886693,-2.2274088093723353e-05,0.0027680073811546775,0.0014062777786710621
1.05,1.0,1.1,0.2,7,0.06422246608591575,-6.70187551530958e-05,0.00256889864343663,0.0013514680768714107
1.05,1.0,1.1,0.2,8,0.08334569776665794,0.00016472283369897903,0.0033338279106663177,0.0018316367890321378
1.05,1.0,1.1,0.2,9,0.08558202015834342,-5.9931268930354324e-05,0.0034232808063337367,0.0017715716720972227
1.05,1.0,1.1,0.2,10,0.11250511390652837,-0.00013469931767057217,0.004500204556261135,0.0023848015958011395
1.05,1.0,1.1,0.2,11,0.10127027724592644,-0.00014664093675201563,0.004050811089837058,0.0021720464816705446
1.05,1.0,1.1,0.2,12,0.07335403858999973,3.8289868973115245e-05,0.002934161543599989,0.0015053706407731097
1.05,1.0,1.1,0.2,13,0.09322395399876927,2.9815234309813202e-05,0.003728958159950771,0.0018942943142851987
1.05,1.0,1.1,0.2,14,0.06803064042526298,-2.9077679778998086e-05,0.0027212256170105194,0.0013896904882842577
1.05,1.0,1.1,0.2,15,0.05209896940523797,-4.256582880547615e-06,0.002083958776209519,0.001046235970985307
1.05,1.05,0.9,0.05,1,0.06504618957477071,5.161984065262884e-07,0.0026018475829908284,0.0013014399899019405
1.05,1.05,0.9,0.05,2,0.0972515507565666,-3.766221904780078e-06,0.003890062030262664,0.001948797237036112
1.05,1.05,0.9,0.05,3,0.07055516089978807,-5.050726756175372e-05,0.0028222064359915227,0.001461610485557515
1.05,1.05,0.9,0.05,4,0.0906139057039129,0.0001899275921486226,0.003624556228156516,0.0020022057062268808
1.05,1.05,0.9,0.05,5,0.09931118380359244,7.081819209647904e-05,0.0039724473521436975,0.002057041868168328
1.05,1.05,0.9,0.05,6,0.0668788594316333,-1.8544781871594708e-05,0.002675154377265332,0.0013561219705042608
1.05,1.05,0.9,0.05,7,0.06179949012672513,-4.7048585164680526e-05,0.0024719796050690053,0.001283038387699183
1.05,1.05,0.9,0.05,8,0.07425441826442515,0.00010500664227754233,0.002970176730577006,0.0015900950075660454
1.05,1.05,0.9,0.05,9,0.07648539690561168,0.0001405459879445906,0.0030594158762244673,0.0016702539260568243
1.05,1.05,0.9,0.05,10,0.09721745447951521,-7.251551530587072e-05,0.0038886981791806086,0.002016864604896175
1.05,1.05,0.9,0.05,11,0.09045915132419416,-0.00019586776182068785,0.0036183660529677665,0.002005050788304571
1.05,1.05,0.9,0.05,12,0.07061185510489248,4.982349049840643e-05,0.0028244742041956994,0.0014620605925962562
1.05,1.05,0.9,0.05,13,0.09726698764289843,4.744786461715028e-06,0.003890679505715937,0.0019500845393196837
1.05,1.05,0.9,0.05,14,0.06505288203408005,-4.780594335542198e-07,0.002602115281363202,0.0013015357001151552
1.05,1.05,0.9,0.05,15,0.044346504188803884,-1.0458312563473234e-06,0.0017738601675521555,0.0008879759150324251
1.05,1.05,0.9,0.1,1,0.05158872477366197,8.120758714685801e-06,0.0020635489909464786,0.0010398952541879251
1.05,1.05,0.9,0.1,2,0.07568617353880891,3.6366310313004876e-05,0.0030274469415523565,0.001550089781089183
1.05,1.05,0.9,0.1,3,0.05549941942580401,-6.0784615732742116e-05,0.0022199767770321606,0.0011707730042488224
1.05,1.05,0.9,0.1,4,0.07751663617657904,0.0002350213349182028,0.003100665447063162,0.0017853540584497837
1.05,1.05,0.9,0.1,5,0.08696580192148733,5.019540151091881e-05,0.0034786320768594933,0.0017895114399406654
1.05,1.05,0.9,0.1,6,0.06348712486887712,8.413108598715052e-06,0.0025394849947550846,0.0012781556059762572
1.05,1.05,0.9,0.1,7,0.05261797885656953,-5.444962466028144e-05,0.0021047191542627815,0.0011068092017916722
1.05,1.05,0.9,0.1,8,0.07127928812964085,8.60166851792949e-05,0.002851171525185634,0.001511602447772112
1.05,1.05,0.9,0.1,9,0.07743917442737015,-8.081182422219703e-05,0.003097566977094806,0.0016295953127696
1.05,1.05,0.9,0.1,10,0.09278205939974246,-5.10227226982143e-05,0.0037112823759896984,0.0019066639106930636
1.05,1.05,0.9,0.1,11,0.08465009800758037,-0.00021272854415689457,0.003386003920303215,0.001905730504308502
1.05,1.05,0.9,0.1,12,0.06254454446757045,5.4295979544569915e-05,0.002501781778702818,0.001305186868895979
1.05,1.05,0.9,0.1,13,0.07682106593160204,-4.34587598295881e-05,0.0030728426372640815,0.0015798800784616288
1.05,1.05,0.9,0.1,14,0.06491277486176633,-3.972591961346703e-06,0.002596510994470653,0.0013022280891966734
1.05,1.05,0.9,0.1,15,0.04679204837062818,-9.48695303544232e-07,0.001871681934825127,0.0009367896627161077
1.05,1.05,0.9,0.2,1,0.04863451155678092,1.4016916147580778e-05,0.0019453804622712367,0.0009867071472831992
1.05,1.05,0.9,0.2,2,0.0740545132502993,-2.605296436270876e-05,0.002962180530011972,0.0015071432293686947
1.05,1.05,0.9,0.2,3,0.05563098243217987,-3.52295727500441e-05,0.002225239297287195,0.0011478492213936415
1.05,1.05,0.9,0.2,4,0.07801710705655249,0.00011839655059360621,0.0031206842822620994,0.001678738691724656
1.05,1.05,0.9,0.2,5,0.08817040012265004,8.110790596659247e-05,0.0035268160049060017,0.0018445159084195934
1.05,1.05,0.9,0.2,6,0.06026247911718298,-2.151023422076441e-05,0.0024104991646873193,0.0012267598165644242
1.05,1.05,0.9,0.2,7,0.05506298784943462,-4.8527775436260875e-05,0.002202519513977385,0.0011497875324249533
1.05,1.05,0.9,0.2,8,0.07426376640149683,0.0001296375195914609,0.0029705506560598733,0.0016149128476213976
1.05,1.05,0.9,0.2,9,0.07531344561674574,-3.326226925044686e-05,0.00301253782466983,0.0015395311815853618
1.05,1.05,0.9,0.2,10,0.09506810248874459,-0.00010535971903552285,0.0038027240995497837,0.0020067217688104146
1.05,1.05,0.9,0.2,11,0.08671456811687221,-0.00010368569041695598,0.0034685827246748887,0.0018379770527544004
1.05,1.05,0.9,0.2,12,0.06271575138553337,2.692040334620305e-05,0.002508630055421335,0.0012812354310568705
1.05,1.05,0.9,0.2,13,0.07554261782924077,2.372115596311492e-05,0.0030217047131696306,0.0015345735125479303
1.05,1.05,0.9,0.2,14,0.06084198305384028,-2.258564005488407e-05,0.0024336793221536113,0.0012394253011316896
1.05,1.05,0.9,0.2,15,0.04863049763706538,-2.9678879315546443e-06,0.0019452199054826153,0.0009755778406728623
1.05,1.05,0.9500000000000001,0.05,1,0.06495905555301279,1.0770532887315173e-06,0.0025983622221205115,0.0013002581643489872
1.05,1.05,0.9500000000000001,0.05,2,0.09710494564933908,-3.869822572173556e-06,0.0038841978259735632,0.001945968735558955
1.05,1.05,0.9500000000000001,0.05,3,0.07044583809262873,-5.03669122890877e-05,0.0028178335237051496,0.0014592836741416624
1.05,1.05,0.9500000000000001,0.05,4,0.09047507657897044,0.00018973207132761224,0.0036190030631588176,0.001999233602907021
1.05,1.05,0.9500000000000001,0.05,5,0.09930643750606863,7.067308241480569e-05,0.0039722575002427455,0.0020568018325361785
1.05,1.05,0.9500000000000001,0.05,6,0.06678319579412297,-1.8689270791818402e-05,0.0026713278317649185,0.0013543531866742776
1.05,1.05,0.9500000000000001,0.05,7,0.06168973479793909,-4.584245463854593e-05,0.0024675893919175636,0.0012796371505973277
1.05,1.05,0.9500000000000001,0.05,8,0.07412033055637858,0.00010353605223655745,0.0029648132222551433,0.0015859426633641292
1.05,1.05,0.9500000000000001,0.05,9,0.07633237674973746,0.00013928621994099003,0.0030532950699894983,0.0016659337549357392
1.05,1.05,0.9500000000000001,0.05,10,0.09713980897838242,-7.256083610324547e-05,0.0038855923591352972,0.002015357015670894
1.05,1.05,0.9500000000000001,0.05,11,0.09029108988286351,-0.0001963143396838582,0.0036116435953145406,0.0020021361373411283
1.05,1.05,0.9500000000000001,0.05,12,0.07050590217820585,4.922662932277601e-05,0.002820236087128234,0.0014593446728868931
1.05,1.05,0.9500000000000001,0.05,13,0.09713232797446852,4.953309698435786e-06,0.003885293118978741,0.0019475998691878063
1.05,1.05,0.9500000000000001,0.05,14,0.0649641230732645,-1.0524419250247823e-06,0.0025985649229305803,0.001300334903390315
1.05,1.05,0.9500000000000001,0.05,15,0.04426871648424608,-1.1490181721666992e-06,0.0017707486593698432,0.0008865233478570882
1.05,1.05,0.9500000000000001,0.1,1,0.051407481692676046,9.193309257101988e-06,0.002056299267707042,0.001037342943110623
1.05,1.05,0.9500000000000001,0.1,2,0.0755483584009695,3.6179181141767256e-05,0.00302193433603878,0.0015471463491611573
1.05,1.05,0.9500000000000001,0.1,3,0.055395216121752605,-6.044289646501281e-05,0.0022158086448701045,0.001168347218900065
1.05,1.05,0.9500000000000001,0.1,4,0.07741813825126746,0.00023399211483106694,0.0030967255300506985,0.0017823548798564161
1.05,1.05,0.9500000000000001,0.1,5,0.0868058396723832,4.976185507407562e-05,0.0034722335868953283,0.0017858786485217396
1.05,1.05,0.9500000000000001,0.1,6,0.06334209420875682,6.9894563223128325e-06,0.002533683768350273,0.0012738313404974493
1.05,1.05,0.9500000000000001,0.1,7,0.05258621818193368,-5.433817003926395e-05,0.0021034487272773472,0.0011060625336779377
1.05,1.05,0.9500000000000001,0.1,8,0.07130830995409333,8.449143080220787e-05,0.0028523323981637333,0.0015106576298840745
1.05,1.05,0.9500000000000001,0.1,9,0.07732145310661293,-8.016270842724153e-05,0.003092858124264517,0.0016265917705595
1.05,1.05,0.9500000000000001,0.1,10,0.09268393648385789,-5.186002842008045e-05,0.003707357459354316,0.0019055387580972384
1.05,1.05,0.9500000000000001,0.1,11,0.08461508780849855,-0.00021135539793006117,0.003384603512339942,0.0019036571541000322
1.05,1.05,0.9500000000000001,0.1,12,0.06246573221452122,5.469892803756867e-05,0.002498629288580849,0.001304013572327993
1.05,1.05,0.9500000000000001,0.1,13,0.07669409173888919,-4.146977939332132e-05,0.003067763669555568,0.0015753516141711053
1.05,1.05,0.9500000000000001,0.1,14,0.06484295118783381,-5.085034971624293e-06,0.0025937180475133527,0.0013019440587283006
1.05,1.05,0.9500000000000001,0.1,15,0.04681705694741361,-1.1314276313354245e-06,0.0018726822778965444,0.0009374725665796076
1.05,1.05,0.9500000000000001,0.2,1,0.04842729673494212,1.4947234903709929e-05,0.0019370918693976849,0.0009834931696025523
1.05,1.05,0.9500000000000001,0.2,2,0.07398374051110544,-2.6927060761710592e-05,0.0029593496204442177,0.0015066018709838193
1.05,1.05,0.9500000000000001,0.2,3,0.05558067908477573,-3.5117728581600205e-05,0.0022232271633910294,0.001146731310277115
1.05,1.05,0.9500000000000001,0.2,4,0.07803219611729084,0.00011809999769293406,0.003121287844691634,0.001678743920038751
1.05,1.05,0.9500000000000001,0.2,5,0.08811704391650718,8.132223098821067e-05,0.0035246817566602874,0.0018436631093183544
1.05,1.05,0.9500000000000001,0.2,6,0.06019150379424473,-2.1290483673408675e-05,0.0024076601517697893,0.0012251205595583032
1.05,1.05,0.9500000000000001,0.2,7,0.05507608452081928,-4.792733551517023e-05,0.002203043380832771,0.0011494490259315558
1.05,1.05,0.9500000000000001,0.2,8,0.07432581289646065,0.0001255955747788893,0.002973032515858426,0.0016121118327081022
1.05,1.05,0.9500000000000001,0.2,9,0.07532372172471992,-3.385319335729008e-05,0.003012948868988797,0.0015403276278516886
1.05,1.05,0.9500000000000001,0.2,10,0.0950605820505194,-0.00010378339376388476,0.003802423282020776,0.0020049950347742727
1.05,1.05,0.9500000000000001,0.2,11,0.08673356656329265,-0.00010341059158733209,0.003469342662531706,0.001838081922853185
1.05,1.05,0.9500000000000001,0.2,12,0.06269562978830398,2.6918314582019317e-05,0.0025078251915321595,0.0012808309103480991
1.05,1.05,0.9500000000000001,0.2,13,0.07544362624377005,2.4367388916635458e-05,0.003017745049750802,0.0015332399137920364
1.05,1.05,0.9500000000000001,0.2,14,0.06080000090640088,-2.3221407808846527e-05,0.002432000036256035,0.001239221425936864
1.05,1.05,0.9500000000000001,0.2,15,0.04867023003481179,-2.9118390354291404e-06,0.0019468092013924716,0.0009763164397316649
1.05,1.05,1.0,0.05,1,0.06488076880112988,1.1948433739394744e-06,0.0025952307520451952,0.001298810219396537
1.05,1.05,1.0,0.05,2,0.0969735374109978,-3.5311173139969404e-06,0.003878941496439912,0.001943001865533953
1.05,1.05,1.0,0.05,3,0.07034772326642584,-5.024139354782477e-05,0.0028139089306570336,0.0014571958588763415
1.05,1.05,1.0,0.05,4,0.09035296468276383,0.00018954792386364483,0.003614118587310553,0.0019966072175189213
1.05,1.05,1.0,0.05,5,0.09931768947658712,7.006217316015952e-05,0.0039727075790634845,0.0020564159626919017
1.05,1.05,1.0,0.05,6,0.06669759341226315,-1.83642581727405e-05,0.0026679037364905262,0.0013523161264180036
1.05,1.05,1.0,0.05,7,0.061591123427163136,-4.463569664451578e-05,0.0024636449370865256,0.0012764581651877787
1.05,1.05,1.0,0.05,8,0.07400093582067216,0.00010206360252125205,0.0029600374328268863,0.0015820823189346951
1.05,1.05,1.0,0.05,9,0.07619228761468812,0.00013748930320710382,0.003047691504587525,0.0016613350555008664
1.05,1.05,1.0,0.05,10,0.09707907181355446,-7.213411645332407e-05,0.0038831628725421786,0.0020137155527244132
1.05,1.05,1.0,0.05,11,0.09013923783225142,-0.00019677291134172074,0.0036055695132900566,0.001999557667986749
1.05,1.05,1.0,0.05,12,0.07041115951071175,4.8644309730722986e-05,0.00281644638042847,0.0014568674999449582
1.05,1.05,1.0,0.05,13,0.09701305503975768,4.714873324019929e-06,0.0038805222015903073,0.0019449759741191736
1.05,1.05,1.0,0.05,14,0.06488427239352826,-1.18183460936531e-06,0.00259537089574113,0.0012988672824799305
1.05,1.05,1.0,0.05,15,0.04419962366877998,-1.2521511729716499e-06,0.0017679849467511994,0.0008852446245485714
1.05,1.05,1.0,0.1,1,0.05124897987419601,9.423104188840248e-06,0.00204995919496784,0.0010344027016727603
1.05,1.05,1.0,0.1,2,0.07543942976876945,3.6829608559163914e-05,0.003017577190750778,0.001545618203934553
1.05,1.05,1.0,0.1,3,0.05531110984766619,-6.0128757449298715e-05,0.002212444393906648,0.0011663509544026227
1.05,1.05,1.0,0.1,4,0.07733948891783117,0.0002329870508046168,0.003093579556713247,0.0017797768291612404
1.05,1.05,1.0,0.1,5,0.0866756909168665,4.8487209810525506e-05,0.00346702763667466,0.0017820010281478556
1.05,1.05,1.0,0.1,6,0.0632206093220066,6.416003689522118e-06,0.002528824372880264,0.001270828190129654
1.05,1.05,1.0,0.1,7,0.052566396841997334,-5.422674572798645e-05,0.0021026558736798933,0.001105554682567933
1.05,1.05,1.0,0.1,8,0.07134763707806449,8.296433388375651e-05,0.0028539054831225796,0.0015099170754450464
1.05,1.05,1.0,0.1,9,0.07722700585760711,-8.037496526489604e-05,0.0030890802343042844,0.0016249150824170383
1.05,1.05,1.0,0.1,10,0.09261533760406468,-5.185957326861551e-05,0.0037046135041625874,0.0019041663253499092
1.05,1.05,1.0,0.1,11,0.08459925501246807,-0.00021000130273471625,0.0033839702004987227,0.0019019864029840776
1.05,1.05,1.0,0.1,12,0.06240791081966083,5.5128543051894825e-05,0.002496316432786433,0.0013032867594451115
1.05,1.05,1.0,0.1,13,0.07659558287695853,-4.031603448106088e-05,0.0030638233150783413,0.0015722276920202315
1.05,1.05,1.0,0.1,14,0.06479654992846173,-5.351305632365889e-06,0.0025918619971384694,0.0013012823042016005
1.05,1.05,1.0,0.1,15,0.04684409161546671,-1.31412311778983e-06,0.0018737636646186683,0.000938195955427124
1.05,1.05,1.0,0.2,1,0.04824381191654302,1.4894322895002724e-05,0.0019297524766617208,0.0009797705612258631
1.05,1.05,1.0,0.2,2,0.07395162065156924,-2.6859106371035916e-05,0.0029580648260627697,0.0015058915194024207
1.05,1.05,1.0,0.2,3,0.05555280186899729,-3.503365425674504e-05,0.0022221120747598915,0.0011460896916366907
1.05,1.05,1.0,0.2,4,0.07806538906842594,0.00011782334102819311,0.003122615562737038,0.001679131122396712
1.05,1.05,1.0,0.2,5,0.08809663842384549,8.061295954990834e-05,0.0035238655369538197,0.0018425457280268182
1.05,1.05,1.0,0.2,6,0.060154584174505074,-2.0139049707607217e-05,0.002406183366980203,0.0012232307331977086
1.05,1.05,1.0,0.2,7,0.05509938150383417,-4.732570429715713e-05,0.002203975260153367,0.0011493133343738406
1.05,1.05,1.0,0.2,8,0.07439528092509361,0.00012154798344008342,0.0029758112370037444,0.0016094536019419555
1.05,1.05,1.0,0.2,9,0.07534870060886248,-3.5353211863880164e-05,0.003013948024354499,0.0015423272240411296
1.05,1.05,1.0,0.2,10,0.09508328801360734,-0.00010129912479954176,0.0038033315205442935,0.0020029648850716886
1.05,1.05,1.0,0.2,11,0.08676737860111264,-0.00010315156330352998,0.0034706951440445057,0.0018384991353257829
1.05,1.05,1.0,0.2,12,0.06270018588711954,2.6942321201548703e-05,0.0025080074354847815,0.0012809460389439395
1.05,1.05,1.0,0.2,13,0.07538119545251926,2.4075898635967447e-05,0.0030152478181007703,0.0015316998076863526
1.05,1.05,1.0,0.2,14,0.06079163297841704,-2.29289730621483e-05,0.0024316653191366814,0.0012387616326304891
1.05,1.05,1.0,0.2,15,0.04871010293737784,-2.855590472760973e-06,0.0019484041174951136,0.0009770576492203178
1.05,1.05,1.05,0.05,1,0.06481005926863187,9.344926094289306e-07,0.002592402370745275,0.0012971356779820664
1.05,1.05,1.05,0.05,2,0.09685518365233113,-2.814880971855979e-06,0.0038742073460932454,0.0019399185540184788
1.05,1.05,1.05,0.05,3,0.07025922764040277,-5.012853068155205e-05,0.0028103691056161105,0.0014553130834896073
1.05,1.05,1.05,0.05,4,0.09024528014050089,0.0001893734645012977,0.0036098112056200354,0.0019942790673113152
1.05,1.05,1.05,0.05,5,0.0993426991714135,6.905362047003725e-05,0.00397370796685654,0.0020559076038983073
1.05,1.05,1.05,0.05,6,0.06662064565519578,-1.7638480092989746e-05,0.0026648258262078313,0.0013500513931969055
1.05,1.05,1.05,0.05,7,0.06150205106907165,-4.342839989098218e-05,0.0024600820427628663,0.0012734694212724153
1.05,1.05,1.05,0.05,8,0.07389412461148952,0.00010058955807488517,0.0029557649844595807,0.0015784720503046756
1.05,1.05,1.05,0.05,9,0.07606334085973537,0.00013523373104987822,0.003042533634389415,0.0016565005482445858
1.05,1.05,1.05,0.05,10,0.09703284276049104,-7.130441039123767e-05,0.0038813137104196415,0.0020119612656010586
1.05,1.05,1.05,0.05,11,0.09000128822054596,-0.00019724170229214652,0.0036000515288218383,0.0019972674667030656
1.05,1.05,1.05,0.05,12,0.07032607231318438,4.807439343267855e-05,0.0028130428925273753,0.0014545958396963662
1.05,1.05,1.05,0.05,13,0.09690697004022258,4.0949233727132975e-06,0.0038762788016089033,0.0019422343241771649
1.05,1.05,1.05,0.05,14,0.06481204683139288,-9.314390734317554e-07,0.0025924818732557153,0.0012971723757012894
1.05,1.05,1.05,0.05,15,0.04413801963221109,-1.355238034766522e-06,0.0017655207852884437,0.0008841156306789884
1.05,1.05,1.05,0.1,1,0.05111002894729621,8.934041263816521e-06,0.0020444011578918484,0.0010311346202097407
1.05,1.05,1.05,0.1,2,0.07535517830620343,3.8194527720217426e-05,0.0030142071322481374,0.0015452980938442861
1.05,1.05,1.05,0.1,3,0.05524414320112309,-5.9838133699983266e-05,0.0022097657280449236,0.0011647209977224452
1.05,1.05,1.05,0.1,4,0.07727768823234252,0.00023200256952122118,0.003091107529293701,0.0017775563341680717
1.05,1.05,1.05,0.1,5,0.08657092215500405,4.649504783112068e-05,0.003462836886200162,0.0017779134909312016
1.05,1.05,1.05,0.1,6,0.06311928504539224,6.567765358804077e-06,0.00252477140181569,0.0012689534662666492
1.05,1.05,1.05,0.1,7,0.05255659761966605,-5.4115345390089216e-05,0.002102263904786642,0.00110524729778341
1.05,1.05,1.05,0.1,8,0.07139564238940686,8.143565770575974e-05,0.0028558256955762747,0.0015093485054938972
1.05,1.05,1.05,0.1,9,0.07715246990101048,-8.132199216323214e-05,0.003086098796040419,0.0016243713901834417
1.05,1.05,1.05,0.1,10,0.09257184127233181,-5.114446181804996e-05,0.0037028736508932726,0.0019025812872646862
1.05,1.05,1.05,0.1,11,0.08459958977837642,-0.00020866342267758436,0.003383983591135057,0.0019006552182451127
1.05,1.05,1.05,0.1,12,0.062368012171299905,5.5580890169869314e-05,0.0024947204868519964,0.0013029411335958676
1.05,1.05,1.05,0.1,13,0.07652137064726833,-3.9874793095742066e-05,0.003060854825890733,0.0015703022060411086
1.05,1.05,1.05,0.1,14,0.06477020465869811,-4.895813575388116e-06,0.0025908081863479245,0.0013002999067493503
1.05,1.05,1.05,0.1,15,0.04687277209647553,-1.4967870175087843e-06,0.0018749108838590212,0.0009389522289470194
1.05,1.05,1.05,0.2,1,0.04808072965675062,1.4003248383456985e-05,0.0019232291862700248,0.0009756178415184694
1.05,1.05,1.05,0.2,2,0.07395214054867494,-2.598813176338999e-05,0.0029580856219469974,0.0015050309427368886
1.05,1.05,1.05,0.2,3,0.05554369608810641,-3.497323080902333e-05,0.0022217478435242566,0.0011458471525711516
1.05,1.05,1.05,0.2,4,0.07811353837623,0.00011756359967446936,0.0031245415350492,0.0016798343671990694
1.05,1.05,1.05,0.2,5,0.08810382096455066,7.911645959271684e-05,0.0035241528385820263,0.00184119287888373
1.05,1.05,1.05,0.2,6,0.06014666992437392,-1.8193572023795166e-05,0.002405866796974957,0.0012211269705112737
1.05,1.05,1.05,0.2,7,0.05513093196739682,-4.67230516950618e-05,0.002205237278695873,0.0011493416910429983
1.05,1.05,1.05,0.2,8,0.07447069284475936,0.00011749555817323863,0.0029788277137903748,0.001606909415068426
1.05,1.05,1.05,0.2,9,0.07538474144790244,-3.762794866708901e-05,0.0030153896579160977,0.001545322777625138
1.05,1.05,1.05,0.2,10,0.09513112510213484,-9.804101940314857e-05,0.0038052450040853936,0.0020006635214458455
1.05,1.05,1.05,0.2,11,0.08681318510625372,-0.00010290617653666818,0.0034725274042501485,0.0018391698786617424
1.05,1.05,1.05,0.2,12,0.06272558466184383,2.69885465191889e-05,0.002509023386473753,0.0012815002397560656
1.05,1.05,1.05,0.2,13,0.07534968587285962,2.2985086993263034e-05,0.003013987434914385,0.0015299788044504554
1.05,1.05,1.05,0.2,14,0.060811921570123315,-2.1845472908211812e-05,0.002432476862804933,0.0012380839043106783
1.05,1.05,1.05,0.2,15,0.04874985648817652,-2.7991710352663447e-06,0.001949994259527061,0.0009777963007987969
1.05,1.05,1.1,0.05,1,0.06474588990319796,3.488359391078425e-07,0.0025898355961279187,0.0012952666340030673
1.05,1.05,1.1,0.05,2,0.0967481346661611,-1.773833657767552e-06,0.003869925386646444,0.0019367365269809898
1.05,1.05,1.1,0.05,3,0.07017905469961544,-5.002655023672981e-05,0.0028071621879846177,0.0014536076442290386
1.05,1.05,1.1,0.05,4,0.09015015406722085,0.00018920732499905576,0.003606006162688834,0.0019922104063434727
1.05,1.05,1.1,0.05,5,0.09937964155638779,6.770290661388314e-05,0.003975185662255512,0.002055295737741639
1.05,1.05,1.1,0.05,6,0.066551203511031,-1.6567884352196446e-05,0.00266204814044124,0.0013475919545728164
1.05,1.05,1.1,0.05,7,0.061421208695538326,-4.222063712091359e-05,0.002456848347821533,0.0012706448110316802
1.05,1.05,1.1,0.05,8,0.07379817624541588,9.911413579728176e-05,0.002951927049816635,0.0015750776607055994
1.05,1.05,1.1,0.05,9,0.07595834673296503,0.00013258341823175836,0.0030383338693186013,0.001651750352891059
1.05,1.05,1.1,0.05,10,0.0969991664463642,-7.012793372773488e-05,0.003879966657854568,0.002010111262655019
1.05,1.05,1.1,0.05,11,0.08987536184599354,-0.00019771927138050976,0.003595014473839742,0.0019952265083003806
1.05,1.05,1.1,0.05,12,0.07024937184481464,4.751514159881696e-05,0.002809974873792586,0.00145250257849511
1.05,1.05,1.1,0.05,13,0.09681227643997943,3.146728004163646e-06,0.003872491057599177,0.0019393922568037522
1.05,1.05,1.1,0.05,14,0.06474639859798013,-3.5431696162165966e-07,0.0025898559439192052,0.0012952822889212242
1.05,1.05,1.1,0.05,15,0.04408292146367175,-1.4582851065756678e-06,0.0017633168585468701,0.0008831167143800107
1.05,1.05,1.1,0.1,1,0.05098803286729215,7.826875397993829e-06,0.002039521314691686,0.0010275875327438368
1.05,1.05,1.1,0.1,2,0.07529220023082482,4.017384918706933e-05,0.003011688009232993,0.0015460178538035658
1.05,1.05,1.1,0.1,3,0.05519191804583187,-5.956772135462137e-05,0.002207676721833275,0.0011634060822712589
1.05,1.05,1.1,0.1,4,0.0772303313720783,0.00023103576895478248,0.003089213254883132,0.0017756423963963485
1.05,1.05,1.1,0.1,5,0.086487944248031,4.388587983557167e-05,0.00345951776992124,0.0017736447647961917
1.05,1.05,1.1,0.1,6,0.06303536090434379,7.3431007658652435e-06,0.0025214144361737517,0.001268050318852741
1.05,1.05,1.1,0.1,7,0.05255529791560286,-5.4003964193311026e-05,0.0021022119166241144,0.0011051099225053683
1.05,1.05,1.1,0.1,8,0.07145105907164645,7.990561767601155e-05,0.002858042362865858,0.0015089267991089405
1.05,1.05,1.1,0.1,9,0.07709510297897693,-8.290082903306294e-05,0.003083804119159077,0.0016248028886126015
1.05,1.05,1.1,0.1,10,0.09254987546855381,-4.981481417248466e-05,0.0037019950187421524,0.0019008123235435609
1.05,1.05,1.1,0.1,11,0.08461369227503016,-0.00020733945766269698,0.0033845476910012062,0.0018996133031633
1.05,1.05,1.1,0.1,12,0.06234354366456907,5.6052772353887956e-05,0.002493741746582763,0.0013029236456452693
1.05,1.05,1.1,0.1,13,0.07646807430066035,-4.004623790781262e-05,0.003058722972026414,0.0015694077239210196
1.05,1.05,1.1,0.1,14,0.06476116966546312,-3.819728389797193e-06,0.002590446786618525,0.0012990431216990596
1.05,1.05,1.1,0.1,15,0.046902818429948166,-1.6794236287106332e-06,0.0018761127371979267,0.000939735792227674
1.05,1.05,1.1,0.2,1,0.047935400497362377,1.2391875826068933e-05,0.001917416019894495,0.0009710998857733165
1.05,1.05,1.1,0.2,2,0.0739804866061378,-2.4427089361978905e-05,0.002959219464245512,0.001504036821484735
1.05,1.05,1.1,0.2,3,0.05555046728093677,-3.4933115549844594e-05,0.002222018691237471,0.0011459424611685802
1.05,1.05,1.1,0.2,4,0.07817421705796943,0.00011731835975227154,0.003126968682318777,0.00168080270091166
1.05,1.05,1.1,0.2,5,0.08813435117409739,7.694350957887526e-05,0.003525374046963896,0.0018396305330608232
1.05,1.05,1.1,0.2,6,0.06016367574684315,-1.556584841612493e-05,0.002406547029873726,0.0012188393633529879
1.05,1.05,1.1,0.2,7,0.055169258808548165,-4.611951679068686e-05,0.0022067703523419267,0.0011495046929616503
1.05,1.05,1.1,0.2,8,0.0745509563576722,0.0001134389628130512,0.002982038254306888,0.0016044580899664952
1.05,1.05,1.1,0.2,9,0.07542936127369772,-4.056826982715827e-05,0.003017174450947909,0.0015491554953011126
1.05,1.05,1.1,0.2,10,0.09520010442791423,-9.411801065859377e-05,0.003808004177116569,0.001998120099216878
1.05,1.05,1.1,0.2,11,0.08686885275537402,-0.00010267246802374408,0.003474754110214961,0.0018400495231312246
1.05,1.05,1.1,0.2,12,0.06276875590641273,2.7053845543150558e-05,0.0025107502362565095,0.0012824289636714054
1.05,1.05,1.1,0.2,13,0.07534458675639825,2.1207393843434206e-05,0.0030137834702559305,0.0015280991289713995
1.05,1.05,1.1,0.2,14,0.060856848991395304,-2.0082294828180724e-05,0.002434273959655812,0.0012372192746560868
1.05,1.05,1.1,0.2,15,0.04878933899751453,-2.7426042308519755e-06,0.0019515735599005813,0.0009785293841811425
1.05,1.1,0.9,0.05,1,0.056289689965154,-7.454409256108495e-09,0.00225158759860616,0.0011258012537123361
1.05,1.1,0.9,0.05,2,0.08236947784366602,2.7629857226499734e-08,0.003294779113746641,0.001647417186730547
1.05,1.1,0.9,0.05,3,0.05973016323032439,4.918358960507541e-08,0.0023892065292129756,0.001194652448196093
1.05,1.1,0.9,0.05,4,0.07621680676025828,2.7669965748614456e-08,0.0030486722704103314,0.0015243638051709143
1.05,1.1,0.9,0.05,5,0.08701058023691996,-1.5914653795887394e-07,0.0034804232094767986,0.0017403707512763582
1.05,1.1,0.9,0.05,6,0.05722693705626315,1.979018403083896e-08,0.002289077482250526,0.0011445585313092938
1.05,1.1,0.9,0.05,7,0.05151132601523889,6.091158228058348e-08,0.0020604530406095555,0.0010302874318870584
1.05,1.1,0.9,0.05,8,0.06208209254150498,-2.0209980103216667e-07,0.0024832837016601993,0.0012418439506311318
1.05,1.1,0.9,0.05,9,0.06388471112859406,-6.278807831783587e-07,0.0025553884451437626,0.0012783221033550597
1.05,1.1,0.9,0.05,10,0.08643608143377658,1.4394486228911936e-07,0.0034574432573510634,0.0017288655735378208
1.05,1.1,0.9,0.05,11,0.0801020373903441,2.7374814369935134e-08,0.003204081495613764,0.001602068122621252
1.05,1.1,0.9,0.05,12,0.05979661637176134,5.8198484376322906e-08,0.0023918646548704535,0.001195990525919603
1.05,1.1,0.9,0.05,13,0.0823666533944044,-4.052450325416952e-08,0.003294666135776176,0.001647373592391342
1.05,1.1,0.9,0.05,14,0.05629223187929418,6.853276840046842e-09,0.002251689275171767,0.0011258514908627237
1.05,1.1,0.9,0.05,15,0.036864447836462484,7.986564269905286e-10,0.0014745779134584993,0.0007372897553856767
1.05,1.1,0.9,0.1,1,0.0349996060882568,6.805206691389075e-09,0.001399984243530272,0.0006999989269718274
1.05,1.1,0.9,0.1,2,0.05648830367717975,9.36665631447414e-09,0.0022595321470871904,0.0011297754401999097
1.05,1.1,0.9,0.1,3,0.045085935642663576,8.96911107838751e-09,0.0018034374257065431,0.00090172768196435
1.05,1.1,0.9,0.1,4,0.06677156093975675,6.026592408577366e-08,0.00267086243759027,0.0013354914847192208
1.05,1.1,0.9,0.1,5,0.07201055678455423,9.176765363645462e-08,0.0028804222713821694,0.0014403029033447211
1.05,1.1,0.9,0.1,6,0.05098200280006077,4.67285802541878e-07,0.002039280112002431,0.0010201073418037573
1.05,1.1,0.9,0.1,7,0.05102613900501346,-1.6655635753303868e-09,0.0020410455602005383,0.0010205244456638445
1.05,1.1,0.9,0.1,8,0.0687925480753491,1.4898919708193208e-07,0.002751701923013964,0.0013759999507040638
1.05,1.1,0.9,0.1,9,0.06972803976303533,-6.828596152013994e-07,0.0027891215905214133,0.001395243654875908
1.05,1.1,0.9,0.1,10,0.0796465291515229,-1.962349348898977e-08,0.0031858611660609162,0.0015929502065239471
1.05,1.1,0.9,0.1,11,0.07725625833869354,-1.4487291150767489e-07,0.0030902503335477416,0.0015452700396853785
1.05,1.1,0.9,0.1,12,0.05067477112698297,9.659500388895667e-08,0.002026990845079319,0.0010135920175435484
1.05,1.1,0.9,0.1,13,0.05699744163148645,1.462367303934752e-07,0.002279897665259458,0.0011400950693601225
1.05,1.1,0.9,0.1,14,0.04945176345928374,-2.3156399482364052e-08,0.0019780705383713494,0.000989058425585157
1.05,1.1,0.9,0.1,15,0.04852519085219814,2.8910860017451693e-10,0.0019410076340879256,0.0009705041061525629
1.05,1.1,0.9,0.2,1,0.035547500511899775,8.341766524624597e-08,0.001421900020475991,0.0007110334279032417
1.05,1.1,0.9,0.2,2,0.055568000048081434,5.778271759596771e-09,0.002222720001923257,0.0011113657792333881
1.05,1.1,0.9,0.2,3,0.04405427304218636,-4.925431559063277e-08,0.0017621709216874542,0.0008811347151593177
1.05,1.1,0.9,0.2,4,0.0660148941860764,7.726088932609243e-08,0.0026405957674430556,0.0013203751446108538
1.05,1.1,0.9,0.2,5,0.07053620918650727,1.4212375234993097e-07,0.0028214483674602908,0.0014108663074824954
1.05,1.1,0.9,0.2,6,0.049705958693356075,1.4505532698204284e-07,0.001988238347734243,0.0009942642291941037
1.05,1.1,0.9,0.2,7,0.04959970566965337,-9.806382697321738e-11,0.001983988226786135,0.0009919942114568945
1.05,1.1,0.9,0.2,8,0.06857508628407938,3.4496466704453522e-09,0.002743003451363175,0.001371505175328258
1.05,1.1,0.9,0.2,9,0.06818532372928168,-1.0052543460270768e-06,0.0027274129491712674,0.0013647117289316607
1.05,1.1,0.9,0.2,10,0.07932790742691544,-9.55156524112669e-08,0.0031731162970766173,0.00158665366419072
1.05,1.1,0.9,0.2,11,0.07675500732116344,-2.616736056001485e-07,0.0030702002928465377,0.001535361820028869
1.05,1.1,0.9,0.2,12,0.049692983986809526,9.937562391150532e-08,0.001987719359472381,0.000993959055360102
1.05,1.1,0.9,0.2,13,0.056246843545449766,1.73127631255804e-07,0.0022498737418179906,0.0011251099985402511
1.05,1.1,0.9,0.2,14,0.0487899102842989,-1.5605250895266067e-08,0.0019515964113719561,0.0009758138109368733
1.05,1.1,0.9,0.2,15,0.04740316296860092,-1.906691619301764e-08,0.0018961265187440368,0.0009480823262882114
1.05,1.1,0.9500000000000001,0.05,1,0.05619281029987043,5.731314727908411e-07,0.0022477124119948174,0.0011244293374701995
1.05,1.1,0.9500000000000001,0.05,2,0.08221735793451942,-5.52673186207649e-07,0.003288694317380777,0.0016448998318765963
1.05,1.1,0.9500000000000001,0.05,3,0.05961120252271307,4.816871659495535e-08,0.002384448100908523,0.0011922722191708565
1.05,1.1,0.9500000000000001,0.05,4,0.07606937025796905,-1.5136972952842546e-08,0.003042774810318762,0.0015214025421323339
1.05,1.1,0.9500000000000001,0.05,5,0.08705662317123364,4.581310419673177e-07,0.0034822649268493456,0.00174159059446664
1.05,1.1,0.9500000000000001,0.05,6,0.05712842816501973,-5.810328825170625e-07,0.0022851371266007893,0.0011431495961829116
1.05,1.1,0.9500000000000001,0.05,7,0.05139994751221266,4.232638142484916e-08,0.0020559979004885066,0.0010280412766256782
1.05,1.1,0.9500000000000001,0.05,8,0.06195318184590862,-1.5127445047083258e-07,0.0024781272738363448,0.0012392149113686433
1.05,1.1,0.9500000000000001,0.05,9,0.0637555757671908,6.201940759978169e-08,0.0025502230306876325,0.001275173534751416
1.05,1.1,0.9500000000000001,0.05,10,0.08640092696330057,-4.5629842988464237e-07,0.003456037078532023,0.001728474837695896
1.05,1.1,0.9500000000000001,0.05,11,0.07994378016455037,4.075715060694769e-08,0.0031977512065820145,0.0015989163604416142
1.05,1.1,0.9500000000000001,0.05,12,0.05967919530101246,1.0410428194995524e-08,0.0023871678120404986,0.0011935943164484444
1.05,1.1,0.9500000000000001,0.05,13,0.08222613480684282,5.51786738645702e-07,0.003289045392273713,0.0016450744828755022
1.05,1.1,0.9500000000000001,0.05,14,0.056194852095823526,-5.715937939701352e-07,0.002247794083832941,0.0011244686357104407
1.05,1.1,0.9500000000000001,0.05,15,0.03678798450672281,-1.202890026079389e-09,0.0014715193802689126,0.0007357608930244824
1.05,1.1,0.9500000000000001,0.1,1,0.034934450626138695,1.092588485344855e-06,0.0013973780250455478,0.0006997816010081187
1.05,1.1,0.9500000000000001,0.1,2,0.056533092138367616,-1.0773492113873767e-06,0.0022613236855347045,0.0011317391919787396
1.05,1.1,0.9500000000000001,0.1,3,0.04512519765414528,4.145837309102812e-08,0.0018050079061658112,0.0009025454114559966
1.05,1.1,0.9500000000000001,0.1,4,0.06678760420680496,4.37180707806584e-08,0.0026715041682721986,0.00133579580220688
1.05,1.1,0.9500000000000001,0.1,5,0.07206523520752428,1.1527055788049554e-06,0.002882609408300971,0.0014424574097292905
1.05,1.1,0.9500000000000001,0.1,6,0.0510348883606743,-6.464004253102669e-07,0.002041395534426972,0.0010213441676387963
1.05,1.1,0.9500000000000001,0.1,7,0.05108163988608558,-1.0104448233243393e-09,0.002043265595443423,0.0010216338081665349
1.05,1.1,0.9500000000000001,0.1,8,0.06886025529264453,8.166621840013715e-08,0.002754410211705781,0.0013772867720712907
1.05,1.1,0.9500000000000001,0.1,9,0.06980201611742398,3.843505163848805e-07,0.002792080644696959,0.0013964246728648644
1.05,1.1,0.9500000000000001,0.1,10,0.0797287214516528,-1.1008002177431697e-06,0.0031891488580661122,0.0015956752292507993
1.05,1.1,0.9500000000000001,0.1,11,0.07734383104034859,-1.4863223220946931e-07,0.0030937532416139436,0.0015470252530391812
1.05,1.1,0.9500000000000001,0.1,12,0.05072448742203182,7.681326048126049e-08,0.002028979496881273,0.0010145665617011176
1.05,1.1,0.9500000000000001,0.1,13,0.05702195121256334,1.2078047155225608e-06,0.0022808780485025337,0.0011416468289667894
1.05,1.1,0.9500000000000001,0.1,14,0.04947666632323328,-1.1020330668652493e-06,0.0019790666529293315,0.000990635359531531
1.05,1.1,0.9500000000000001,0.1,15,0.04856401064635425,-2.6566686679732348e-09,0.0019425604258541701,0.000971282869595753
1.05,1.1,0.9500000000000001,0.2,1,0.035295530770621746,1.268510054034587e-06,0.0014118212308248698,0.0007071791254664695
1.05,1.1,0.9500000000000001,0.2,2,0.055640181982905886,-1.1500428444814256e-06,0.0022256072793162356,0.0011139536825025991
1.05,1.1,0.9500000000000001,0.2,3,0.044143534281189584,-1.2172096929479815e-08,0.0017657413712475834,0.0008828828577207211
1.05,1.1,0.9500000000000001,0.2,4,0.06618088587106191,6.749671813180674e-08,0.0026472354348424766,0.00132368521413937
1.05,1.1,0.9500000000000001,0.2,5,0.07069578974169088,1.2598797204519324e-06,0.0028278315896676353,0.0014151756745542695
1.05,1.1,0.9500000000000001,0.2,6,0.04984772581453974,-9.833430881801944e-07,0.0019939090325815896,0.000997937859378975
1.05,1.1,0.9500000000000001,0.2,7,0.049733589687609735,2.1792186189918313e-10,0.0019893435875043895,0.0009946720116740567
1.05,1.1,0.9500000000000001,0.2,8,0.06875973082271886,3.6565847097028774e-09,0.002750389232908754,0.0013751982730390868
1.05,1.1,0.9500000000000001,0.2,9,0.0683603183325152,9.107599630899383e-08,0.002734412733300608,0.0013672974426466131
1.05,1.1,0.9500000000000001,0.2,10,0.07953539032828078,-1.2077296416434381e-06,0.003181415613131231,0.0015919155362072589
1.05,1.1,0.9500000000000001,0.2,11,0.0769429787808272,-2.3645294835777843e-07,0.003077719151233088,0.001539096028564902
1.05,1.1,0.9500000000000001,0.2,12,0.04977899270384175,1.0099985965264903e-07,0.00199115970815367,0.0009956808539364876
1.05,1.1,0.9500000000000001,0.2,13,0.05628814434465264,1.298217882093305e-06,0.0022515257737861054,0.001127061104775146
1.05,1.1,0.9500000000000001,0.2,14,0.048855008919830994,-1.1215717683342897e-06,0.0019542003567932396,0.000978221750164954
1.05,1.1,0.9500000000000001,0.2,15,0.04750631164164615,-1.5958544487426914e-08,0.001900252465665846,0.0009501421913774104
1.05,1.1,1.0,0.05,1,0.05610583896715538,7.271881367703516e-07,0.0022442335586862153,0.001122843967479878
1.05,1.1,1.0,0.05,2,0.0820787901369334,-7.041099092600535e-07,0.003283151605477336,0.0016422799126479281
1.05,1.1,1.0,0.05,3,0.05950407030785322,3.515483103498865e-08,0.002380162812314129,0.0011901165609880995
1.05,1.1,1.0,0.05,4,0.07593598747195769,-4.881529008024922e-08,0.003037439498878308,0.0015187685647292343
1.05,1.1,1.0,0.05,5,0.08711930677402091,6.264341024764017e-07,0.0034847722709608364,0.0017430125695828947
1.05,1.1,1.0,0.05,6,0.05704021778125865,-7.403954155486551e-07,0.002281608711250346,0.0011415447510407216
1.05,1.1,1.0,0.05,7,0.05129983646783372,2.402031238429556e-08,0.0020519934587133488,0.0010260207496690587
1.05,1.1,1.0,0.05,8,0.06183650414519056,-1.0160370027559264e-07,0.0024734601658076226,0.0012368316866040868
1.05,1.1,1.0,0.05,9,0.06363875875350844,2.4234200352803886e-07,0.0025455503501403375,0.0012730175170736968
1.05,1.1,1.0,0.05,10,0.08638307509616407,-6.007038830420499e-07,0.0034553230038465626,0.0017282622058063233
1.05,1.1,1.0,0.05,11,0.07980196861674561,4.4495451606406e-08,0.0031920787446698246,0.0015960838677865187
1.05,1.1,1.0,0.05,12,0.05957359582872421,-2.56542224567877e-08,0.0023829438331489684,0.001191497570796941
1.05,1.1,1.0,0.05,13,0.08209948754948564,7.119673550798493e-07,0.0032839795019794257,0.0016427017183447926
1.05,1.1,1.0,0.05,14,0.056108160720107506,-7.248504730384856e-07,0.0022443264288043003,0.0011228880648751886
1.05,1.1,1.0,0.05,15,0.036719884473640316,-3.1541851323356754e-09,0.0014687953789456127,0.0007344008436579387
1.05,1.1,1.0,0.1,1,0.03487921078582917,1.3828076104073093e-06,0.001395168431433167,0.0006989670233269908
1.05,1.1,1.0,0.1,2,0.05657234581903891,-1.3678097741177985e-06,0.0022628938327615565,0.001132814726154896
1.05,1.1,1.0,0.1,3,0.0451595838629572,5.195098787992225e-08,0.0018063833545182882,0.000903243628247024
1.05,1.1,1.0,0.1,4,0.06679700048047708,4.66980984480529e-08,0.0026718800192190835,0.0013359867077079898
1.05,1.1,1.0,0.1,5,0.07211161294615713,1.4224435484180067e-06,0.002884464517846285,0.0014436547024715607
1.05,1.1,1.0,0.1,6,0.051081331502616,-9.578217214744315e-07,0.00204325326010464,0.0010225844517737946
1.05,1.1,1.0,0.1,7,0.051130986184434034,-6.042401495114469e-10,0.002045239447377361,0.00102262032792883
1.05,1.1,1.0,0.1,8,0.06891954709528957,1.2851426709801854e-08,0.0027567818838115828,0.001378403793332501
1.05,1.1,1.0,0.1,9,0.06986925450676565,6.57236874151225e-07,0.002794770180270626,0.0013980423270094642
1.05,1.1,1.0,0.1,10,0.07980121873538354,-1.3953819464562972e-06,0.0031920487494153417,0.001597419756654127
1.05,1.1,1.0,0.1,11,0.07742172307653845,-1.655442682570868e-07,0.0030968689230615382,0.0015486000057990262
1.05,1.1,1.0,0.1,12,0.05076933529190487,7.76145080494121e-08,0.002030773411676195,0.001015464320346147
1.05,1.1,1.0,0.1,13,0.057042097926798256,1.4751873165051027e-06,0.00228168391707193,0.0011423171458524702
1.05,1.1,1.0,0.1,14,0.04949560012364418,-1.3831904531659436e-06,0.001979824004945767,0.0009912951929260496
1.05,1.1,1.0,0.1,15,0.048599314405300034,-5.558048310057884e-09,0.0019439725762120015,0.0009719918461543107
1.05,1.1,1.0,0.2,1,0.035169038578244216,1.5762416072681614e-06,0.0014067615431297687,0.0007049570131721525
1.05,1.1,1.0,0.2,2,0.05570272554069478,-1.46157642785475e-06,0.0022281090216277914,0.0011155160872417505
1.05,1.1,1.0,0.2,3,0.04422298875548078,3.70042275102823e-09,0.0017689195502192312,0.0008844634755323666
1.05,1.1,1.0,0.2,4,0.06633056043748818,7.359278764592595e-08,0.0026532224174995274,0.0013266848015374096
1.05,1.1,1.0,0.2,5,0.07083825217534795,1.5525630411979214e-06,0.002833530087013918,0.001418317606548157
1.05,1.1,1.0,0.2,6,0.04997503867000021,-1.2892015095840273e-06,0.0019990015468000083,0.0010007899749095881
1.05,1.1,1.0,0.2,7,0.049854043995070006,1.6086075242822677e-10,0.0019941617598028005,0.0009970810407621527
1.05,1.1,1.0,0.2,8,0.06892522670995033,3.980483135636886e-09,0.0027570090683980133,0.0013785085146821423
1.05,1.1,1.0,0.2,9,0.06851857239841301,3.853403306031941e-07,0.0027407428959365203,0.0013707567882988634
1.05,1.1,1.0,0.2,10,0.07972228893572673,-1.5123042429103235e-06,0.0031888915574290696,0.0015959580829574451
1.05,1.1,1.0,0.2,11,0.0771101735059416,-2.2284093745457163e-07,0.003084406940237664,0.0015424263110562866
1.05,1.1,1.0,0.2,12,0.04985570337064232,1.204570796073707e-07,0.0019942281348256925,0.0009972345244924536
1.05,1.1,1.0,0.2,13,0.05632048678363019,1.5846428502009724e-06,0.0022528194713452077,0.001127994378522805
1.05,1.1,1.0,0.2,14,0.0489034464603898,-1.4100460362694096e-06,0.001956137858415592,0.0009794789752440654
1.05,1.1,1.0,0.2,15,0.04759919695717775,-1.2675800045731563e-08,0.00190396787828711,0.0009519966149436008
1.05,1.1,1.05,0.05,1,0.05602718964059354,5.172617053970607e-07,0.002241087585623742,0.001121061054517268
1.05,1.1,1.05,0.05,2,0.08195185790133613,-4.895323444611236e-07,0.0032780743160534453,0.0016395266903711837
1.05,1.1,1.05,0.05,3,0.059407086515075494,1.1906409723804585e-08,0.00237628346060302,0.0011881536367112338
1.05,1.1,1.05,0.05,4,0.07581486482810194,-7.471881682280946e-08,0.0030325945931240776,0.0015163720153788616
1.05,1.1,1.05,0.05,5,0.0871963118976461,4.115112812831868e-07,0.003487852475905844,0.0017443377492342052
1.05,1.1,1.05,0.05,6,0.05696088001412207,-5.229984350378525e-07,0.002278435200564883,0.0011397405987174792
1.05,1.1,1.05,0.05,7,0.05120935903690933,5.954153717469571e-09,0.0020483743614763735,0.0010241931348919041
1.05,1.1,1.05,0.05,8,0.06173028470007037,-5.2923099475593745e-08,0.002469211388002815,0.001234658617100883
1.05,1.1,1.05,0.05,9,0.06353244654370757,-1.2378294889973615e-08,0.002541297861748303,0.0012706613091690415
1.05,1.1,1.05,0.05,10,0.08638009013754967,-3.560103101412851e-07,0.003455203605501987,0.001727957813061135
1.05,1.1,1.05,0.05,11,0.07967426306172062,4.001799650777348e-08,0.003186970522468825,0.0015935252792309202
1.05,1.1,1.05,0.05,12,0.05947820611801049,-5.172029180542149e-08,0.0023791282447204196,0.0011896158426520152
1.05,1.1,1.05,0.05,13,0.0819847323421681,5.033406320839019e-07,0.0032793892936867244,0.0016401979874754462
1.05,1.1,1.05,0.05,14,0.05602986288990121,-5.152696002732086e-07,0.0022411945155960482,0.0011211125273982974
1.05,1.1,1.05,0.05,15,0.03665900424967018,-5.06249334558813e-09,0.0014663601699868073,0.0007331851474867492
1.05,1.1,1.05,0.1,1,0.03483058271549588,9.943673419131652e-07,0.001393223308619835,0.0006976060216518306
1.05,1.1,1.05,0.1,2,0.05660682921955931,-9.789609179887372e-07,0.0022642731687823724,0.001133115545309175
1.05,1.1,1.05,0.1,3,0.045189769920405055,4.368584491284741e-08,0.0018075907968162022,0.000903839084253014
1.05,1.1,1.05,0.1,4,0.06680063517459899,6.632175948495723e-08,0.0026720254069839593,0.0013360790252514645
1.05,1.1,1.05,0.1,5,0.07215077863560193,1.0172056178358349e-06,0.002886031145424077,0.0014440327783298743
1.05,1.1,1.05,0.1,6,0.051122350618052405,-5.84871546181382e-07,0.002044894024722096,0.0010230318839072295
1.05,1.1,1.05,0.1,7,0.051175074394709336,-4.1007539043088607e-10,0.0020470029757883733,0.0010235018979695772
1.05,1.1,1.05,0.1,8,0.0689717670138309,-5.724072670935514e-08,0.002758870680553236,0.0013794925810033272
1.05,1.1,1.05,0.1,9,0.06992943321140857,2.525547779914873e-07,0.002797177328456343,0.0013988412190061629
1.05,1.1,1.05,0.1,10,0.07986539626622699,-1.0189336514793265e-06,0.00319461585064908,0.0015983268589760192
1.05,1.1,1.05,0.1,11,0.07749123484868134,-1.9364679913454544e-07,0.0030996493939472536,0.0015500183437727614
1.05,1.1,1.05,0.1,12,0.05080986672006731,9.596210044754316e-08,0.0020323946688026923,0.0010162932965017937
1.05,1.1,1.05,0.1,13,0.057058469605472166,1.0650343387373293e-06,0.0022823387842188865,0.0011422344264481806
1.05,1.1,1.05,0.1,14,0.04950926334478599,-9.838719979360984e-07,0.0019803705337914394,0.0009911691388936558
1.05,1.1,1.05,0.1,15,0.04863164005729462,-8.421376032584756e-09,0.0019452656022917846,0.0009726412225219249
1.05,1.1,1.05,0.2,1,0.03506564579946301,1.1357093817484604e-06,0.0014026258319785204,0.0007024486253710086
1.05,1.1,1.05,0.2,2,0.055757170931445096,-1.0530888973563188e-06,0.002230286837257804,0.0011161965075262583
1.05,1.1,1.05,0.2,3,0.04429398515574194,1.4993990581843315e-09,0.0017717594062296776,0.000885881202513897
1.05,1.1,1.05,0.2,4,0.0664658070785796,9.318725908530708e-08,0.002658632283143184,0.0013294093288306772
1.05,1.1,1.05,0.2,5,0.07096613785966893,1.141658214688902e-06,0.0028386455143867575,0.0014204644154080677
1.05,1.1,1.05,0.2,6,0.05009018094854295,-8.937011425020217e-07,0.002003607237941718,0.001002697320113361
1.05,1.1,1.05,0.2,7,0.0499629719443569,-2.142887529940428e-10,0.001998518877774276,0.000999259653175891
1.05,1.1,1.05,0.2,8,0.06907417741161032,4.403510717170554e-09,0.0027629670964644127,0.0013814879517429234
1.05,1.1,1.05,0.2,9,0.06866027559311993,-4.2508911489566245e-09,0.0027464110237247976,0.0013732097627535476
1.05,1.1,1.05,0.2,10,0.07989149110851695,-1.1282003523984948e-06,0.003195659644340678,0.0015989580225227375
1.05,1.1,1.05,0.2,11,0.07725934728953543,-2.1908974498244748e-07,0.003090373891581417,0.001545406035535691
1.05,1.1,1.05,0.2,12,0.049923078804511044,1.5510011900268225e-07,0.0019969231521804417,0.0009986166762092235
1.05,1.1,1.05,0.2,13,0.05634437055856678,1.1558514340143759e-06,0.0022537748223426714,0.00112804326260535
1.05,1.1,1.05,0.2,14,0.04893753961477074,-1.0014787850835057e-06,0.0019575015845908297,0.0009797522710804983
1.05,1.1,1.05,0.2,15,0.04768321255149095,-9.243832022678486e-09,0.0019073285020596382,0.0009536734948618418
1.05,1.1,1.1,0.05,1,0.0559557154375508,-5.75597781586032e-09,0.002238228617502032,0.0011191200647288318
1.05,1.1,1.1,0.05,2,0.08183500146500838,3.991243016835438e-08,0.0032734000586003356,0.0016367399417303362
1.05,1.1,1.1,0.05,3,0.059318881878517866,-2.01417205618943e-08,0.0023727552751407147,0.0011863977792909192
1.05,1.1,1.1,0.05,4,0.07570545771952569,-9.394650202524876e-08,0.0030282183087810277,0.001514203100892539
1.05,1.1,1.1,0.05,5,0.08728575192896829,-1.33124570203091e-07,0.0034914300771587315,0.0017458481631495689
1.05,1.1,1.1,0.05,6,0.05688925243490777,1.8506915942360263e-08,0.002275570097396311,0.0011378035556140979
1.05,1.1,1.1,0.05,7,0.051127184489093494,-1.1904300750692877e-08,0.00204508737956374,0.0010225555940826206
1.05,1.1,1.1,0.05,8,0.06163308258991239,-5.098010165884991e-09,0.0024653233035964958,0.0012326667498084138
1.05,1.1,1.1,0.05,9,0.06343516604731606,-6.41462460278415e-07,0.002537406641892642,0.0012693447834065995
1.05,1.1,1.1,0.05,10,0.0863899911133959,2.2346097973740197e-07,0.0034555996445358363,0.0017280232832476556
1.05,1.1,1.1,0.05,11,0.07955876075692833,2.8484503433121857e-08,0.0031823504302771334,0.0015912036996419997
1.05,1.1,1.1,0.05,12,0.05939171211639155,-6.919021382401999e-08,0.002375668484655662,0.001187903432541655
1.05,1.1,1.1,0.05,13,0.08188079367157919,-2.2561638608109064e-08,0.0032752317468631676,0.001637638435070192
1.05,1.1,1.1,0.05,14,0.05595865579597678,6.4147692464342344e-09,0.0022383462318390714,0.001119179530688782
1.05,1.1,1.1,0.05,15,0.03660441420063563,-6.9337440239313796e-09,0.001464176568025425,0.0007320952177567365
1.05,1.1,1.1,0.1,1,0.03480253336666019,2.2344166889371993e-08,0.0013921013346664076,0.0006960730115000932
1.05,1.1,1.1,0.1,2,0.05663729715247842,-5.923068211233554e-09,0.002265491886099137,0.0011327518661177797
1.05,1.1,1.1,0.1,3,0.04521636179735888,1.9295890878873856e-08,0.001808654471894355,0.0009043465318380563
1.05,1.1,1.1,0.1,4,0.06679930315996502,1.0024592309397761e-07,0.0026719721263986007,0.0013360863091223943
1.05,1.1,1.1,0.1,5,0.07218370034626267,3.152155513130449e-08,0.002887348013850507,0.0014437055284803849
1.05,1.1,1.1,0.1,6,0.05115907258582573,3.7657014126480444e-07,0.0020463629034330293,0.0010235580218577794
1.05,1.1,1.1,0.1,7,0.05121466817509454,-3.980149719078639e-10,0.0020485867270037816,0.0010242937615168627
1.05,1.1,1.1,0.1,8,0.06901804639963435,-1.2843500976925727e-07,0.002760721855985374,0.0013804893630024562
1.05,1.1,1.1,0.1,9,0.06998355799384379,-7.347463784197999e-07,0.0027993423197537515,0.0014004059062552956
1.05,1.1,1.1,0.1,10,0.07992245983195637,-6.544606533551395e-08,0.0031968983932782547,0.0015985146427044629
1.05,1.1,1.1,0.1,11,0.07755453696083321,-2.3134911683611267e-07,0.0031021814784333284,0.0015513220883335004
1.05,1.1,1.1,0.1,12,0.05084672222041727,1.29388511459049e-07,0.0020338688888166907,0.0010170638329198044
1.05,1.1,1.1,0.1,13,0.0570718296437414,7.222402466341212e-08,0.002282873185749656,0.0011415088168994915
1.05,1.1,1.1,0.1,14,0.0495190913575751,5.740675884690401e-10,0.001980763654303004,0.0009903824012190904
1.05,1.1,1.1,0.1,15,0.04866144671328174,-1.1251842871472901e-08,0.0019464578685312699,0.0009732401861085064
1.05,1.1,1.1,0.2,1,0.034979885863326995,5.1861790084027333e-08,0.0013991954345330799,0.0006996495790566239
1.05,1.1,1.1,0.2,2,0.05580526026882535,-2.5595419279314855e-08,0.002232210410753014,0.0011161308007957864
1.05,1.1,1.1,0.2,3,0.044357802735535544,-1.6228372315701836e-08,0.0017743121094214217,0.0008871722830830265
1.05,1.1,1.1,0.2,4,0.0665916015814156,1.2436510040702057e-07,0.002663664063256624,0.001331956396728719
1.05,1.1,1.1,0.2,5,0.07108173298697432,1.2591070422235357e-07,0.0028432693194789726,0.0014217605704437088
1.05,1.1,1.1,0.2,6,0.05019510799565225,1.0467153625203223e-07,0.0020078043198260903,0.0010040068314492972
1.05,1.1,1.1,0.2,7,0.050062006649916724,-8.628606823031651e-10,0.002002480265996669,0.0010012409958590168
1.05,1.1,1.1,0.2,8,0.06920943253564939,4.911282531326404e-09,0.0027683773014259756,0.001384193561995519
1.05,1.1,1.1,0.2,9,0.06878965239335334,-9.816338270555815e-07,0.0027515860957341336,0.0013767746816941225
1.05,1.1,1.1,0.2,10,0.08004556214039318,-1.521044306013544e-07,0.0032018224856157273,0.001601063347238465
1.05,1.1,1.1,0.2,11,0.07739289863044825,-2.2378555734668497e-07,0.00309571594521793,0.0015480817581663118
1.05,1.1,1.1,0.2,12,0.04998228473872227,2.027811154383279e-07,0.001999291389548891,0.0009998484758898837
1.05,1.1,1.1,0.2,13,0.056361352306406196,1.1219241348997877e-07,0.0022544540922562477,0.0011273392385416138
1.05,1.1,1.1,0.2,14,0.0489618419314451,6.239549613685786e-09,0.001958473677257804,0.0009792430781785158
1.05,1.1,1.1,0.2,15,0.04775954438497302,-5.683177014374896e-09,0.001910381775398921,0.0009551965708764748
1.1,0.9,0.9,0.05,1,0.08658995797531975,9.420768201998109e-16,0.00346359831901279,0.0017317991595073373
1.1,0.9,0.9,0.05,2,0.13216560530976673,7.300898844904771e-16,0.0052866242123906695,0.0026433121061960646
1.1,0.9,0.9,0.05,3,0.09853646443151053,4.972015637746963e-16,0.003941458577260421,0.0019707292886307075
1.1,0.9,0.9,0.05,4,0.12669563876303716,3.8912015970504754e-16,0.005067825550521487,0.0025339127752611323
1.1,0.9,0.9,0.05,5,0.1311473991956306,4.0966579087364785e-16,0.005245895967825224,0.002622947983913022
1.1,0.9,0.9,0.05,6,0.09253195708710786,2.319515022761176e-17,0.0037012782834843147,0.0018506391417421806
1.1,0.9,0.9,0.05,7,0.09106252459285662,-1.7835125737386548e-17,0.003642500983714265,0.0018212504918571502
1.1,0.9,0.9,0.05,8,0.10903633137388061,3.4762232155316486e-16,0.004361453254955224,0.00218072662747796
1.1,0.9,0.9,0.05,9,0.11322870568185041,5.665227401779882e-16,0.004529148227274017,0.0022645741136375747
1.1,0.9,0.9,0.05,10,0.12435640777948204,5.892096706372474e-16,0.004974256311179282,0.0024871281555902303
1.1,0.9,0.9,0.05,11,0.11754372313235611,5.779881781520224e-16,0.004701748925294244,0.0023508744626477003
1.1,0.9,0.9,0.05,12,0.09855428745329298,2.179246366695864e-16,0.003942171498131719,0.0019710857490660774
1.1,0.9,0.9,0.05,13,0.1321804262734669,4.2678432673765726e-16,0.005287217050938676,0.002643608525469765
1.1,0.9,0.9,0.05,14,0.08659960202117116,3.2634485391813683e-17,0.0034639840808468464,0.0017319920404234557
1.1,0.9,0.9,0.05,15,0.06770307571650927,6.476604497119513e-17,0.0027081230286603707,0.0013540615143302502
1.1,0.9,0.9,0.1,1,0.11555810293582489,1.3739687556094116e-15,0.004622324117432995,0.0023111620587178716
1.1,0.9,0.9,0.1,2,0.1660169691778096,6.028435129562526e-16,0.006640678767112384,0.0033203393835567947
1.1,0.9,0.9,0.1,3,0.11808455515255485,1.3132534339502233e-15,0.004723382206102194,0.0023616911030524103
1.1,0.9,0.9,0.1,4,0.14609485215052156,4.688632294913564e-16,0.0058437940860208626,0.0029218970430109
1.1,0.9,0.9,0.1,5,0.17539387941054377,7.939341458568228e-16,0.007015755176421751,0.0035078775882116694
1.1,0.9,0.9,0.1,6,0.11607738515839389,4.553649124439119e-18,0.004643095406335756,0.0023215477031678826
1.1,0.9,0.9,0.1,7,0.09825561687781766,1.1114427520692027e-16,0.003930224675112707,0.0019651123375564643
1.1,0.9,0.9,0.1,8,0.11587330218373745,3.3981606591126923e-16,0.004634932087349498,0.002317466043675089
1.1,0.9,0.9,0.1,9,0.12098688803329806,5.067154378382566e-16,0.004839475521331922,0.0024197377606664677
1.1,0.9,0.9,0.1,10,0.17699709686437348,1.0024533286800974e-15,0.00707988387457494,0.003539941937288472
1.1,0.9,0.9,0.1,11,0.15114622271727374,1.1036636014816192e-15,0.006045848908690949,0.0030229244543465783
1.1,0.9,0.9,0.1,12,0.11814827280325292,4.703133498970558e-16,0.004725930912130117,0.0023629654560655285
1.1,0.9,0.9,0.1,13,0.1659548715555741,8.820391248984261e-16,0.006638194862222964,0.003319097431112364
1.1,0.9,0.9,0.1,14,0.11556072179720217,-2.100641709190665e-18,0.0046224288718880865,0.0023112144359440454
1.1,0.9,0.9,0.1,15,0.06812582557944849,2.783053803146092e-17,0.0027250330231779396,0.0013625165115889975
1.1,0.9,0.9,0.2,1,0.06209381907533981,8.711056236152676e-16,0.0024837527630135925,0.0012418763815076673
1.1,0.9,0.9,0.2,2,0.09954678736262246,8.202396010667523e-16,0.0039818714945048985,0.0019909357472532693
1.1,0.9,0.9,0.2,3,0.07482564753716298,2.75956557951873e-16,0.002993025901486519,0.0014965129507435355
1.1,0.9,0.9,0.2,4,0.10304131677251374,2.993753248775599e-16,0.0041216526709005495,0.002060826335450574
1.1,0.9,0.9,0.2,5,0.11722882744129676,6.544515363665626e-16,0.004689153097651871,0.0023445765488265898
1.1,0.9,0.9,0.2,6,0.07812471205924139,6.883328542567346e-17,0.0031249884823696555,0.0015624942411848965
1.1,0.9,0.9,0.2,7,0.07229211257681373,2.8857396073417307e-16,0.002891684503072549,0.0014458422515365632
1.1,0.9,0.9,0.2,8,0.09025731100906355,2.23562487966511e-16,0.003610292440362542,0.0018051462201814947
1.1,0.9,0.9,0.2,9,0.09363104028778983,2.6989857831311026e-16,0.0037452416115115934,0.0018726208057560667
1.1,0.9,0.9,0.2,10,0.12406084177356491,2.736526283353413e-16,0.004962433670942596,0.0024812168354715718
1.1,0.9,0.9,0.2,11,0.11220181118246769,4.035671536534169e-16,0.004488072447298708,0.0022440362236497576
1.1,0.9,0.9,0.2,12,0.07745883448122702,8.974483482748763e-17,0.003098353379249081,0.0015491766896246302
1.1,0.9,0.9,0.2,13,0.0996707793453653,2.8380347117523685e-16,0.003986831173814613,0.00199341558690759
1.1,0.9,0.9,0.2,14,0.07288527382202663,5.801159249155252e-17,0.002915410952881065,0.0014577054764405907
1.1,0.9,0.9,0.2,15,0.05534228827548295,1.001675752434518e-16,0.002213691531019318,0.0011068457655097593
1.1,0.9,0.9500000000000001,0.05,1,0.08654343747351788,6.599694556756505e-07,0.003461737498940715,0.0017315287189260333
1.1,0.9,0.9500000000000001,0.05,2,0.1320793300247501,-6.388950168950577e-07,0.0052831732009900045,0.0026422254955118974
1.1,0.9,0.9500000000000001,0.05,3,0.09847213129793123,3.914802781925452e-08,0.003938885251917249,0.001969481773986444
1.1,0.9,0.9500000000000001,0.05,4,0.12660864679640663,-3.2625870168044926e-08,0.005064345871856265,0.0025322055617983006
1.1,0.9,0.9500000000000001,0.05,5,0.13095255803490138,6.889174028686421e-07,0.005238102321396055,0.002619740078100896
1.1,0.9,0.9500000000000001,0.05,6,0.09245608436665902,-7.552626748348544e-07,0.003698243374666361,0.0018498769500080153
1.1,0.9,0.9500000000000001,0.05,7,0.09098708874808384,-1.3605154711431467e-09,0.0036394835499233536,0.001819743135477148
1.1,0.9,0.9500000000000001,0.05,8,0.10894742488484369,4.889174739922727e-09,0.0043578969953937475,0.0021789533868716137
1.1,0.9,0.9500000000000001,0.05,9,0.11313095624229622,8.415638813776406e-07,0.004525238249691849,0.002263460688727302
1.1,0.9,0.9500000000000001,0.05,10,0.12417728669405637,-6.905243761994397e-07,0.004967091467762255,0.002484236258257327
1.1,0.9,0.9500000000000001,0.05,11,0.11729560717357207,3.343968638352523e-08,0.0046918242869428825,0.002345945583157825
1.1,0.9,0.9500000000000001,0.05,12,0.09849500693012708,-3.909143980828473e-08,0.003939800277205084,0.00196993923004235
1.1,0.9,0.9500000000000001,0.05,13,0.13210623752422485,6.548956738732454e-07,0.005284249500968994,0.0026427796461583703
1.1,0.9,0.9500000000000001,0.05,14,0.08655149197321639,-6.864429887362558e-07,0.003462059678928656,0.0017317162824530643
1.1,0.9,0.9500000000000001,0.05,15,0.06763932174354638,-3.5239134628296825e-11,0.002705572869741855,0.0013527864701100621
1.1,0.9,0.9500000000000001,0.1,1,0.11536463518948659,1.4094523617586604e-06,0.004614585407579463,0.0023087021561514903
1.1,0.9,0.9500000000000001,0.1,2,0.16569589383813768,-1.352110152181928e-06,0.006627835753525507,0.0033152699869149357
1.1,0.9,0.9500000000000001,0.1,3,0.1178504120660862,8.09496960657791e-08,0.0047140164826434475,0.0023570891910177894
1.1,0.9,0.9500000000000001,0.1,4,0.14580984901387395,-7.267069399550814e-08,0.0058323939605549584,0.0029162696509714746
1.1,0.9,0.9500000000000001,0.1,5,0.17505815104066616,1.4052570795379732e-06,0.007002326041626646,0.0035025682778928612
1.1,0.9,0.9500000000000001,0.1,6,0.11588234808521056,-1.4158459174382418e-06,0.004635293923408422,0.0023190628076216495
1.1,0.9,0.9500000000000001,0.1,7,0.09803451252484635,2.7776058989198264e-10,0.003921380500993854,0.001960690528257517
1.1,0.9,0.9500000000000001,0.1,8,0.11562371700514308,1.3024025176746907e-09,0.004624948680205724,0.0023124756425053797
1.1,0.9,0.9500000000000001,0.1,9,0.12074117043982545,1.5244247429922503e-06,0.004829646817593018,0.0024163478335395014
1.1,0.9,0.9500000000000001,0.1,10,0.17665971534282826,-1.4021726153309758e-06,0.0070663886137131305,0.0035345964794718963
1.1,0.9,0.9500000000000001,0.1,11,0.15084448869096678,7.405412499292578e-08,0.006033779547638672,0.0030169638279443287
1.1,0.9,0.9500000000000001,0.1,12,0.1179140830469885,-8.305749867340377e-08,0.00471656332187954,0.0023583647184384437
1.1,0.9,0.9500000000000001,0.1,13,0.1656673179587732,1.3437911067530812e-06,0.006626692718350928,0.003314690150282217
1.1,0.9,0.9500000000000001,0.1,14,0.11536813300015372,-1.4075258515303243e-06,0.004614725320006149,0.002308770185854605
1.1,0.9,0.9500000000000001,0.1,15,0.0679706884757942,4.0404887447712933e-10,0.002718827539031768,0.0013594141735647585
1.1,0.9,0.9500000000000001,0.2,1,0.062037098141459225,2.086026860287076e-06,0.002481483925658369,0.0012428279896894716
1.1,0.9,0.9500000000000001,0.2,2,0.09943172277416927,-1.9552501636343323e-06,0.003977268910966771,0.0019905897056470196
1.1,0.9,0.9500000000000001,0.2,3,0.07472127204788517,1.0365819801728428e-07,0.002988850881915407,0.0014945290991557208
1.1,0.9,0.9500000000000001,0.2,4,0.10285894810206037,-7.964241440845026e-08,0.004114357924082415,0.002057258604455616
1.1,0.9,0.9500000000000001,0.2,5,0.11706356734332315,1.9400646963728505e-06,0.004682542693732927,0.0023432114115628363
1.1,0.9,0.9500000000000001,0.2,6,0.0779877974103742,-2.043988316673733e-06,0.0031195118964149685,0.001561799936524158
1.1,0.9,0.9500000000000001,0.2,7,0.07212745591614929,-7.860331468909553e-09,0.0028850982366459715,0.0014425569786544546
1.1,0.9,0.9500000000000001,0.2,8,0.09003788994083042,3.954475044176762e-08,0.003601515597633217,0.00180079734356705
1.1,0.9,0.9500000000000001,0.2,9,0.09341062334544656,2.01037349909619e-06,0.0037364249338178624,0.0018702228404080274
1.1,0.9,0.9500000000000001,0.2,10,0.12384076674736566,-1.9331200740982032e-06,0.004953630669894626,0.0024787484550214114
1.1,0.9,0.9500000000000001,0.2,11,0.11198491784460085,7.763892869176638e-08,0.0044793967137840346,0.002239775995820709
1.1,0.9,0.9500000000000001,0.2,12,0.07733125642118406,-1.1409133186835731e-07,0.0030932502568473625,0.0015467392197555496
1.1,0.9,0.9500000000000001,0.2,13,0.0995484368340781,1.9575247828342485e-06,0.003981937473363124,0.0019929262614643965
1.1,0.9,0.9500000000000001,0.2,14,0.07275726726792596,-2.0482515862293594e-06,0.0029102906907170385,0.0014571935969447487
1.1,0.9,0.9500000000000001,0.2,15,0.05518229583210635,1.5385333267834298e-10,0.0022072918332842538,0.0011036460704954595
1.1,0.9,1.0,0.05,1,0.08650149363204213,8.349290899269473e-07,0.003460059745281685,0.0017308648017307694
1.1,0.9,1.0,0.05,2,0.1320000731417048,-8.082938506583901e-07,0.005280002925668193,0.002640809756684755
1.1,0.9,1.0,0.05,3,0.09841429860470235,4.951845240021855e-08,0.003936571944188094,0.001968335490546447
1.1,0.9,1.0,0.05,4,0.12652938193301794,-4.125799770652704e-08,0.005061175277320718,0.0025306288966580655
1.1,0.9,1.0,0.05,5,0.13076672966964775,8.716350508614242e-07,0.00523066918678591,0.002616206228443816
1.1,0.9,1.0,0.05,6,0.09238750855475678,-9.555889204224656e-07,0.003695500342190271,0.0018487057600155578
1.1,0.9,1.0,0.05,7,0.09091914280342417,-1.7253325478104164e-09,0.0036367657121369667,0.0018183845814010312
1.1,0.9,1.0,0.05,8,0.10886666235802983,6.1947573577693284e-09,0.0043546664943211934,0.0021773394419179544
1.1,0.9,1.0,0.05,9,0.11304159112837923,1.0648605938001906e-06,0.00452166364513517,0.002261896683161385
1.1,0.9,1.0,0.05,10,0.12400825837566609,-8.736737264525328e-07,0.004960330335026643,0.002481038841239774
1.1,0.9,1.0,0.05,11,0.11705741283395146,4.22890131735929e-08,0.004682296513358059,0.002341190545692203
1.1,0.9,1.0,0.05,12,0.09844280257982357,-4.9446611187863965e-08,0.003937712103192943,0.0019689054982076595
1.1,0.9,1.0,0.05,13,0.13203906269226576,8.285535795137969e-07,0.00528156250769063,0.002641609807424829
1.1,0.9,1.0,0.05,14,0.08650874122911076,-8.684493433982774e-07,0.0034603496491644303,0.0017310432739256133
1.1,0.9,1.0,0.05,15,0.06758245303168754,-4.466421613149125e-11,0.002703298121267502,0.001351649105297967
1.1,0.9,1.0,0.1,1,0.11519173829522894,1.7826243257018995e-06,0.0046076695318091575,0.0023056173902302806
1.1,0.9,1.0,0.1,2,0.16540345654906094,-1.7101483517350328e-06,0.0066161382619624376,0.003309779279332954
1.1,0.9,1.0,0.1,3,0.11763987294793672,1.0236588509764414e-07,0.004705594917917469,0.002352899824843832
1.1,0.9,1.0,0.1,4,0.1455522293318146,-9.188349669574797e-08,0.0058220891732725846,0.002911136470132988
1.1,0.9,1.0,0.1,5,0.1747556770660446,1.7774377266385256e-06,0.006990227082641785,0.003496890979047531
1.1,0.9,1.0,0.1,6,0.11570731823696957,-1.7907236137679943e-06,0.004628292729478783,0.0023159370883531595
1.1,0.9,1.0,0.1,7,0.09783561260944174,3.4683593330535074e-10,0.003913424504377669,0.001956712599024768
1.1,0.9,1.0,0.1,8,0.11539882137785935,1.6545619409063725e-09,0.004615952855114374,0.002307978082119128
1.1,0.9,1.0,0.1,9,0.12052112100709121,1.928204040073397e-06,0.0048208448402836486,0.0024123506241818977
1.1,0.9,1.0,0.1,10,0.17635652498625817,-1.7735323346759855e-06,0.007054260999450327,0.0035289040320598394
1.1,0.9,1.0,0.1,11,0.15057544256814923,9.363518983367429e-08,0.006023017702725969,0.003011602486552818
1.1,0.9,1.0,0.1,12,0.11770361901786963,-1.0503492312091353e-07,0.0047081447607147855,0.002354177415280514
1.1,0.9,1.0,0.1,13,0.16540839569065924,1.6996148133954306e-06,0.0066163358276263694,0.00330986752862658
1.1,0.9,1.0,0.1,14,0.11519490008788355,-1.78018506726048e-06,0.0046077960035153425,0.0023056781868249316
1.1,0.9,1.0,0.1,15,0.06783205770019461,5.115085930520902e-10,0.0027132823080077847,0.0013566416655124854
1.1,0.9,1.0,0.2,1,0.061983586284885685,2.6367466135230844e-06,0.0024793434513954273,0.0012423084723112367
1.1,0.9,1.0,0.2,2,0.09932507086636415,-2.471423292318586e-06,0.003973002834654566,0.0019889728406196016
1.1,0.9,1.0,0.2,3,0.07462605237421222,1.3098053668818103e-07,0.0029850420949684886,0.0014926520280209325
1.1,0.9,1.0,0.2,4,0.10269413049539658,-1.0057930947216724e-07,0.004107765219815864,0.002053983189217404
1.1,0.9,1.0,0.2,5,0.11691473249874781,2.4521812452567412e-06,0.004676589299949913,0.002340746831220213
1.1,0.9,1.0,0.2,6,0.07785880415884733,-2.5835092124418783e-06,0.0031143521663538933,0.0015597595923893886
1.1,0.9,1.0,0.2,7,0.07197817501868628,-9.960105166464343e-09,0.002879127000747451,0.001439573460478892
1.1,0.9,1.0,0.2,8,0.08984061995250714,5.007826259313046e-08,0.0035936247981002856,0.001796862477312736
1.1,0.9,1.0,0.2,9,0.0932098612267758,2.5409366093613432e-06,0.003728394449071032,0.0018667381611448773
1.1,0.9,1.0,0.2,10,0.12363727342850064,-2.4433854264649445e-06,0.004945490937140026,0.002475188853996478
1.1,0.9,1.0,0.2,11,0.11178543977557547,9.804213967743347e-08,0.004471417591023019,0.002235806837651187
1.1,0.9,1.0,0.2,12,0.0772159233626575,-1.4418980545924983e-07,0.0030886369345062997,0.001544462657058609
1.1,0.9,1.0,0.2,13,0.09943459749506675,2.4743042247719175e-06,0.00397738389980267,0.001991166254126107
1.1,0.9,1.0,0.2,14,0.07263791544558433,-2.5889003241081668e-06,0.002905516617823373,0.0014553472092357948
1.1,0.9,1.0,0.2,15,0.05503896441998527,1.9475331769615794e-10,0.002201558576799411,0.001100779483153023
1.1,0.9,1.05,0.05,1,0.08646360763570743,5.957111075968489e-07,0.0034585443054282973,0.0017298678638217454
1.1,0.9,1.05,0.05,2,0.1319268091835023,-5.767240661455132e-07,0.005277072367340092,0.0026391129077361917
1.1,0.9,1.05,0.05,3,0.09836206452796764,3.532573108465137e-08,0.003934482581118706,0.0019672766162904375
1.1,0.9,1.05,0.05,4,0.12645683294434887,-2.942601601789571e-08,0.005058273317773955,0.0025291660849029955
1.1,0.9,1.05,0.05,5,0.1305887190071207,6.219545410962232e-07,0.005223548760284829,0.0026123963346835104
1.1,0.9,1.05,0.05,6,0.09232473419362994,-6.818676738402568e-07,0.0036929893677451974,0.001847176551546439
1.1,0.9,1.05,0.05,7,0.09085763177719393,-1.2336801559839497e-09,0.0036343052710877573,0.0018171538692240347
1.1,0.9,1.05,0.05,8,0.10879287552985051,4.425990491290074e-09,0.00435171502119402,0.0021758619365875014
1.1,0.9,1.05,0.05,9,0.11295947880303066,7.598909586408462e-07,0.0045183791521212265,0.0022599494670192542
1.1,0.9,1.05,0.05,10,0.12384791630875713,-6.234127901969054e-07,0.004953916652350286,0.00247758173896534
1.1,0.9,1.05,0.05,11,0.1168277299130594,3.0162573839466206e-08,0.004673109196522376,0.0023365847608350274
1.1,0.9,1.05,0.05,12,0.09839688478353797,-3.5274310616426204e-08,0.003935875391341519,0.001967972969981376
1.1,0.9,1.05,0.05,13,0.13197794480844433,5.911902795413086e-07,0.005279117792337773,0.002640150086448428
1.1,0.9,1.05,0.05,14,0.08647056981002742,-6.196458164808277e-07,0.003458822792401097,0.0017300310420170293
1.1,0.9,1.05,0.05,15,0.06753153895441923,-3.192132250786202e-11,0.002701261558176769,0.001350630811009707
1.1,0.9,1.05,0.1,1,0.11503574464391401,1.271571272167709e-06,0.00460142978575656,0.002301986464150448
1.1,0.9,1.05,0.1,2,0.16513564106358639,-1.219904367891748e-06,0.006605425642543456,0.0033039327256396194
1.1,0.9,1.05,0.1,3,0.11744953656069533,7.300850053996392e-08,0.0046979814624278134,0.0023490637397144466
1.1,0.9,1.05,0.1,4,0.145318111777985,-6.552388488246293e-08,0.0058127244711194005,0.002906427759444583
1.1,0.9,1.05,0.1,5,0.17448180233852092,1.267948781808327e-06,0.006979272093540837,0.003490903995552227
1.1,0.9,1.05,0.1,6,0.11554910798281826,-1.2773569796042104e-06,0.00462196431931273,0.0023122595166359694
1.1,0.9,1.05,0.1,7,0.09765578966136988,2.445173375299585e-10,0.0039062315864547953,0.0019531160377447353
1.1,0.9,1.05,0.1,8,0.11519506853252959,1.184961048202168e-09,0.004607802741301184,0.00230390255561164
1.1,0.9,1.05,0.1,9,0.12032125197897671,1.375523192838899e-06,0.004812850079159069,0.0024078005627723733
1.1,0.9,1.05,0.1,10,0.1760827456447663,-1.2651602470001538e-06,0.007043309825790652,0.003522920073142326
1.1,0.9,1.05,0.1,11,0.1503323653484526,6.677467316920909e-08,0.006013294613938104,0.0030067140816422214
1.1,0.9,1.05,0.1,12,0.11751347712870255,-7.491440959886159e-08,0.004700539085148102,0.00235034445698365
1.1,0.9,1.05,0.1,13,0.16517410122357107,1.2123829451938739e-06,0.006606964048942843,0.003304694407416615
1.1,0.9,1.05,0.1,14,0.11503822543025405,-1.2698295826445134e-06,0.004601529017210162,0.0023020343381877258
1.1,0.9,1.05,0.1,15,0.06770760811232228,3.6517803746207105e-10,0.0027083043244928912,0.0013541525274244832
1.1,0.9,1.05,0.2,1,0.06193007469074859,1.879810546990251e-06,0.002477202987629944,0.0012404813043619622
1.1,0.9,1.05,0.2,2,0.09922549902991197,-1.7619332454628953e-06,0.003969019961196479,0.0019862719138437025
1.1,0.9,1.05,0.2,3,0.07453866639880535,9.335146706081871e-08,0.0029815466559522143,0.001490866679443168
1.1,0.9,1.05,0.2,4,0.10254381194533084,-7.164841255062832e-08,0.004101752477813234,0.0020509478873191674
1.1,0.9,1.05,0.2,5,0.11677974476095843,1.7481843433848605e-06,0.004671189790438337,0.0023373430795625536
1.1,0.9,1.05,0.2,6,0.07773680095090782,-1.841791192909533e-06,0.0031094720380363127,0.001556577810211066
1.1,0.9,1.05,0.2,7,0.07184213621820218,-7.116722920935507e-09,0.002873685448728087,0.0014368498410869644
1.1,0.9,1.05,0.2,8,0.08966133856843382,3.576257179559476e-08,0.0035864535427373528,0.001793262533940472
1.1,0.9,1.05,0.2,9,0.0930256169094886,1.811386175853997e-06,0.0037210246763795442,0.0018623237243656262
1.1,0.9,1.05,0.2,10,0.12344847995700758,-1.7419020694705353e-06,0.004937939198280303,0.002470711501209622
1.1,0.9,1.05,0.2,11,0.1116007517937807,6.983652277628948e-08,0.004464030071751228,0.00223208487239839
1.1,0.9,1.05,0.2,12,0.07711115346794173,-1.0278275942191635e-07,0.003084446138717669,0.0015423258521182564
1.1,0.9,1.05,0.2,13,0.09932848866604158,1.7639908920764565e-06,0.003973139546641663,0.001988333764212908
1.1,0.9,1.05,0.2,14,0.07252417797899587,-1.84563617081179e-06,0.0029009671191598347,0.0014523291957507292
1.1,0.9,1.05,0.2,15,0.054909021756526254,1.3902716296280363e-10,0.0021963608702610504,0.0010981805741576882
1.1,0.9,1.1,0.05,1,0.08643139837881339,2.883842253539881e-16,0.0034572559351525355,0.0017286279675765561
1.1,0.9,1.1,0.05,2,0.1318587593174594,-1.1756817307889689e-17,0.005274350372698376,0.0026371751863492
1.1,0.9,1.1,0.05,3,0.09831469221454207,-1.1079190950086248e-16,0.003932587688581683,0.0019662938442909523
1.1,0.9,1.1,0.05,4,0.12639017630137572,1.9927635930283571e-16,0.005055607052055029,0.002527803526027714
1.1,0.9,1.1,0.05,5,0.13041773673184778,1.3853393258933533e-16,0.005216709469273911,0.002608354734637094
1.1,0.9,1.1,0.05,6,0.09226746799350302,2.1799239930536674e-17,0.003690698719740121,0.0018453493598700823
1.1,0.9,1.1,0.05,7,0.09080171240108205,-9.75781955236954e-19,0.003632068496043282,0.001816034248021642
1.1,0.9,1.1,0.05,8,0.10872511178272261,1.7539680645384248e-16,0.004349004471308904,0.0021745022356546274
1.1,0.9,1.1,0.05,9,0.11288369595128399,2.415060339211461e-16,0.0045153478380513595,0.0022576739190259213
1.1,0.9,1.1,0.05,10,0.12369511420831586,2.985892783025079e-16,0.0049478045683326345,0.0024739022841666156
1.1,0.9,1.1,0.05,11,0.11660540879435652,4.367166350771612e-16,0.0046642163517742604,0.002332108175887567
1.1,0.9,1.1,0.05,12,0.09835668081594906,1.403228661739364e-16,0.003934267232637963,0.001967133616319122
1.1,0.9,1.1,0.05,13,0.13192211929707148,-1.4816385016666947e-16,0.00527688477188286,0.002638442385941578
1.1,0.9,1.1,0.05,14,0.08643638430411504,1.5585406229479126e-19,0.003457455372164602,0.0017287276860823012
1.1,0.9,1.1,0.05,15,0.06748582089442971,-1.4827862313102243e-16,0.0026994328357771886,0.0013497164178887426
1.1,0.9,1.1,0.1,1,0.1148942185094013,5.896433515062416e-16,0.004595768740376052,0.002297884370188616
1.1,0.9,1.1,0.1,2,0.16488916777544232,1.8545955786722357e-16,0.006595566711017693,0.0032977833555090322
1.1,0.9,1.1,0.1,3,0.11727690696694687,4.0301150004001807e-16,0.004691076278677875,0.0023455381393393403
1.1,0.9,1.1,0.1,4,0.1451043321008553,2.2003883090593312e-16,0.005804173284034212,0.002902086642017326
1.1,0.9,1.1,0.1,5,0.1742327265680681,2.4082840756334267e-16,0.006969309062722724,0.0034846545313616025
1.1,0.9,1.1,0.1,6,0.11540542404363804,9.391901319155682e-18,0.004616216961745522,0.0023081084808727705
1.1,0.9,1.1,0.1,7,0.0974924898888549,-1.0664483619110543e-16,0.0038996995955541958,0.0019498497977772046
1.1,0.9,1.1,0.1,8,0.1150095657420298,1.6008245076748473e-16,0.004600382629681193,0.0023001913148407564
1.1,0.9,1.1,0.1,9,0.12013962410325336,1.2710915219676933e-16,0.004805584964130135,0.0024027924820651946
1.1,0.9,1.1,0.1,10,0.17583429268372025,4.4251711669995863e-16,0.00703337170734881,0.0035166858536748473
1.1,0.9,1.1,0.1,11,0.15011186047450867,2.936019483090746e-16,0.006004474418980347,0.003002237209490467
1.1,0.9,1.1,0.1,12,0.11734087692413725,2.1514636860259229e-16,0.00469363507696549,0.0023468175384829602
1.1,0.9,1.1,0.1,13,0.16496116502033525,9.863529264186877e-17,0.00659844660081341,0.0032992233004068036
1.1,0.9,1.1,0.1,14,0.11489585458544704,-1.0814916670542907e-17,0.004595834183417882,0.0022979170917089516
1.1,0.9,1.1,0.1,15,0.06759544494846975,-2.3137848448730007e-16,0.00270381779793879,0.0013519088989696264
1.1,0.9,1.1,0.2,1,0.06188137497408593,1.7655215939389735e-16,0.0024752549989634372,0.0012376274994818951
1.1,0.9,1.1,0.2,2,0.09913210489086315,3.554150246679044e-17,0.003965284195634526,0.0019826420978172987
1.1,0.9,1.1,0.2,3,0.07445812116380139,-3.82316791072701e-17,0.0029783248465520555,0.001489162423276066
1.1,0.9,1.1,0.2,4,0.10240660384378816,1.4213890481284963e-16,0.004096264153751527,0.0020481320768759056
1.1,0.9,1.1,0.2,5,0.11665678556264206,5.057803134644878e-17,0.004666271422505682,0.0023331357112528917
1.1,0.9,1.1,0.2,6,0.07762153166573231,1.2827466953219124e-17,0.0031048612666292924,0.001552430633314659
1.1,0.9,1.1,0.2,7,0.07171770492371124,1.740415537382356e-16,0.0028687081969484495,0.0014343540984743989
1.1,0.9,1.1,0.2,8,0.08949860681225694,1.0405630350429629e-16,0.0035799442724902776,0.0017899721362452429
1.1,0.9,1.1,0.2,9,0.09285712551812922,2.3729797423918675e-16,0.003714285020725169,0.0018571425103628217
1.1,0.9,1.1,0.2,10,0.12327300733700502,1.3780209612290761e-16,0.004930920293480201,0.0024654601467402385
1.1,0.9,1.1,0.2,11,0.11142884012568292,1.2349062744609896e-16,0.0044571536050273175,0.0022285768025137823
1.1,0.9,1.1,0.2,12,0.07701574499912861,4.595661958622932e-17,0.0030806297999651446,0.0015403148999826183
1.1,0.9,1.1,0.2,13,0.09922961286110936,1.0395465955062577e-16,0.003969184514444375,0.0019845922572222915
1.1,0.9,1.1,0.2,14,0.07242237616233443,3.814697581254467e-17,0.0028968950464933773,0.0014484475232467268
1.1,0.9,1.1,0.2,15,0.05479103050510732,-1.371062585567382e-16,0.002191641220204293,0.0010958206101022835
1.1,0.9500000000000001,0.9,0.05,1,0.08061311414065483,5.454287362164059e-07,0.0032245245656261933,0.0016128077115493131
1.1,0.9500000000000001,0.9,0.05,2,0.12303515606281695,-4.591185117230197e-06,0.004921406242512678,0.002465294306373569
1.1,0.9500000000000001,0.9,0.05,3,0.09041826945020234,-5.990092693325183e-05,0.003616730778008094,0.0018682663159372988
1.1,0.9500000000000001,0.9,0.05,4,0.1167532069753086,0.00022265976113762032,0.0046701282790123436,0.002557723900643792
1.1,0.9500000000000001,0.9,0.05,5,0.12224508181031643,8.350228158005203e-05,0.004889803272412657,0.0025284039177863806
1.1,0.9500000000000001,0.9,0.05,6,0.08466333850168675,-1.852319622843337e-05,0.00338653354006747,0.0017117899662621684
1.1,0.9500000000000001,0.9,0.05,7,0.0819708192954548,-5.658798230445466e-05,0.003278832771818192,0.0016960043682135507
1.1,0.9500000000000001,0.9,0.05,8,0.0984093434198356,0.00012928905896650989,0.003936373736793424,0.002097475927363222
1.1,0.9500000000000001,0.9,0.05,9,0.10189583495871884,0.0001676159727158535,0.004075833398348754,0.0022055326718902306
1.1,0.9500000000000001,0.9,0.05,10,0.11693585623637673,-8.415428653405627e-05,0.004677434249455069,0.002422871411261591
1.1,0.9500000000000001,0.9,0.05,11,0.10997727514406527,-0.0002293808675479276,0.004399091005762611,0.002428926370429233
1.1,0.9500000000000001,0.9,0.05,12,0.09046288376824457,5.831623826668912e-05,0.003618515350729783,0.0018675739136315805
1.1,0.9500000000000001,0.9,0.05,13,0.12305363608950332,5.694985472010183e-06,0.004922145443580133,0.0024667677072620765
1.1,0.9500000000000001,0.9,0.05,14,0.0806393987321272,-3.5213807610489067e-07,0.0032255759492850877,0.0016131401127186488
1.1,0.9500000000000001,0.9,0.05,15,0.05990637435397398,-1.3832065726599332e-06,0.0023962549741589592,0.0011995106936521396
1.1,0.9500000000000001,0.9,0.1,1,0.09472032845240604,9.130688568029975e-06,0.0037888131380962417,0.001903537257616151
1.1,0.9500000000000001,0.9,0.1,2,0.13550653622707187,4.738963591418748e-05,0.005420261449082875,0.002757520360455625
1.1,0.9500000000000001,0.9,0.1,3,0.0960989871556378,-7.16973366082062e-05,0.003843959486225512,0.001993677079720962
1.1,0.9500000000000001,0.9,0.1,4,0.12224445102214695,0.0002767917329326891,0.004889778040885878,0.002721680753375628
1.1,0.9500000000000001,0.9,0.1,5,0.14538638351456817,5.122816008235382e-05,0.005815455340582727,0.0029589558303737174
1.1,0.9500000000000001,0.9,0.1,6,0.09935377114682593,7.5113032788076694e-06,0.0039741508458730375,0.0019945867262153266
1.1,0.9500000000000001,0.9,0.1,7,0.08051124403669269,-6.302833483173834e-05,0.0032204497614677077,0.0016732532155655923
1.1,0.9500000000000001,0.9,0.1,8,0.09831750039205982,9.019041438806678e-05,0.003932700015682393,0.002056540422229263
1.1,0.9500000000000001,0.9,0.1,9,0.10558688946721276,-0.00010447092955347752,0.00422347557868851,0.0022162087188977325
1.1,0.9500000000000001,0.9,0.1,10,0.14824536047294296,-5.018642530043015e-05,0.0059298144189177185,0.0030150936347592893
1.1,0.9500000000000001,0.9,0.1,11,0.12711029846658772,-0.0002461361183557431,0.005084411938663509,0.002788342087687498
1.1,0.9500000000000001,0.9,0.1,12,0.09883805537772533,6.266691656628275e-05,0.003953522215109013,0.0020394280241207894
1.1,0.9500000000000001,0.9,0.1,13,0.13603319618193724,-5.731022648307831e-05,0.00544132784727749,0.0027779741501218233
1.1,0.9500000000000001,0.9,0.1,14,0.09955967266769628,-3.588085085601034e-06,0.003982386906707851,0.0019947815384395266
1.1,0.9500000000000001,0.9,0.1,15,0.05768535350241591,-7.20673847188728e-07,0.0023074141400966364,0.001154427743895507
1.1,0.9500000000000001,0.9,0.2,1,0.06309942523044436,1.5752867119811597e-05,0.0025239770092177743,0.0012777413717286988
1.1,0.9500000000000001,0.9,0.2,2,0.10127643314453771,-3.073326552603316e-05,0.004051057325781509,0.0020562619284167877
1.1,0.9500000000000001,0.9,0.2,3,0.07490114099204336,-4.057544797742319e-05,0.0029960456396817344,0.0015385982678182903
1.1,0.9500000000000001,0.9,0.2,4,0.10308479896182021,0.00013811826276282203,0.004123391958472809,0.0021998142419992262
1.1,0.9500000000000001,0.9,0.2,5,0.11706459206214853,9.203518379872889e-05,0.004682583682485942,0.0024333270250416995
1.1,0.9500000000000001,0.9,0.2,6,0.07671889667414541,-2.6679583015766313e-05,0.0030687558669658167,0.0015610575164986746
1.1,0.9500000000000001,0.9,0.2,7,0.07075211626163962,-5.822722096482959e-05,0.0028300846504655847,0.001473269546197622
1.1,0.9500000000000001,0.9,0.2,8,0.08894469354771153,0.00015823636108281943,0.0035577877419084615,0.0019371302320370502
1.1,0.9500000000000001,0.9,0.2,9,0.09258333828570783,-4.0888056247996616e-05,0.0037033335314283133,0.0018925548219621534
1.1,0.9500000000000001,0.9,0.2,10,0.12310872279328228,-0.0001211245273299404,0.004924348911731291,0.002583298983195586
1.1,0.9500000000000001,0.9,0.2,11,0.11166190016629857,-0.000116873855652707,0.0044664760066519425,0.0023501118589786783
1.1,0.9500000000000001,0.9,0.2,12,0.07865535088087819,3.0933843420717487e-05,0.003146214035235128,0.0016040408610382814
1.1,0.9500000000000001,0.9,0.2,13,0.10202948747994116,2.5997512721983043e-05,0.004081179499197647,0.0020665872623208065
1.1,0.9500000000000001,0.9,0.2,14,0.07153274866290425,-2.6938697105819194e-05,0.00286130994651617,0.0014575936703639042
1.1,0.9500000000000001,0.9,0.2,15,0.05475915506319435,-4.12199091784666e-06,0.002190366202527774,0.0010993050921817337
1.1,0.9500000000000001,0.9500000000000001,0.05,1,0.08055355960447776,1.116181319478035e-06,0.0032221423841791103,0.0016121873734090332
1.1,0.9500000000000001,0.9500000000000001,0.05,2,0.12292686137371162,-4.714220978484857e-06,0.004917074454948465,0.0024632514484527173
1.1,0.9500000000000001,0.9500000000000001,0.05,3,0.09033747574164441,-5.953592620966268e-05,0.0036134990296657764,0.0018662854410425509
1.1,0.9500000000000001,0.9500000000000001,0.05,4,0.11664744853165884,0.00022266973452469123,0.0046658979412663535,0.002555618705157868
1.1,0.9500000000000001,0.9500000000000001,0.05,5,0.12211404288235948,8.31297335542e-05,0.004884561715294379,0.0025254105912013896
1.1,0.9500000000000001,0.9500000000000001,0.05,6,0.0845797768695313,-1.8697011631830848e-05,0.003383191074781252,0.001710292549022457
1.1,0.9500000000000001,0.9500000000000001,0.05,7,0.0818799959880123,-5.568197563512195e-05,0.0032751998395204917,0.0016932818953953677
1.1,0.9500000000000001,0.9500000000000001,0.05,8,0.09829829717685296,0.00012729335245310268,0.003931931887074119,0.002093259295990162
1.1,0.9500000000000001,0.9500000000000001,0.05,9,0.10177540507489861,0.0001661186338805704,0.004071016202995945,0.0022016267353785427
1.1,0.9500000000000001,0.9500000000000001,0.05,10,0.11679359839005249,-8.419081017819064e-05,0.0046717439356021,0.0024200627779792407
1.1,0.9500000000000001,0.9500000000000001,0.05,11,0.10974400730644494,-0.00022977315104840372,0.004389760292257798,0.002424653297177303
1.1,0.9500000000000001,0.9500000000000001,0.05,12,0.0903850142170069,5.78370900764441e-05,0.003615400568680276,0.0018655373744165822
1.1,0.9500000000000001,0.9500000000000001,0.05,13,0.12295576847801731,5.978016196748521e-06,0.004918230739120693,0.002465093385757095
1.1,0.9500000000000001,0.9500000000000001,0.05,14,0.08057483654592884,-9.904243444438428e-07,0.0032229934618371535,0.0016124871552630207
1.1,0.9500000000000001,0.9500000000000001,0.05,15,0.05983607571770395,-1.5568422795741308e-06,0.002393443028708158,0.0011982783566336533
1.1,0.9500000000000001,0.9500000000000001,0.1,1,0.09450717689264286,1.0290951711270675e-05,0.0037802870757057145,0.0019004344895641278
1.1,0.9500000000000001,0.9500000000000001,0.1,2,0.13523526520377702,4.742845487095707e-05,0.005409410608151081,0.0027521337589464976
1.1,0.9500000000000001,0.9500000000000001,0.1,3,0.09589026157984307,-7.143896671134341e-05,0.0038356104631937227,0.0019892441983082047
1.1,0.9500000000000001,0.9500000000000001,0.1,4,0.12200590940273366,0.0002755817223867926,0.004880236376109346,0.002715699910441466
1.1,0.9500000000000001,0.9500000000000001,0.1,5,0.14507422436707404,5.063118445383793e-05,0.0058029689746829614,0.0029521156717953185
1.1,0.9500000000000001,0.9500000000000001,0.1,6,0.09917485319645654,6.0895858748141735e-06,0.003966994127858262,0.0019895866498039452
1.1,0.9500000000000001,0.9500000000000001,0.1,7,0.08033061582749859,-6.27361013234465e-05,0.0032132246330999438,0.0016693484178734183
1.1,0.9500000000000001,0.9500000000000001,0.1,8,0.0981436915139352,8.995104728181905e-05,0.0039257476605574085,0.0020528248775605233
1.1,0.9500000000000001,0.9500000000000001,0.1,9,0.10537652365978627,-0.00010341381702386822,0.004215060946391451,0.002210944290219594
1.1,0.9500000000000001,0.9500000000000001,0.1,10,0.14796359036919374,-5.1225514395734976e-05,0.00591854361476775,0.00301049732177961
1.1,0.9500000000000001,0.9500000000000001,0.1,11,0.1268647587976626,-0.0002446592175150769,0.005074590351906504,0.002781954393468329
1.1,0.9500000000000001,0.9500000000000001,0.1,12,0.09864700790067144,6.321216427950386e-05,0.003945880316026857,0.0020361523222929326
1.1,0.9500000000000001,0.9500000000000001,0.1,13,0.13578531583881215,-5.489563463676527e-05,0.005431412633552486,0.002770601951413008
1.1,0.9500000000000001,0.9500000000000001,0.1,14,0.09939754850107885,-5.001068920695677e-06,0.003975901940043154,0.0019929520389422727
1.1,0.9500000000000001,0.9500000000000001,0.1,15,0.05756512237166336,-1.0760825454540792e-06,0.0023026048948665344,0.0011523785299787212
1.1,0.9500000000000001,0.9500000000000001,0.2,1,0.06298594478715519,1.716026510609843e-05,0.0025194377914862075,0.0012768791608492023
1.1,0.9500000000000001,0.9500000000000001,0.2,2,0.10117105655557392,-3.169140095395744e-05,0.004046842262222957,0.002055112532065436
1.1,0.9500000000000001,0.9500000000000001,0.2,3,0.07480032045330386,-4.039118105850842e-05,0.0029920128181321545,0.0015363975901245856
1.1,0.9500000000000001,0.9500000000000001,0.2,4,0.10287564643798823,0.00013758549787118958,0.004115025857519529,0.002195098426630954
1.1,0.9500000000000001,0.9500000000000001,0.2,5,0.11693029908396418,9.267187887015477e-05,0.004677211963358567,0.0024312778605494385
1.1,0.9500000000000001,0.9500000000000001,0.2,6,0.07661316663376291,-2.6434304652100257e-05,0.0030645266653505166,0.0015586976373273586
1.1,0.9500000000000001,0.9500000000000001,0.2,7,0.07062237566010215,-5.769925741358716e-05,0.0028248950264040864,0.0014701467706156304
1.1,0.9500000000000001,0.9500000000000001,0.2,8,0.08880051444553697,0.00015238308413827075,0.0035520205778214785,0.0019283933730490101
1.1,0.9500000000000001,0.9500000000000001,0.2,9,0.09242756769774262,-4.145419010150705e-05,0.0036971027079097047,0.0018900055440563594
1.1,0.9500000000000001,0.9500000000000001,0.2,10,0.12292226826234035,-0.0001191426954173971,0.004916890730493614,0.002577588060664204
1.1,0.9500000000000001,0.9500000000000001,0.2,11,0.11145387617994304,-0.00011664437464490424,0.0044581550471977215,0.0023457218982437652
1.1,0.9500000000000001,0.9500000000000001,0.2,12,0.07853615167648718,3.0579724740639416e-05,0.0031414460670594873,0.001601302758270383
1.1,0.9500000000000001,0.9500000000000001,0.2,13,0.10191320530575762,2.70723425472088e-05,0.004076528212230305,0.0020653364486623613
1.1,0.9500000000000001,0.9500000000000001,0.2,14,0.07139662267470288,-2.7936424191577475e-05,0.0028558649069881153,0.001455868877685635
1.1,0.9500000000000001,0.9500000000000001,0.2,15,0.05464283131171573,-3.932352675753781e-06,0.0021857132524686295,0.0010967889789100685
1.1,0.9500000000000001,1.0,0.05,1,0.08050008393064652,1.2138741397318346e-06,0.003220003357225861,0.0016112155527526623
1.1,0.9500000000000001,1.0,0.05,2,0.1228294277533526,-4.373332817838488e-06,0.004913177110134104,0.0024609618878848904
1.1,0.9500000000000001,1.0,0.05,3,0.09026500704569802,-5.919409977075912e-05,0.003610600281827921,0.0018644942406847197
1.1,0.9500000000000001,1.0,0.05,4,0.11655469638044869,0.00022269832319797616,0.004662187855217948,0.00255379225080695
1.1,0.9500000000000001,1.0,0.05,5,0.1219964646664786,8.226041817852034e-05,0.004879858586659144,0.0025221897115080922
1.1,0.9500000000000001,1.0,0.05,6,0.08450420625106486,-1.834351203423072e-05,0.0033801682500425945,0.001708427637055528
1.1,0.9500000000000001,1.0,0.05,7,0.08179822148761981,-5.477506052164189e-05,0.0032719288595047923,0.001690739490274038
1.1,0.9500000000000001,1.0,0.05,8,0.09819962668447257,0.000125294625721566,0.003927985067378903,0.0020892871594110174
1.1,0.9500000000000001,1.0,0.05,9,0.10166723333655733,0.00016402713619248328,0.0040666893334622934,0.00219737180292363
1.1,0.9500000000000001,1.0,0.05,10,0.11666422166721686,-8.372747126069382e-05,0.004666568866688674,0.002417011904605031
1.1,0.9500000000000001,1.0,0.05,11,0.10952342230251867,-0.0002301848054613816,0.004380936892100747,0.002420653251511755
1.1,0.9500000000000001,1.0,0.05,12,0.09031559409365372,5.738083046156389e-05,0.003612623763746149,0.0018636927123346385
1.1,0.9500000000000001,1.0,0.05,13,0.12286911361316985,5.786851702054625e-06,0.004914764544526794,0.0024631691239654515
1.1,0.9500000000000001,1.0,0.05,14,0.08051683472073212,-1.142044382317432e-06,0.003220673388829285,0.00161147873879696
1.1,0.9500000000000001,1.0,0.05,15,0.05977357459790898,-1.730443067799212e-06,0.0023909429839163595,0.001197201935025979
1.1,0.9500000000000001,1.0,0.1,1,0.0943155664221805,1.0486597467625647e-05,0.00377262265688722,0.0018967979259112357
1.1,0.9500000000000001,1.0,0.1,2,0.13499511093024452,4.840833896365512e-05,0.005399804437209781,0.0027483105575685455
1.1,0.9500000000000001,1.0,0.1,3,0.09570557450213249,-7.12264532815329e-05,0.0038282229800853,0.001985337943324183
1.1,0.9500000000000001,1.0,0.1,4,0.12179465245313428,0.00027441290989279476,0.004871786098125371,0.0027103059589554802
1.1,0.9500000000000001,1.0,0.1,5,0.1447970266960196,4.906712144398301e-05,0.005791881067840784,0.002945007655364375
1.1,0.9500000000000001,1.0,0.1,6,0.0990178521036802,5.64159207706596e-06,0.003960714084147208,0.00198599863415067
1.1,0.9500000000000001,1.0,0.1,7,0.08017104120131956,-6.244378125946772e-05,0.003206841648052782,0.0016658646052858587
1.1,0.9500000000000001,1.0,0.1,8,0.09799301285655847,8.970970330365284e-05,0.003919720514262339,0.0020495699604348226
1.1,0.9500000000000001,1.0,0.1,9,0.10518989626305734,-0.00010338486703947116,0.004207595850522294,0.002207182792300618
1.1,0.9500000000000001,1.0,0.1,10,0.14771702303559897,-5.1300333365332924e-05,0.005908680921423959,0.0030056407940773125
1.1,0.9500000000000001,1.0,0.1,11,0.12664886890782925,-0.00024322150898888913,0.00506595475631317,0.0027761988871454744
1.1,0.9500000000000001,1.0,0.1,12,0.09848031707565108,6.38037678310097e-05,0.003939212683026043,0.002033410109344031
1.1,0.9500000000000001,1.0,0.1,13,0.1355680963883679,-5.341688366824118e-05,0.005422723855534716,0.002764778811435599
1.1,0.9500000000000001,1.0,0.1,14,0.09925697256837371,-5.446171670588066e-06,0.003970278902734948,0.001990585623038062
1.1,0.9500000000000001,1.0,0.1,15,0.057459984189761275,-1.431634474975575e-06,0.002298399367590451,0.001150631318270201
1.1,0.9500000000000001,1.0,0.2,1,0.06288446598128977,1.7261106073813432e-05,0.002515378639251591,0.0012749504256996088
1.1,0.9500000000000001,1.0,0.2,2,0.10108572916709818,-3.141165856980778e-05,0.004043429166683927,0.0020531262419117716
1.1,0.9500000000000001,1.0,0.2,3,0.07471377758590524,-4.0260528230556935e-05,0.0029885511034362096,0.0015345360799486618
1.1,0.9500000000000001,1.0,0.2,4,0.10268598609717391,0.00013709201340876125,0.004107439443886957,0.0021908117353522396
1.1,0.9500000000000001,1.0,0.2,5,0.1168154691734,9.208616154587982e-05,0.004672618766936,0.00242839554501388
1.1,0.9500000000000001,1.0,0.2,6,0.07651452724495403,-2.492045594321181e-05,0.0030605810897981612,0.0015552110008422925
1.1,0.9500000000000001,1.0,0.2,7,0.07050569462619266,-5.7166991020799957e-05,0.0028202277850477063,0.001467280883544653
1.1,0.9500000000000001,1.0,0.2,8,0.08866927860945285,0.0001465087691827662,0.0035467711443781143,0.0019198943413718233
1.1,0.9500000000000001,1.0,0.2,9,0.09228277143892782,-4.326270369151045e-05,0.003691310857557113,0.001888918132470067
1.1,0.9500000000000001,1.0,0.2,10,0.12275783094763684,-0.00011594808140654066,0.0049103132379054735,0.0025711047003592774
1.1,0.9500000000000001,1.0,0.2,11,0.11126386330404442,-0.00011645158772645702,0.004450554532161777,0.0023417288538073455
1.1,0.9500000000000001,1.0,0.2,12,0.07843324940341101,3.0283039100338237e-05,0.0031373299761364402,0.0015989480271685584
1.1,0.9500000000000001,1.0,0.2,13,0.10181588382855877,2.6910262975285026e-05,0.004072635353142351,0.0020632279395464605
1.1,0.9500000000000001,1.0,0.2,14,0.07128952698665131,-2.7665331520468602e-05,0.0028515810794660524,0.001453455871253495
1.1,0.9500000000000001,1.0,0.2,15,0.05453557129662571,-3.7426557476141466e-06,0.0021814228518650283,0.0010944540816801283
1.1,0.9500000000000001,1.05,0.05,1,0.08045183153948647,9.076845060973623e-07,0.0032180732615794587,0.0016099443152958266
1.1,0.9500000000000001,1.05,0.05,2,0.12274136275403874,-3.6363219870305885e-06,0.0049096545101615496,0.0024584635770678056
1.1,0.9500000000000001,1.05,0.05,3,0.09019969632447208,-5.887204888475616e-05,0.0036079878529788833,0.0018628659753741979
1.1,0.9500000000000001,1.05,0.05,4,0.11647317095704998,0.0002227427807978483,0.004658926838281999,0.002552206199938848
1.1,0.9500000000000001,1.05,0.05,5,0.12189048832809012,8.09668585997539e-05,0.004875619533123605,0.002518776625161556
1.1,0.9500000000000001,1.05,0.05,6,0.08443551550159976,-1.753968428680224e-05,0.0033774206200639905,0.0017062499943187974
1.1,0.9500000000000001,1.05,0.05,7,0.08172421580880446,-5.386736466718544e-05,0.003268968632352178,0.0016883516808432746
1.1,0.9500000000000001,1.05,0.05,8,0.09811156058234013,0.00012329330844309782,0.003924462423293605,0.0020855245200899005
1.1,0.9500000000000001,1.05,0.05,9,0.1015695945655832,0.00016142809142405835,0.0040627837826233285,0.0021928199827357226
1.1,0.9500000000000001,1.05,0.05,10,0.11654591931266339,-8.283723352855602e-05,0.004661836772506536,0.002413755619781824
1.1,0.9500000000000001,1.05,0.05,11,0.10931372352219458,-0.0002306129763033628,0.004372548940887783,0.002416887446747254
1.1,0.9500000000000001,1.05,0.05,12,0.09025344918977235,5.694410149997324e-05,0.003610137967590894,0.0018620130852954203
1.1,0.9500000000000001,1.05,0.05,13,0.12279205860478251,5.190772053807447e-06,0.0049116823441913,0.0024610319441494576
1.1,0.9500000000000001,1.05,0.05,14,0.08046446432009718,-8.781344210379813e-07,0.0032185785728038874,0.0016101674208229817
1.1,0.9500000000000001,1.05,0.05,15,0.059717791138117815,-1.904013926860483e-06,0.0023887116455247126,0.001196259836689217
1.1,0.9500000000000001,1.05,0.1,1,0.09414241288576848,9.8593378889247e-06,0.003765696515430739,0.0018927075956042942
1.1,0.9500000000000001,1.05,0.1,2,0.134781643364965,5.01911179918576e-05,0.005391265734598601,0.0027458239852911582
1.1,0.9500000000000001,1.05,0.1,3,0.09554151006863196,-7.105304079783423e-05,0.0038216604027452783,0.001981883242170473
1.1,0.9500000000000001,1.05,0.1,4,0.12160675940052651,0.0002732792091512333,0.00486427037602106,0.0027054143971617633
1.1,0.9500000000000001,1.05,0.1,5,0.14454982358079113,4.667789312861475e-05,0.005781992943231645,0.0029376743647444373
1.1,0.9500000000000001,1.05,0.1,6,0.09887962609427889,6.024298283215817e-06,0.003955185043771156,0.0019836168201687937
1.1,0.9500000000000001,1.05,0.1,7,0.08002949582735816,-6.215138213166017e-05,0.0032011798330943263,0.0016627412986788233
1.1,0.9500000000000001,1.05,0.1,8,0.09786210004279214,8.94666613245128e-05,0.003914484001711686,0.0020467086621803556
1.1,0.9500000000000001,1.05,0.1,9,0.1050235954349036,-0.00010423321693091831,0.004200943817396144,0.0022047051256289902
1.1,0.9500000000000001,1.05,0.1,10,0.147500588659471,-5.055239963635091e-05,0.00590002354637884,0.003000564172825771
1.1,0.9500000000000001,1.05,0.1,11,0.12645831610368008,-0.00024181719577179766,0.005058332644147203,0.0027709835178453992
1.1,0.9500000000000001,1.05,0.1,12,0.09833447763191205,6.443489957968025e-05,0.003933379105276482,0.002031124452217921
1.1,0.9500000000000001,1.05,0.1,13,0.1353771451086268,-5.273655462199919e-05,0.005415085804345072,0.0027602794567945354
1.1,0.9500000000000001,1.05,0.1,14,0.09913485155573887,-5.0655804002236975e-06,0.0039653940622295545,0.001987762611515001
1.1,0.9500000000000001,1.05,0.1,15,0.0573677814217205,-1.7873089121280775e-06,0.00229471125686882,0.0011491429373465382
1.1,0.9500000000000001,1.05,0.2,1,0.06279331603607745,1.6249027219840066e-05,0.002511732641443098,0.001272115347941389
1.1,0.9500000000000001,1.05,0.2,2,0.10101738806319618,-3.0077527983074365e-05,0.004040695522527848,0.002050425289246998
1.1,0.9500000000000001,1.05,0.2,3,0.07463931135935747,-4.017549897208365e-05,0.002985572454374299,0.0015329617261592332
1.1,0.9500000000000001,1.05,0.2,4,0.10251292744738184,0.0001366318886187057,0.004100517097895274,0.002186890437566343
1.1,0.9500000000000001,1.05,0.2,5,0.11671703431084632,9.045930817456984e-05,0.004668681372433853,0.0024247999943914963
1.1,0.9500000000000001,1.05,0.2,6,0.0764217680827187,-2.232622041330641e-05,0.0030568707233087477,0.0015507615820676802
1.1,0.9500000000000001,1.05,0.2,7,0.07040005132035643,-5.663103499045543e-05,0.002816002052814257,0.001464632061397584
1.1,0.9500000000000001,1.05,0.2,8,0.08854884540615007,0.00014061643881312327,0.003541953816246003,0.0019115933469361249
1.1,0.9500000000000001,1.05,0.2,9,0.09214705765129685,-4.612917453281876e-05,0.003685882306051874,0.0018890703275587558
1.1,0.9500000000000001,1.05,0.2,10,0.12261194781465963,-0.00011172057730940123,0.004904477912586385,0.0025639595336025937
1.1,0.9500000000000001,1.05,0.2,11,0.1110889903692399,-0.00011628994621383807,0.004443559614769596,0.002338069753598636
1.1,0.9500000000000001,1.05,0.2,12,0.07834816757650871,3.003524548820895e-05,0.0031339267030603486,0.0015969985970183832
1.1,0.9500000000000001,1.05,0.2,13,0.10173482073205437,2.569462165378854e-05,0.004069392829282175,0.002060391036294876
1.1,0.9500000000000001,1.05,0.2,14,0.07121699276273571,-2.6313643523803717e-05,0.0028486797105094284,0.001450653498778518
1.1,0.9500000000000001,1.05,0.2,15,0.05443590702256316,-3.552908559415776e-06,0.0021774362809025265,0.001092271049010679
1.1,0.9500000000000001,1.1,0.05,1,0.080408103647886,2.539335247628619e-07,0.0032163241459154403,0.001608416006482483
1.1,0.9500000000000001,1.1,0.05,2,0.12266145031646514,-2.5583962212371426e-06,0.004906458012658606,0.00245578740255054
1.1,0.9500000000000001,1.1,0.05,3,0.09014059063491346,-5.8567008182431604e-05,0.0036056236253965385,0.0018613788208807008
1.1,0.9500000000000001,1.1,0.05,4,0.11640141802310572,0.00022280087552134043,0.004656056720924229,0.0025508292359834547
1.1,0.9500000000000001,1.1,0.05,5,0.12179459505439996,7.930812064573398e-05,0.0048717838021759986,0.0025152000217337333
1.1,0.9500000000000001,1.1,0.05,6,0.08437279646305725,-1.634822891643959e-05,0.0033749118585222897,0.0017038041581775845
1.1,0.9500000000000001,1.1,0.05,7,0.0816569337640641,-5.295899292040928e-05,0.0032662773505625644,0.0016860976682016916
1.1,0.9500000000000001,1.1,0.05,8,0.09803265185440488,0.00012128975248104512,0.003921306074176195,0.0020819427895691425
1.1,0.9500000000000001,1.1,0.05,9,0.10148107945525282,0.00015839206187537772,0.004059243178210113,0.0021880136509804344
1.1,0.9500000000000001,1.1,0.05,10,0.11643721844697073,-8.157952357452008e-05,0.00465748873787883,0.002410323892513935
1.1,0.9500000000000001,1.1,0.05,11,0.10911344608866685,-0.0002310553433379086,0.004364537843546674,0.0024133242651112456
1.1,0.9500000000000001,1.1,0.05,12,0.09019761944821406,5.652417121194507e-05,0.003607904777928562,0.0018604765601762262
1.1,0.9500000000000001,1.1,0.05,13,0.1227232867070034,4.246192864228397e-06,0.004908931468280136,0.0024587119270042964
1.1,0.9500000000000001,1.1,0.05,14,0.08041696610771965,-2.566156932634682e-07,0.0032166786443087857,0.0016085959378476563
1.1,0.9500000000000001,1.1,0.05,15,0.0596678431770517,-2.07755893835409e-06,0.002386713727082068,0.001195434422479388
1.1,0.9500000000000001,1.1,0.1,1,0.09398519686758944,8.524434419796375e-06,0.0037594078747035776,0.0018882283717715851
1.1,0.9500000000000001,1.1,0.1,2,0.13459124786177443,5.266439718510327e-05,0.005383649914470977,0.002744489354420592
1.1,0.9500000000000001,1.1,0.1,3,0.09539528124361785,-7.091323796932655e-05,0.0038158112497447137,0.0019788188628416833
1.1,0.9500000000000001,1.1,0.1,4,0.12143903768109353,0.0002721756757553407,0.004857561507243742,0.0027009564293772118
1.1,0.9500000000000001,1.1,0.1,5,0.1443285631459268,4.357895800491084e-05,0.005773142525837072,0.002930150220923447
1.1,0.9500000000000001,1.1,0.1,6,0.09875760811838305,7.121371800252209e-06,0.003950304324735322,0.001982273534167913
1.1,0.9500000000000001,1.1,0.1,7,0.07990351320075853,-6.185891092943586e-05,0.0031961405280303413,0.0016599291749446066
1.1,0.9500000000000001,1.1,0.1,8,0.09774821328584189,8.922215013840236e-05,0.003909928531433676,0.0020441864158552404
1.1,0.9500000000000001,1.1,0.1,9,0.10487483350623861,-0.00010583613100343765,0.004194993340249544,0.0022033328011282095
1.1,0.9500000000000001,1.1,0.1,10,0.1473101518274787,-4.9096841010675915e-05,0.005892406073099148,0.0029952998775602496
1.1,0.9500000000000001,1.1,0.1,11,0.1262895873658717,-0.00024044156967491747,0.005051583494634868,0.0027662333169923515
1.1,0.9500000000000001,1.1,0.1,12,0.09820662835349786,6.51000093626125e-05,0.003928265134139915,0.00202923257643257
1.1,0.9500000000000001,1.1,0.1,13,0.13520887768588374,-5.274286652921821e-05,0.00540835510743535,0.0027569204202468932
1.1,0.9500000000000001,1.1,0.1,14,0.09902865777854447,-3.9749436791550955e-06,0.003961146311141779,0.0019845480992500444
1.1,0.9500000000000001,1.1,0.1,15,0.05728675720923682,-2.143088948111683e-06,0.002291470288369473,0.0011478782331328483
1.1,0.9500000000000001,1.1,0.2,1,0.062711191898765,1.4281212438343786e-05,0.0025084476759506,0.0012685050504136438
1.1,0.9500000000000001,1.1,0.2,2,0.10096360414265848,-2.783795074146247e-05,0.004038544165706339,0.002047110033594632
1.1,0.9500000000000001,1.1,0.2,3,0.0745751872601359,-4.01296149572588e-05,0.002983007490405436,0.0015316333601599768
1.1,0.9500000000000001,1.1,0.2,4,0.1023541835415894,0.00013620033473739801,0.004094167341663576,0.002183284005569186
1.1,0.9500000000000001,1.1,0.2,5,0.11663259131269871,8.793845009011027e-05,0.004665303652507949,0.0024205902763440846
1.1,0.9500000000000001,1.1,0.2,6,0.07633398820018153,-1.8804324593515967e-05,0.0030533595280072615,0.0015454840885971467
1.1,0.9500000000000001,1.1,0.2,7,0.07030385717282803,-5.609189133700008e-05,0.002812154286913121,0.0014621690347935608
1.1,0.9500000000000001,1.1,0.2,8,0.08843756727351748,0.00013470856312715738,0.0035375026909406993,0.001903459908597507
1.1,0.9500000000000001,1.1,0.2,9,0.09201897699176181,-4.990394991778681e-05,0.0036807590796704725,0.001890283489753023
1.1,0.9500000000000001,1.1,0.2,10,0.12248191522961793,-0.00010660618330958052,0.004899276609184718,0.0025562444879019394
1.1,0.9500000000000001,1.1,0.2,11,0.1109270026437204,-0.00011615496531517159,0.0044370801057488155,0.0023346950181895795
1.1,0.9500000000000001,1.1,0.2,12,0.07827513225689753,2.9829416032804522e-05,0.003131005290275901,0.001595332061170755
1.1,0.9500000000000001,1.1,0.2,13,0.10166787656665137,2.357424460894346e-05,0.004066715062666055,0.002056931775941971
1.1,0.9500000000000001,1.1,0.2,14,0.07116630684641795,-2.4034119241022476e-05,0.002846652273856718,0.0014473602561693815
1.1,0.9500000000000001,1.1,0.2,15,0.05434269583212989,-3.363117997104033e-06,0.0021737078332851956,0.0010902170346397018
1.1,1.0,0.9,0.05,1,0.07357035835950927,7.317973038580914e-07,0.002942814334380371,0.0014721389644940434
1.1,1.0,0.9,0.05,2,0.11144037358474379,-6.11659623913976e-06,0.004457614943389752,0.0022349240679340157
1.1,1.0,0.9,0.05,3,0.08108867347604765,-7.400884633842683e-05,0.003243546939041906,0.0016957823158593797
1.1,1.0,0.9,0.05,4,0.10452604214205602,0.00027471013349717865,0.004181041685682241,0.002365230976338299
1.1,1.0,0.9,0.05,5,0.11183320574273667,0.00010338537999484787,0.004473328229709467,0.0023400494948495813
1.1,1.0,0.9,0.05,6,0.07636807832290043,-2.2684170339510734e-05,0.0030547231329160172,0.0015500457367975194
1.1,1.0,0.9,0.05,7,0.07203577256001205,-6.925931032450548e-05,0.002881430902400482,0.0015099747615247466
1.1,1.0,0.9,0.05,8,0.08646827943251217,0.00015811386084963312,0.003458731177300487,0.0018874794494998766
1.1,1.0,0.9,0.05,9,0.08926335682958186,0.00020439194493074522,0.003570534273183275,0.0019896590815223826
1.1,1.0,0.9,0.05,10,0.10820777952548397,-0.00010437631638838899,0.004328311181019359,0.002268531906898068
1.1,1.0,0.9,0.05,11,0.10094364583021875,-0.00028306380642833856,0.00403774583320875,0.0023019367230327136
1.1,1.0,0.9,0.05,12,0.08114439409869237,7.207433622254488e-05,0.003245775763947695,0.0016949622181963923
1.1,1.0,0.9,0.05,13,0.11145711672942146,7.4607001489844485e-06,0.004458284669176859,0.0022366030347374137
1.1,1.0,0.9,0.05,14,0.07359178720727337,-5.503275141374329e-07,0.0029436714882909347,0.001472386071659605
1.1,1.0,0.9,0.05,15,0.05189686677228423,-1.6031180166453077e-06,0.002075874670891369,0.0010395404534623298
1.1,1.0,0.9,0.1,1,0.0732081442273019,1.1536837207256367e-05,0.0029283257690920763,0.0014756997217532945
1.1,1.0,0.9,0.1,2,0.10507011372757803,5.545916422751002e-05,0.004202804549103122,0.0021568614387790707
1.1,1.0,0.9,0.1,3,0.0748895597324816,-8.87136039358636e-05,0.002995582389299264,0.0015865047985854956
1.1,1.0,0.9,0.1,4,0.09898554123185503,0.0003405792966419581,0.0039594216492742015,0.002320290121279059
1.1,1.0,0.9,0.1,5,0.11543098094415111,6.538234078519727e-05,0.004617239237766044,0.0023740019596682196
1.1,1.0,0.9,0.1,6,0.08192935931740285,8.676533908421214e-06,0.003277174372696114,0.001647263720256478
1.1,1.0,0.9,0.1,7,0.06482326895118412,-7.692476408781998e-05,0.0025929307580473647,0.0013733901431115024
1.1,1.0,0.9,0.1,8,0.0829818513303682,0.0001103430618512523,0.0033192740532147283,0.0017699800884586165
1.1,1.0,0.9,0.1,9,0.09126251636911924,-0.0001258153467115403,0.0036505006547647694,0.001951065674093925
1.1,1.0,0.9,0.1,10,0.11975339647369945,-6.433421287334623e-05,0.004790135858947978,0.002459402142347335
1.1,1.0,0.9,0.1,11,0.10444077753622924,-0.0003036833857987729,0.00417763110144917,0.002392498936523358
1.1,1.0,0.9,0.1,12,0.08021953072686872,7.770969569516452e-05,0.0032087812290747487,0.0016821003102325388
1.1,1.0,0.9,0.1,13,0.1061597776577945,-6.765266361089366e-05,0.00424639110631178,0.002190848216766784
1.1,1.0,0.9,0.1,14,0.08280816396376872,-4.9500573479819795e-06,0.003312326558550749,0.0016611133366233564
1.1,1.0,0.9,0.1,15,0.04982537827848571,-8.533100850917627e-07,0.0019930151311394286,0.0009973608756548061
1.1,1.0,0.9,0.2,1,0.05924684853408488,1.9477862306839452e-05,0.002369873941363395,0.0012044148329885369
1.1,1.0,0.9,0.2,2,0.09283353706198033,-3.8833979103285914e-05,0.0037133414824792135,0.0018955047203428927
1.1,1.0,0.9,0.2,3,0.06835844918180856,-5.050952347511211e-05,0.0027343379672723424,0.0014176785071112832
1.1,1.0,0.9,0.2,4,0.09337582144544262,0.00017067116172890529,0.003735032857817705,0.002038187590637758
1.1,1.0,0.9,0.2,5,0.10753211916934427,0.00011438145055505349,0.004301284766773771,0.002265023833941939
1.1,1.0,0.9,0.2,6,0.07016780701744785,-3.3139397659013644e-05,0.002806712280697914,0.0014364955380079707
1.1,1.0,0.9,0.2,7,0.06457011882586554,-7.108210354945111e-05,0.0025828047530346214,0.0013624844800667617
1.1,1.0,0.9,0.2,8,0.08374653182797642,0.00019332151232429764,0.003349861273119057,0.001868252148883826
1.1,1.0,0.9,0.2,9,0.08645122755504922,-4.8488608588861314e-05,0.003458049102201969,0.0017775131596898459
1.1,1.0,0.9,0.2,10,0.11364346941658322,-0.0001502831661375183,0.004545738776663329,0.002423152554469183
1.1,1.0,0.9,0.2,11,0.1022277903300671,-0.00014528420317869788,0.004089111613202684,0.00218984000978004
1.1,1.0,0.9,0.2,12,0.07421953882479881,3.879276832916469e-05,0.0029687815529919528,0.0015231835448251412
1.1,1.0,0.9,0.2,13,0.09429016638363166,3.306199486705724e-05,0.0037716066553452666,0.0019188653225396906
1.1,1.0,0.9,0.2,14,0.06898782803648179,-3.3208897668895784e-05,0.002759513121459272,0.0014129654583985318
1.1,1.0,0.9,0.2,15,0.052443257353375024,-4.7070375840956435e-06,0.002097730294135001,0.0010535721846515961
1.1,1.0,0.9500000000000001,0.05,1,0.0734969258882596,1.2745179687801463e-06,0.002939877035530384,0.001471213035733972
1.1,1.0,0.9500000000000001,0.05,2,0.11131280290466022,-6.106204965985516e-06,0.004452512116186409,0.00223236226305919
1.1,1.0,0.9500000000000001,0.05,3,0.08099255687004256,-7.357435397689025e-05,0.0032397022748017023,0.0016934254913777414
1.1,1.0,0.9500000000000001,0.05,4,0.10440439585541528,0.0002747158538048502,0.0041761758342166114,0.002362803770913156
1.1,1.0,0.9500000000000001,0.05,5,0.11177469850116402,0.00010274792932209055,0.004470987940046561,0.0023382418993453708
1.1,1.0,0.9500000000000001,0.05,6,0.07627930982724508,-2.268717278876328e-05,0.0030511723930898033,0.001548273369333665
1.1,1.0,0.9500000000000001,0.05,7,0.0719324066394027,-6.815937391179021e-05,0.002877296265576108,0.0015068075066998442
1.1,1.0,0.9500000000000001,0.05,8,0.08634290399126854,0.00015568480516600145,0.0034537161596507417,0.0018825428849913724
1.1,1.0,0.9500000000000001,0.05,9,0.0891294587882655,0.00020233752351571404,0.00356517835153062,0.0019849266992810243
1.1,1.0,0.9500000000000001,0.05,10,0.10810610493574918,-0.00010424464913189517,0.004324244197429967,0.0022663667478468787
1.1,1.0,0.9500000000000001,0.05,11,0.10073114085015816,-0.0002835460935907618,0.0040292456340063265,0.002298168910593925
1.1,1.0,0.9500000000000001,0.05,12,0.08105166546086877,7.149114210753166e-05,0.003242066618434751,0.001692524451324907
1.1,1.0,0.9500000000000001,0.05,13,0.11134045008303398,7.645613702011803e-06,0.004453618003321359,0.0022344546153626912
1.1,1.0,0.9500000000000001,0.05,14,0.07351326133002925,-1.151457672143005e-06,0.00294053045320117,0.001471416684272728
1.1,1.0,0.9500000000000001,0.05,15,0.05182271372415858,-1.8029044203267767e-06,0.0020729085489663433,0.0010382571789034985
1.1,1.0,0.9500000000000001,0.1,1,0.07298798579798524,1.2575202617214016e-05,0.0029195194319194097,0.0014723349185769188
1.1,1.0,0.9500000000000001,0.1,2,0.10485903582159997,5.589646755161259e-05,0.004194361432863999,0.002153077183983612
1.1,1.0,0.9500000000000001,0.1,3,0.07472236426788581,-8.841886733618327e-05,0.0029888945707154326,0.0015828661526938995
1.1,1.0,0.9500000000000001,0.1,4,0.09880919475473528,0.0003391173325880325,0.003952367790189411,0.002315301227682738
1.1,1.0,0.9500000000000001,0.1,5,0.1151713277446196,6.423753493499397e-05,0.004606853109784785,0.002367664089827386
1.1,1.0,0.9500000000000001,0.1,6,0.08177376066392644,7.331465715064577e-06,0.003270950426557058,0.0016428066789935935
1.1,1.0,0.9500000000000001,0.1,7,0.06469713498884958,-7.656451430282713e-05,0.002587885399553983,0.0013705072140798187
1.1,1.0,0.9500000000000001,0.1,8,0.08290847768559438,0.0001100700800395438,0.0033163391074237753,0.0017682396337514316
1.1,1.0,0.9500000000000001,0.1,9,0.0910840418664123,-0.00012496768077816032,0.0036433616746564916,0.0019466485181064061
1.1,1.0,0.9500000000000001,0.1,10,0.11955218093904976,-6.521561768071133e-05,0.004782087237561991,0.0024562592364617067
1.1,1.0,0.9500000000000001,0.1,11,0.10427948055736547,-0.0003019218660008976,0.004171179222294619,0.002387511477148207
1.1,1.0,0.9500000000000001,0.1,12,0.08008175390540362,7.840765475630071e-05,0.003203270156216145,0.0016800427328643732
1.1,1.0,0.9500000000000001,0.1,13,0.10595979917783074,-6.506607609581674e-05,0.00423839196711323,0.0021842620596524316
1.1,1.0,0.9500000000000001,0.1,14,0.0826873264281631,-6.252743209159153e-06,0.003307493057126524,0.001659999271772421
1.1,1.0,0.9500000000000001,0.1,15,0.049761745317966566,-1.2524173641669023e-06,0.0019904698127186627,0.0009964873237234982
1.1,1.0,0.9500000000000001,0.2,1,0.05906081730234512,2.052013625158946e-05,0.002362432692093805,0.0012017364822984918
1.1,1.0,0.9500000000000001,0.2,2,0.09274663769704578,-3.9398364305045906e-05,0.003709865507881831,0.0018943311182459614
1.1,1.0,0.9500000000000001,0.2,3,0.06827829285214393,-5.030818161905286e-05,0.002731131714085757,0.0014158740386619314
1.1,1.0,0.9500000000000001,0.2,4,0.0932055085329952,0.00017004532878960472,0.003728220341319808,0.002034155499449509
1.1,1.0,0.9500000000000001,0.2,5,0.10743028142049502,0.0001145467356026725,0.004297211256819801,0.002263152364012573
1.1,1.0,0.9500000000000001,0.2,6,0.07007778830984696,-3.220462477431862e-05,0.002803111532393878,0.0014337603909712576
1.1,1.0,0.9500000000000001,0.2,7,0.0645041787976067,-7.043741542183014e-05,0.0025801671519042678,0.001360520991373964
1.1,1.0,0.9500000000000001,0.2,8,0.08369792775363315,0.00018614339459028714,0.0033479171101453258,0.0018601019496629501
1.1,1.0,0.9500000000000001,0.2,9,0.08637251654354774,-4.980884333759266e-05,0.00345490066174191,0.0017772591742085475
1.1,1.0,0.9500000000000001,0.2,10,0.11352916335137955,-0.00014724296354742822,0.004541166534055182,0.0024178262305750192
1.1,1.0,0.9500000000000001,0.2,11,0.10206868505866293,-0.0001450354531524936,0.0040827474023465175,0.0021864091543257525
1.1,1.0,0.9500000000000001,0.2,12,0.07414214279833806,3.84015221241592e-05,0.002965685711933522,0.0015212443780909203
1.1,1.0,0.9500000000000001,0.2,13,0.0941873137268924,3.3761143081577176e-05,0.0037674925490756963,0.0019175074176194253
1.1,1.0,0.9500000000000001,0.2,14,0.0688941708222277,-3.377436370036326e-05,0.0027557668328891077,0.0014116577801449172
1.1,1.0,0.9500000000000001,0.2,15,0.05239324036858109,-4.482925527223619e-06,0.0020957296147432435,0.0010523477328988453
1.1,1.0,1.0,0.05,1,0.07343102225411496,1.3586854209187625e-06,0.0029372408901645985,0.001469979130503218
1.1,1.0,1.0,0.05,2,0.11119843767570643,-5.641312542217151e-06,0.004447937507028258,0.002229610066056346
1.1,1.0,1.0,0.05,3,0.08090639305136663,-7.315850614374388e-05,0.003236255722054665,0.0016912863671710765
1.1,1.0,1.0,0.05,4,0.1042979921767782,0.00027473601785197026,0.004171919687071128,0.002360695861387534
1.1,1.0,1.0,0.05,5,0.11173044138852348,0.00010162686420633658,0.004469217655540939,0.0023362356919768065
1.1,1.0,1.0,0.05,6,0.07619969036548349,-2.219190482969719e-05,0.0030479876146193396,0.001546185712139367
1.1,1.0,1.0,0.05,7,0.07183938665426572,-6.705871913913173e-05,0.0028735754661706287,0.0015038464522244461
1.1,1.0,1.0,0.05,8,0.08623139106775135,0.0001532534009128636,0.003449255642710054,0.0018778812222678906
1.1,1.0,1.0,0.05,9,0.08900918726025615,0.00019971546628083306,0.0035603674904102463,0.001979899211485956
1.1,1.0,1.0,0.05,10,0.10801969628828101,-0.00010362471446609396,0.00432078785153124,0.002264018640231714
1.1,1.0,1.0,0.05,11,0.1005334615074283,-0.00028404363250767773,0.004021338460297132,0.0022947128626562437
1.1,1.0,1.0,0.05,12,0.08096894466080504,7.092614450221234e-05,0.0032387577864322016,0.001690305037718313
1.1,1.0,1.0,0.05,13,0.11123730149169173,7.36719767228646e-06,0.0044494920596676694,0.002232113227506121
1.1,1.0,1.0,0.05,14,0.07344254208024376,-1.2857480530024614e-06,0.00293770168320975,0.0014701365896578776
1.1,1.0,1.0,0.05,15,0.051756986081605484,-2.002653406203121e-06,0.0020702794432642196,0.001037142375038313
1.1,1.0,1.0,0.1,1,0.0727910207762973,1.2714313512965725e-05,0.0029116408310518923,0.0014685347290389118
1.1,1.0,1.0,0.1,2,0.10467984656514806,5.722388059423198e-05,0.004187193862605922,0.002150820811897193
1.1,1.0,1.0,0.1,3,0.07457845381805382,-8.815973912509776e-05,0.002983138152722153,0.0015797288154861741
1.1,1.0,1.0,0.1,4,0.09865842499643956,0.0003376876759938927,0.003946336999857583,0.002310856175922684
1.1,1.0,1.0,0.1,5,0.11494633704691799,6.218836576374733e-05,0.00459785348187672,0.0023611151067021072
1.1,1.0,1.0,0.1,6,0.08164162191430978,6.8979700889521055e-06,0.003265664876572391,0.0016397304083751478
1.1,1.0,1.0,0.1,7,0.06458973760219908,-7.620414540355591e-05,0.002583589504087963,0.0013679988974475373
1.1,1.0,1.0,0.1,8,0.08285506147947305,0.00010979448568757898,0.0033142024591789223,0.0017668957152770402
1.1,1.0,1.0,0.1,9,0.09092973776835558,-0.00012506288226020047,0.0036371895107342235,0.0019436576376273122
1.1,1.0,1.0,0.1,10,0.11938566453293206,-6.519603133367321e-05,0.004775426581317283,0.0024529093219923144
1.1,1.0,1.0,0.1,11,0.10414547970640171,-0.00030018807386579483,0.004165819188256069,0.0023830976679938293
1.1,1.0,1.0,0.1,12,0.07996772749497064,7.914087149164073e-05,0.0031987090997988256,0.0016784954213910535
1.1,1.0,1.0,0.1,13,0.10579099084125101,-6.336519392767188e-05,0.004231639633650041,0.0021791850107526923
1.1,1.0,1.0,0.1,14,0.08258957009382258,-6.6493430654175015e-06,0.003303582803752903,0.001658440744941869
1.1,1.0,1.0,0.1,15,0.04971017507719145,-1.6515669886630117e-06,0.001988407003087658,0.0009958550685324919
1.1,1.0,1.0,0.2,1,0.05889252694901255,2.0436249552355088e-05,0.002355701077960502,0.0011982867885326062
1.1,1.0,1.0,0.2,2,0.09269053275210767,-3.888616665506913e-05,0.003707621310084307,0.0018926968216972228
1.1,1.0,1.0,0.2,3,0.06821755011417459,-5.014559998967445e-05,0.0027287020045669835,0.0014144966022731661
1.1,1.0,1.0,0.2,4,0.09305966321566578,0.00016944679894188107,0.003722386528626631,0.0020306400632551964
1.1,1.0,1.0,0.2,5,0.10735625568821257,0.00011365397410463867,0.0042942502275285024,0.0022607790878688898
1.1,1.0,1.0,0.2,6,0.07001352543521745,-3.0187483308956727e-05,0.0028005410174086983,0.001430457992013306
1.1,1.0,1.0,0.2,7,0.06445277706055018,-6.979004995365668e-05,0.0025781110824220073,0.0013588455911646602
1.1,1.0,1.0,0.2,8,0.08366107862921017,0.00017895192666653092,0.003346443145168407,0.0018521734992507344
1.1,1.0,1.0,0.2,9,0.08630617538395606,-5.218489166557919e-05,0.0034522470153582423,0.0017783083993447002
1.1,1.0,1.0,0.2,10,0.11344317662417572,-0.00014315810667083948,0.004537727064967029,0.002412021639154354
1.1,1.0,1.0,0.2,11,0.10193147233754503,-0.000144810481757139,0.0040772588935018015,0.0021834399285080397
1.1,1.0,1.0,0.2,12,0.07408600105377397,3.804959762395909e-05,0.002963440042150959,0.0015197696186994385
1.1,1.0,1.0,0.2,13,0.09411341086828823,3.3386890957517814e-05,0.003764536434731529,0.0019156551083232825
1.1,1.0,1.0,0.2,14,0.06883101868796712,-3.325941406950199e-05,0.002753240747518685,0.0014098797878288444
1.1,1.0,1.0,0.2,15,0.05234921504994118,-4.258652059167285e-06,0.0020939686019976473,0.001051242953057991
1.1,1.0,1.05,0.05,1,0.07337157546507966,1.0514333783934684e-06,0.0029348630186031865,0.0014684829426799867
1.1,1.0,1.05,0.05,2,0.11109544057904688,-4.788419147661992e-06,0.0044438176231618755,0.0022266972307285996
1.1,1.0,1.05,0.05,3,0.08082877738878375,-7.275856519128463e-05,0.00323315109555135,0.0016893341129669596
1.1,1.0,1.05,0.05,4,0.10420477062991157,0.0002747684890111113,0.004168190825196463,0.002358863901609343
1.1,1.0,1.05,0.05,5,0.11169846124646024,0.00010009287285639383,0.0044679384498584095,0.0023340620977855987
1.1,1.0,1.05,0.05,6,0.0761279464182212,-2.1271222111222074e-05,0.003045117856728848,0.001543830150475646
1.1,1.0,1.05,0.05,7,0.07175523038433243,-6.595744721441359e-05,0.002870209215373297,0.0015010620549010623
1.1,1.0,1.05,0.05,8,0.08613175465627446,0.00015081998243120974,0.0034452701862509785,0.001873455075556699
1.1,1.0,1.05,0.05,9,0.08890059995401223,0.00019660862509369553,0.0035560239981604893,0.0019746206241739402
1.1,1.0,1.05,0.05,10,0.10794640825342416,-0.00010258786732477038,0.0043178563301369665,0.0022615160323932538
1.1,1.0,1.05,0.05,11,0.10034851225913857,-0.00028455417060068973,0.004013940490365543,0.002291524415783461
1.1,1.0,1.05,0.05,12,0.08089484722199436,7.037666994395528e-05,0.0032357938888797743,0.0016882736143838425
1.1,1.0,1.05,0.05,13,0.11114573256025628,6.693224352595582e-06,0.0044458293024102515,0.002229607875557721
1.1,1.0,1.05,0.05,14,0.07337850862816231,-1.0215264312617511e-06,0.0029351403451264926,0.001468591698994508
1.1,1.0,1.05,0.05,15,0.05169851558909698,-2.2023703482598382e-06,0.0020679406235638792,0.0010361726821301995
1.1,1.0,1.05,0.1,1,0.07261398642979722,1.2086374191731629e-05,0.0029045594571918886,0.0014643661027876759
1.1,1.0,1.05,0.1,2,0.10452797570711797,5.9310631430850274e-05,0.004181119028284719,0.0021498701455732096
1.1,1.0,1.05,0.1,3,0.07445446552658135,-8.793097071721168e-05,0.002978178621063254,0.0015770202812488386
1.1,1.0,1.05,0.1,4,0.09852951862471102,0.0003362855514155667,0.003941180744988441,0.002306875923909787
1.1,1.0,1.05,0.1,5,0.11475101948519771,5.9367664805793304e-05,0.004590040779407909,0.0023543880545097476
1.1,1.0,1.05,0.1,6,0.08152958100589855,7.242060688229923e-06,0.003261183240235942,0.0016378336808062011
1.1,1.0,1.05,0.1,7,0.06449834318858833,-7.584367126482065e-05,0.002579933727543533,0.0013658105350365872
1.1,1.0,1.05,0.1,8,0.08281865427099899,0.00010951665141892076,0.00331274617083996,0.0017658897368389007
1.1,1.0,1.05,0.1,9,0.09079612846389534,-0.00012596245175245247,0.003631845138555814,0.0019418850210303593
1.1,1.0,1.05,0.1,10,0.11924880176241576,-6.440780172371753e-05,0.00476995207049663,0.0024493838369720328
1.1,1.0,1.05,0.1,11,0.10403475959093124,-0.0002984778949882339,0.00416139038363725,0.0023791730868068586
1.1,1.0,1.05,0.1,12,0.07987402138673241,7.99041470691597e-05,0.0031949608554692967,0.0016773845748038081
1.1,1.0,1.05,0.1,13,0.10564883150697416,-6.241987805197412e-05,0.004225953260278966,0.0021753965081914572
1.1,1.0,1.05,0.1,14,0.0825115804901255,-6.273056991891484e-06,0.00330046321960502,0.0016565046667944014
1.1,1.0,1.05,0.1,15,0.04966889027071627,-2.050752764852552e-06,0.001986755610828651,0.000995428558179178
1.1,1.0,1.05,0.2,1,0.05873949654430602,1.9392820490058792e-05,0.002349579861772241,0.0011941827513761792
1.1,1.0,1.05,0.2,2,0.09266050757761818,-3.7456697449772376e-05,0.0037064203031047273,0.001890666849002136
1.1,1.0,1.05,0.2,3,0.0681731756339994,-5.001601490634825e-05,0.002726927025359976,0.0014134795275863362
1.1,1.0,1.05,0.2,4,0.09293442122725601,0.00016887146332845933,0.0037173768490902405,0.0020275598878735797
1.1,1.0,1.05,0.2,5,0.10730564994842756,0.00011185981225956605,0.004292225997937103,0.0022579728112281177
1.1,1.0,1.05,0.2,6,0.06997074589037396,-2.7248294883791238e-05,0.0027988298356149584,0.0014266632126912705
1.1,1.0,1.05,0.2,7,0.06441353662095037,-6.914038946735538e-05,0.0025765414648380148,0.0013574111218863628
1.1,1.0,1.05,0.2,8,0.08363394781438571,0.00017174902886141961,0.0033453579125754286,0.001844427985149134
1.1,1.0,1.05,0.2,9,0.08625002528941356,-5.546025588844839e-05,0.0034500010115765425,0.0017804607616767197
1.1,1.0,1.05,0.2,10,0.11338096446620233,-0.00013818331159593894,0.0045352385786480934,0.0024058026009199855
1.1,1.0,1.05,0.2,11,0.1018125766015377,-0.00014460568793892896,0.004072503064061508,0.0021808572199696827
1.1,1.0,1.05,0.2,12,0.07404785083684777,3.7731150435978394e-05,0.0029619140334739107,0.0015186881671729337
1.1,1.0,1.05,0.2,13,0.09406414993589779,3.2098087236815106e-05,0.0037625659974359115,0.0019133810859547709
1.1,1.0,1.05,0.2,14,0.06879383501727485,-3.1824090633459924e-05,0.002751753400690994,0.0014077007909789568
1.1,1.0,1.05,0.2,15,0.05231009690234354,-4.034240427914264e-06,0.002092403876093742,0.0010502361784747853
1.1,1.0,1.1,0.05,1,0.07331770972862196,4.0740560601801545e-07,0.0029327083891448787,0.0014667616001784573
1.1,1.0,1.1,0.05,2,0.1110023115486141,-3.60165979293994e-06,0.004440092461944565,0.0022236478907652225
1.1,1.0,1.1,0.05,3,0.08075856346705781,-7.237230420508468e-05,0.0032303425386823125,0.001687543573546241
1.1,1.0,1.1,0.05,4,0.10412304823230137,0.00027481153195437207,0.004164921929292055,0.0023572724966003994
1.1,1.0,1.1,0.05,5,0.11167715249372123,9.820351181668096e-05,0.004467086099748849,0.0023317465616911055
1.1,1.0,1.1,0.05,6,0.07606303705141086,-1.9984441630846934e-05,0.0030425214820564346,0.0015412451826590642
1.1,1.0,1.1,0.05,7,0.07167872795838971,-6.485564119096873e-05,0.0028671491183355886,0.001498430200358763
1.1,1.0,1.1,0.05,8,0.08604237332207879,0.00014838482347872737,0.0034416949328831513,0.001869232289920303
1.1,1.0,1.1,0.05,9,0.08880211111192274,0.0001930844805866534,0.0035520844444769098,0.0019691267028251083
1.1,1.0,1.1,0.05,10,0.10788449187105838,-0.00010119220940209843,0.004315379674842335,0.002258882046823266
1.1,1.0,1.1,0.05,11,0.100174584902352,-0.0002850758777615671,0.00400698339609408,0.002288567575808607
1.1,1.0,1.1,0.05,12,0.08082824215044523,6.98405440038363e-05,0.0032331296860178094,0.001686405387012741
1.1,1.0,1.1,0.05,13,0.11106415913576725,5.6788676809378845e-06,0.00444256636543069,0.002226962050396283
1.1,1.0,1.1,0.05,14,0.0733202452392724,-4.1441174128065074e-07,0.002932809809570896,0.0014668193165267287
1.1,1.0,1.1,0.05,15,0.05164634863508638,-2.402059636303452e-06,0.0020658539454034555,0.001035329032338031
1.1,1.0,1.1,0.1,1,0.07245422022260543,1.0798895694915617e-05,0.0028981688089042175,0.0014598833001470243
1.1,1.0,1.1,0.1,2,0.10439970723583537,6.205035870269213e-05,0.004175988289433415,0.0021500445034193997
1.1,1.0,1.1,0.1,3,0.07434765978224167,-8.772829627558796e-05,0.002973906391289667,0.0015746814919204216
1.1,1.0,1.1,0.1,4,0.0984194593345606,0.00033490707984883215,0.003936778373382424,0.002303296266540044
1.1,1.0,1.1,0.1,5,0.11458131098166253,5.588347448469667e-05,0.004583252439266501,0.0023475096941179474
1.1,1.0,1.1,0.1,6,0.081434892410263,8.254772303976202e-06,0.00325739569641052,0.0016369526205092363
1.1,1.0,1.1,0.1,7,0.06442072822289502,-7.548310379422714e-05,0.002576829128915801,0.0013638976682521277
1.1,1.0,1.1,0.1,8,0.08279686591791591,0.00010923688221941724,0.0033118746367166363,0.0017651742005777354
1.1,1.0,1.1,0.1,9,0.090680375511487,-0.00012755373890114925,0.00362721502045948,0.0019411612491308894
1.1,1.0,1.1,0.1,10,0.11913748414749406,-6.295857589765263e-05,0.004765499365899762,0.0024457082588475337
1.1,1.0,1.1,0.1,11,0.10394405811428119,-0.00029678799003586147,0.004157762324571247,0.0023756691523214852
1.1,1.0,1.1,0.1,12,0.07979783944063304,8.06932564193081e-05,0.0031919135776253215,0.0016766500452319688
1.1,1.0,1.1,0.1,13,0.1055296382014754,-6.212428427534288e-05,0.004221185528059016,0.0021727170483048512
1.1,1.0,1.1,0.1,14,0.08245065081687568,-5.232207309365888e-06,0.003298026032675027,0.0016542452236468794
1.1,1.0,1.1,0.1,15,0.049636454546890946,-2.4499696517630687e-06,0.0019854581818756377,0.0009951790605895819
1.1,1.0,1.1,0.2,1,0.058599754899121045,1.752514526388407e-05,0.002343990195964842,0.001189520243246305
1.1,1.0,1.1,0.2,2,0.09265277953535889,-3.5239314816954155e-05,0.0037061111814143555,0.001888294905524132
1.1,1.0,1.1,0.2,3,0.06814274451716454,-4.991475135943025e-05,0.0027257097806865816,0.001412769641702721
1.1,1.0,1.1,0.2,4,0.0928267106425949,0.0001683159977162751,0.003713068425703796,0.002024850210568173
1.1,1.0,1.1,0.2,5,0.10727497330920935,0.00010929143059718079,0.004290998932368374,0.002254790896781368
1.1,1.0,1.1,0.2,6,0.06994611375958325,-2.351721097379603e-05,0.00279784455038333,0.001422439486165461
1.1,1.0,1.1,0.2,7,0.06438458423371204,-6.848874682624151e-05,0.002575383369348482,0.0013561804315004825
1.1,1.0,1.1,0.2,8,0.08361495870221262,0.00016453627008145895,0.003344598348088505,0.0018368354441257115
1.1,1.0,1.1,0.2,9,0.08620238204159322,-5.9507907931220405e-05,0.0034480952816637288,0.0017835555487630847
1.1,1.0,1.1,0.2,10,0.11333892957363526,-0.0001324441826106502,0.00453355718294541,0.0023992227740833555
1.1,1.0,1.1,0.2,11,0.1017091718098657,-0.00014441816218994672,0.004068366872394628,0.002178601598387261
1.1,1.0,1.1,0.2,12,0.074025077017509,3.7441439600228225e-05,0.0029610030807003603,0.0015179429799504084
1.1,1.0,1.1,0.2,13,0.09403607769633343,3.0023712968144203e-05,0.0037614431078533375,0.001910745266894813
1.1,1.0,1.1,0.2,14,0.06877894546237683,-2.9598316076864413e-05,0.002751157818495073,0.001405177225324401
1.1,1.0,1.1,0.2,15,0.052275055287639434,-3.809709619818706e-06,0.0020910022115055776,0.0010493108153726075
1.1,1.05,0.9,0.05,1,0.06557343114673381,5.641510903433447e-07,0.0026229372458693523,0.0013120327740250195
1.1,1.05,0.9,0.05,2,0.09786439088082854,-4.467596007739703e-06,0.003914575635233142,0.001961755413624311
1.1,1.05,0.9,0.05,3,0.0707957511378405,-5.147744762107075e-05,0.0028318300455136202,0.0014673924703778808
1.1,1.05,0.9,0.05,4,0.09073882877490717,0.00019091655684292893,0.003629553150996287,0.0020056931323410724
1.1,1.05,0.9,0.05,5,0.10020432794603083,7.203685672869207e-05,0.004008173117841234,0.002076123415649309
1.1,1.05,0.9,0.05,6,0.06731146962951043,-1.5681409423079872e-05,0.002692458785180417,0.0013619108020132885
1.1,1.05,0.9,0.05,7,0.06166292432267815,-4.7802712725092934e-05,0.002466516972907126,0.001281061199178656
1.1,1.05,0.9,0.05,8,0.07399677554571997,0.00010908142911818918,0.002959871021828799,0.0015890169400325886
1.1,1.05,0.9,0.05,9,0.07646811542762737,0.00014060092764046076,0.003058724617105095,0.0016699632361930083
1.1,1.05,0.9,0.05,10,0.09819280106156097,-7.284533959228479e-05,0.003927712042462439,0.002036701360823504
1.1,1.05,0.9,0.05,11,0.09078329748833867,-0.00019675618789503633,0.003631331899533547,0.0020124221376618097
1.1,1.05,0.9,0.05,12,0.07085640484763026,5.015089807438103e-05,0.0028342561939052103,0.0014672789950269862
1.1,1.05,0.9,0.05,13,0.09787320213629608,5.389726612796094e-06,0.003914928085451843,0.001962853769338718
1.1,1.05,0.9,0.05,14,0.06558265857553514,-4.6749858562481346e-07,0.0026233063430214053,0.0013121206700963276
1.1,1.05,0.9,0.05,15,0.04402503938604092,-1.0549651008321075e-06,0.001761001575441637,0.0008815557528216506
1.1,1.05,0.9,0.1,1,0.052416933736589,8.195737049590697e-06,0.00209667734946356,0.0010565344117813708
1.1,1.05,0.9,0.1,2,0.0766036206141028,3.674264468748617e-05,0.003064144824564112,0.001568815056969542
1.1,1.05,0.9,0.1,3,0.05607130467813099,-6.178953071959438e-05,0.00224285218712524,0.0011832156242822143
1.1,1.05,0.9,0.1,4,0.0780830789873601,0.00023607492226370883,0.003123323159494404,0.001797736502010911
1.1,1.05,0.9,0.1,5,0.0880395570399637,4.6760514354366885e-05,0.0035215822815985484,0.001807551655153641
1.1,1.05,0.9,0.1,6,0.06461158788037763,5.629186078306731e-06,0.0025844635152151053,0.0012978609436858593
1.1,1.05,0.9,0.1,7,0.05292818708706504,-5.2939201173063745e-05,0.0021171274834826015,0.0011115029429143645
1.1,1.05,0.9,0.1,8,0.07179376483283104,7.6155106386986e-05,0.0028717505933132416,0.0015120304030436069
1.1,1.05,0.9,0.1,9,0.0781879737281309,-8.536369582941303e-05,0.003127518949125236,0.001649123170392031
1.1,1.05,0.9,0.1,10,0.09392829982126127,-4.619267761951266e-05,0.003757131992850451,0.0019247586740447381
1.1,1.05,0.9,0.1,11,0.08533529234397622,-0.00021103926298825004,0.0034134116937590488,0.0019177451098677744
1.1,1.05,0.9,0.1,12,0.0634540783777936,5.424253854297722e-05,0.002538163135111744,0.0013233241060988492
1.1,1.05,0.9,0.1,13,0.07813348655257174,-4.517350846238135e-05,0.00312533946210287,0.0016078432395138162
1.1,1.05,0.9,0.1,14,0.0660508173452588,-3.774380376978323e-06,0.0026420326938103524,0.0013247907272821546
1.1,1.05,0.9,0.1,15,0.047340330410441334,-5.724932191256797e-07,0.0018936132164176535,0.0009473791014279524
1.1,1.05,0.9,0.2,1,0.04938787693858378,1.344704935074197e-05,0.0019755150775433513,0.0010012045881224176
1.1,1.05,0.9,0.2,2,0.07454891878576574,-2.7421986841040756e-05,0.0029819567514306295,0.0015184003625563554
1.1,1.05,0.9,0.2,3,0.055907485902511364,-3.537430287609998e-05,0.0022362994361004545,0.0011535240209263272
1.1,1.05,0.9,0.2,4,0.0784799255490235,0.00011876093376892104,0.00313919702196094,0.001688359444749391
1.1,1.05,0.9,0.2,5,0.08885108000091921,7.987897986657625e-05,0.003554043200036768,0.0018569005798849602
1.1,1.05,0.9,0.2,6,0.0612147277059433,-2.307390423310079e-05,0.002448589108237732,0.0012473684583519666
1.1,1.05,0.9,0.2,7,0.05529209768819121,-4.892850383114563e-05,0.0022116839075276484,0.0011547704575949698
1.1,1.05,0.9,0.2,8,0.07475782434330246,0.0001331589694397832,0.002990312973732098,0.0016283154563058323
1.1,1.05,0.9,0.2,9,0.0759546559514163,-3.247909989734853e-05,0.003038186238056652,0.0015515722189256747
1.1,1.05,0.9,0.2,10,0.09599424841339789,-0.00010483033496151493,0.0038397699365359155,0.0020247153032294726
1.1,1.05,0.9,0.2,11,0.08730610755998156,-0.00010165576253722923,0.003492244302399262,0.0018477779137368604
1.1,1.05,0.9,0.2,12,0.0634869753396107,2.735509132176894e-05,0.002539479013584428,0.001297094598113983
1.1,1.05,0.9,0.2,13,0.0764971941558826,2.346563743438414e-05,0.0030598877662353042,0.0015534095205520363
1.1,1.05,0.9,0.2,14,0.06172411026652976,-2.296057618669929e-05,0.0024689644106611905,0.0012574427815172946
1.1,1.05,0.9,0.2,15,0.04910992067151409,-3.0549358836582175e-06,0.0019643968268605637,0.0009852533493139401
1.1,1.05,0.9500000000000001,0.05,1,0.06548706834289932,1.1133177831154157e-06,0.0026194827337159728,0.0013108546846411018
1.1,1.05,0.9500000000000001,0.05,2,0.09771999599803222,-4.631184731431131e-06,0.003908799839921289,0.0019590311046920757
1.1,1.05,0.9500000000000001,0.05,3,0.07068622170252756,-5.117437262479984e-05,0.0028274488681011025,0.0014648988066753512
1.1,1.05,0.9500000000000001,0.05,4,0.09060149452865476,0.0001909065559276515,0.0036240597811461905,0.002002936446500747
1.1,1.05,0.9500000000000001,0.05,5,0.10021646647315813,7.177220806701651e-05,0.004008658658926325,0.002076101537530179
1.1,1.05,0.9500000000000001,0.05,6,0.06721759599849765,-1.5847573019114308e-05,0.002688703839939906,0.0013601994929890674
1.1,1.05,0.9500000000000001,0.05,7,0.06155203761270407,-4.704987326933271e-05,0.0024620815045081628,0.001278090625523414
1.1,1.05,0.9500000000000001,0.05,8,0.07386396645195523,0.00010741649838185875,0.002954558658078209,0.0015846958274209632
1.1,1.05,0.9500000000000001,0.05,9,0.07630926250577483,0.00013938184787538026,0.0030523705002309933,0.0016655670979908769
1.1,1.05,0.9500000000000001,0.05,10,0.09813320237972865,-7.293503469727404e-05,0.003925328095189146,0.0020355990822918473
1.1,1.05,0.9500000000000001,0.05,11,0.09059631705645509,-0.00019708041039690532,0.0036238526822582034,0.002009006751526007
1.1,1.05,0.9500000000000001,0.05,12,0.07075093956735393,4.9739448691354395e-05,0.002830037582694157,0.0014647582400384327
1.1,1.05,0.9500000000000001,0.05,13,0.09774109872808912,5.693421741934718e-06,0.0039096439491235644,0.0019605153963037168
1.1,1.05,0.9500000000000001,0.05,14,0.06549386283905552,-1.0472443155126504e-06,0.0026197545135622207,0.001310924501096623
1.1,1.05,0.9500000000000001,0.05,15,0.043947114400279236,-1.1855426098095407e-06,0.0017578845760111695,0.0008801278306153943
1.1,1.05,0.9500000000000001,0.1,1,0.05221498826541641,9.211182258574339e-06,0.0020885995306166565,0.0010535109475669027
1.1,1.05,0.9500000000000001,0.1,2,0.07646558981870391,3.675315359064661e-05,0.0030586235927481564,0.0015660649499647248
1.1,1.05,0.9500000000000001,0.1,3,0.05596286265749699,-6.15772489693108e-05,0.0022385145062998797,0.0011808345021192507
1.1,1.05,0.9500000000000001,0.1,4,0.07798498215381125,0.00023505796122413097,0.00311939928615245,0.001794757604300356
1.1,1.05,0.9500000000000001,0.1,5,0.08786933876638815,4.6252728253302325e-05,0.003514773550655526,0.0018036395035810654
1.1,1.05,0.9500000000000001,0.1,6,0.06448660310560125,4.402515203335238e-06,0.0025794641242240504,0.0012941345773153604
1.1,1.05,0.9500000000000001,0.1,7,0.05289174047657656,-5.268909125111834e-05,0.0021156696190630627,0.0011105239007826496
1.1,1.05,0.9500000000000001,0.1,8,0.07183623138201271,7.598108741867415e-05,0.0028734492552805087,0.0015127057150589286
1.1,1.05,0.9500000000000001,0.1,9,0.07805791136336966,-8.449691801389834e-05,0.0031223164545347865,0.0016456551452812915
1.1,1.05,0.9500000000000001,0.1,10,0.09383925199775527,-4.7095218022541056e-05,0.0037535700799102107,0.0019238802579776464
1.1,1.05,0.9500000000000001,0.1,11,0.08529973634585264,-0.00020983656972336427,0.0034119894538341055,0.001915831296640417
1.1,1.05,0.9500000000000001,0.1,12,0.06337833664727666,5.472100037777474e-05,0.0025351334658910664,0.001322287733323308
1.1,1.05,0.9500000000000001,0.1,13,0.07799599714994486,-4.308955561840142e-05,0.0031198398859977943,0.0016030094986172986
1.1,1.05,0.9500000000000001,0.1,14,0.06597862584748383,-4.951075675221542e-06,0.0026391450338993532,0.0013245235926248981
1.1,1.05,0.9500000000000001,0.1,15,0.047366665185638694,-8.274038542537261e-07,0.0018946666074255477,0.0009481607075670276
1.1,1.05,0.9500000000000001,0.2,1,0.049137412555281194,1.4435282394127488e-05,0.001965496502211248,0.0009971835334997515
1.1,1.05,0.9500000000000001,0.2,2,0.0744894379589407,-2.8090352104477767e-05,0.002979577518357628,0.0015178791112832916
1.1,1.05,0.9500000000000001,0.2,3,0.05586389588163019,-3.52245028511285e-05,0.0022345558352652077,0.0011525024204837324
1.1,1.05,0.9500000000000001,0.2,4,0.07848016654589487,0.00011832655487785851,0.0031392066618357952,0.001687929885795756
1.1,1.05,0.9500000000000001,0.2,5,0.08879822869027829,8.025817993221387e-05,0.0035519291476111313,0.0018562227537377795
1.1,1.05,0.9500000000000001,0.2,6,0.06115536736054447,-2.269759145266335e-05,0.0024462146944217787,0.0012458049386635528
1.1,1.05,0.9500000000000001,0.2,7,0.05532443828907619,-4.8485579119574094e-05,0.0022129775315630476,0.001154974344901098
1.1,1.05,0.9500000000000001,0.2,8,0.07482117523149694,0.0001282047255592013,0.0029928470092598775,0.00162462823018914
1.1,1.05,0.9500000000000001,0.2,9,0.07596989083449848,-3.313194364266676e-05,0.003038795633379939,0.0015525297603326362
1.1,1.05,0.9500000000000001,0.2,10,0.0959921461876797,-0.00010299083545568688,0.0038396858475071884,0.002022833759209281
1.1,1.05,0.9500000000000001,0.2,11,0.08732223775005507,-0.0001014872421544287,0.0034928895100022027,0.00184793199715553
1.1,1.05,0.9500000000000001,0.2,12,0.06346733186743711,2.7085881554044677e-05,0.0025386932746974847,0.001296432518902787
1.1,1.05,0.9500000000000001,0.2,13,0.07642060627296034,2.421909837291534e-05,0.0030568242509184137,0.0015526312238321222
1.1,1.05,0.9500000000000001,0.2,14,0.061672819406709475,-2.360428816053123e-05,0.002466912776268379,0.0012570606762947207
1.1,1.05,0.9500000000000001,0.2,15,0.04914146064512926,-2.905034346883157e-06,0.0019656584258051705,0.0009857342472494683
1.1,1.05,1.0,0.05,1,0.06540947601747782,1.220030597031912e-06,0.0026163790406991128,0.0013094095509465884
1.1,1.05,1.0,0.05,2,0.09759074260141318,-4.35240122250149e-06,0.003903629704056527,0.001956167253250765
1.1,1.05,1.0,0.05,3,0.07058791005217205,-5.088633750517772e-05,0.002823516402086882,0.0014626445385486186
1.1,1.05,1.0,0.05,4,0.09048107965274138,0.00019090785478447699,0.0036192431861096553,0.0020005294478393047
1.1,1.05,1.0,0.05,5,0.10024458080628698,7.103965216784837e-05,0.00400978323225148,0.0020759312682935883
1.1,1.05,1.0,0.05,6,0.06713375306912991,-1.5544765589123678e-05,0.0026853501227651964,0.001358219826971722
1.1,1.05,1.0,0.05,7,0.0614523362506523,-4.629657130450558e-05,0.002458093450026092,0.0012753432963175516
1.1,1.05,1.0,0.05,8,0.07374578609934286,0.00010574995439388478,0.0029498314439737145,0.001580665676380742
1.1,1.05,1.0,0.05,9,0.07616352827896469,0.00013762283761792256,0.0030465411311585877,0.0016608934031972164
1.1,1.05,1.0,0.05,10,0.09809045918020659,-7.255099074184405e-05,0.003923618367208264,0.0020343601743459763
1.1,1.05,1.0,0.05,11,0.0904254915490044,-0.00019741672193806525,0.003617019661960176,0.002005926552918153
1.1,1.05,1.0,0.05,12,0.07065676181167846,4.9342487641941316e-05,0.0028262704724671384,0.0014624777238755105
1.1,1.05,1.0,0.05,13,0.09762443881967622,5.54729513942471e-06,0.0039049775527870492,0.0019580360715329495
1.1,1.05,1.0,0.05,14,0.06541395690401555,-1.1810073234643593e-06,0.0026165582761606223,0.0013094601454037755
1.1,1.05,1.0,0.05,15,0.04387783563360352,-1.3160840510947938e-06,0.001755113425344141,0.0008788727967231652
1.1,1.05,1.0,0.1,1,0.05203671449501767,9.385053073803767e-06,0.002081468579800707,0.0010501193429741573
1.1,1.05,1.0,0.1,2,0.07635708145695916,3.76070443055849e-05,0.0030542832582783662,0.001564748673444768
1.1,1.05,1.0,0.1,3,0.055874744727177794,-6.139297906337636e-05,0.002234989789087112,0.0011788878736069322
1.1,1.05,1.0,0.1,4,0.0779067460598331,0.00023406701529917113,0.003116269842393324,0.0017922019364958331
1.1,1.05,1.0,0.1,5,0.08772963919116933,4.489784983758201e-05,0.003509185567646773,0.0017994906336609685
1.1,1.05,1.0,0.1,6,0.06438559355156817,4.031834182160077e-06,0.002575423742062727,0.0012917437052135236
1.1,1.05,1.0,0.1,7,0.05286716279609194,-5.243898985568874e-05,0.0021146865118436774,0.0011097822457775274
1.1,1.05,1.0,0.1,8,0.07188875107660748,7.580410584375236e-05,0.0028755500430642992,0.001513579127375902
1.1,1.05,1.0,0.1,9,0.0779515003646149,-8.449659303807154e-05,0.0031180600145845963,0.0016435266003303698
1.1,1.05,1.0,0.1,10,0.09378016090646914,-4.7154602877096975e-05,0.0037512064362587656,0.0019227578210064798
1.1,1.05,1.0,0.1,11,0.08528367658887334,-0.00020865318133477282,0.003411347063554934,0.0019143267131122397
1.1,1.05,1.0,0.1,12,0.06332391593736164,5.5226424644437096e-05,0.002532956637494466,0.00132170474339167
1.1,1.05,1.0,0.1,13,0.07788735064496345,-4.184530073145542e-05,0.003115494025798538,0.0015995923136307244
1.1,1.05,1.0,0.1,14,0.06593011306702706,-5.276906072722949e-06,0.0026372045226810826,0.0013238791674132643
1.1,1.05,1.0,0.1,15,0.04739505581199927,-1.0822927498806598e-06,0.0018958022324799709,0.0009489834089898661
1.1,1.05,1.0,0.2,1,0.04891082307971935,1.4437096308457222e-05,0.001956432923188774,0.0009926535579028442
1.1,1.05,1.0,0.2,2,0.07446983625148856,-2.780862660404439e-05,0.0029787934500595426,0.0015172053516338156
1.1,1.05,1.0,0.2,3,0.0558433883403145,-3.510379097759385e-05,0.00223373553361258,0.0011519715577838839
1.1,1.05,1.0,0.2,4,0.07849895716085903,0.00011791237224959628,0.003139958286434361,0.0016878915154667769
1.1,1.05,1.0,0.2,5,0.08877945586386027,7.970775315732825e-05,0.003551178234554411,0.0018552968704345337
1.1,1.05,1.0,0.2,6,0.06113096477788292,-2.1382943691383663e-05,0.002445238591115317,0.0012440022392490421
1.1,1.05,1.0,0.2,7,0.055366946544124496,-4.804158054989289e-05,0.00221467786176498,0.001155380511432383
1.1,1.05,1.0,0.2,8,0.07489193580445223,0.00012324423875156008,0.0029956774321780893,0.0016210829548406048
1.1,1.05,1.0,0.2,9,0.07599832881385248,-3.46973019393889e-05,0.003039933152554099,0.0015546638782164383
1.1,1.05,1.0,0.2,10,0.09602098572302534,-0.00010023804694619151,0.0038408394289210137,0.0020206577614066985
1.1,1.05,1.0,0.2,11,0.08735346692601037,-0.00010133461992044141,0.003494138677040415,0.0018484039584406489
1.1,1.05,1.0,0.2,12,0.06347301834886135,2.684361167166287e-05,0.002538920733954454,0.00129630397864889
1.1,1.05,1.0,0.2,13,0.07638124856713599,2.4027435906115063e-05,0.0030552499426854396,0.0015516524072488349
1.1,1.05,1.0,0.2,14,0.06165601345975566,-2.331331079262432e-05,0.0024662405383902263,0.0012564335799877375
1.1,1.05,1.0,0.2,15,0.04917331491312388,-2.75491571215407e-06,0.001966932596524955,0.0009862212139746316
1.1,1.05,1.05,0.05,1,0.06533939682025741,9.491291757005322e-07,0.0026135758728102966,0.001307737065580849
1.1,1.05,1.05,0.05,2,0.0974745068417947,-3.69603333320308e-06,0.003898980273671788,0.001953186170169097
1.1,1.05,1.05,0.05,3,0.07049922510954092,-5.0611132040497155e-05,0.002819969004381637,0.0014605956342313155
1.1,1.05,1.05,0.05,4,0.09037533604759403,0.00019091877830386723,0.0036150134419037612,0.0019984254992557477
1.1,1.05,1.05,0.05,5,0.10028644376551422,6.990765264557684e-05,0.004011457750620569,0.0020756365279558614
1.1,1.05,1.05,0.05,6,0.06705854657899298,-1.4841650407792832e-05,0.002682341863159719,0.0013560125819876523
1.1,1.05,1.05,0.05,7,0.061362206965550496,-4.5542871936101316e-05,0.00245448827862202,0.0012727870112471114
1.1,1.05,1.05,0.05,8,0.07364013638351187,0.00010408202684330885,0.002945605455340475,0.0015768847545135464
1.1,1.05,1.05,0.05,9,0.07602912328723463,0.00013540279478839847,0.003041164931489385,0.001655985260533091
1.1,1.05,1.05,0.05,10,0.0980622062185361,-7.176251034368334e-05,0.003922488248741444,0.0020330066347144056
1.1,1.05,1.05,0.05,11,0.0902685411426816,-0.00019776333389615332,0.003610741645707264,0.002003134156749785
1.1,1.05,1.05,0.05,12,0.07057233030121401,4.895788381899509e-05,0.0028228932120485605,0.0014604044898432753
1.1,1.05,1.05,0.05,13,0.09752101229689457,5.017209053021377e-06,0.0039008404918757828,0.001955437454990913
1.1,1.05,1.05,0.05,14,0.06534165945321924,-9.341362040951367e-07,0.0026136663781287693,0.0013077673252684797
1.1,1.05,1.05,0.05,15,0.043816008941917825,-1.4465946233833916e-06,0.001752640357676713,0.00087776677346174
1.1,1.05,1.05,0.1,1,0.05187893214992468,8.841093492851189e-06,0.002075157285996987,0.0010464197364913447
1.1,1.05,1.05,0.1,2,0.07627386648943874,3.9180396690401015e-05,0.0030509546595775495,0.0015646577264791758
1.1,1.05,1.05,0.1,3,0.055803964281343627,-6.123259312907831e-05,0.002232158571253745,0.0011773118787559507
1.1,1.05,1.05,0.1,4,0.07784540455880186,0.00023309824168715932,0.0031138161823520746,0.0017900063328631967
1.1,1.05,1.05,0.1,5,0.08761593924877964,4.282034126639218e-05,0.0035046375699511858,0.001795139126241985
1.1,1.05,1.05,0.1,6,0.06430512218376266,4.391305929888836e-06,0.0025722048873505067,0.0012904937496051423
1.1,1.05,1.05,0.1,7,0.05285256021738301,-5.2188893750067494e-05,0.0021141024086953203,0.0011092400980977277
1.1,1.05,1.05,0.1,8,0.07194975516011409,7.562458666835531e-05,0.0028779902064045636,0.001514619689870637
1.1,1.05,1.05,0.1,9,0.07786533304380698,-8.523536861936658e-05,0.0031146133217522794,0.0016425420294955062
1.1,1.05,1.05,0.1,10,0.09374656256411415,-4.649473038810832e-05,0.003749862502564566,0.0019214259816703913
1.1,1.05,1.05,0.1,11,0.08528406153079064,-0.0002074862246060008,0.0034113624612316256,0.0019131674552218137
1.1,1.05,1.05,0.1,12,0.06328771016499626,5.575483340521283e-05,0.0025315084065998506,0.001321509036705138
1.1,1.05,1.05,0.1,13,0.07780334504523648,-4.1317352125482334e-05,0.003112133801809459,0.0015973842530302119
1.1,1.05,1.05,0.1,14,0.06590187808377021,-4.876974190314313e-06,0.0026360751233508086,0.0013229145358657187
1.1,1.05,1.05,0.1,15,0.04742513436356911,-1.3371629566346697e-06,0.0018970053745427646,0.000949839850228017
1.1,1.05,1.05,0.2,1,0.04870478099589375,1.359806590897017e-05,0.0019481912398357502,0.0009876936858268452
1.1,1.05,1.05,0.2,2,0.07448395816631194,-2.671704940596075e-05,0.0029793583266524777,0.0015163962127321996
1.1,1.05,1.05,0.2,3,0.05584223119983429,-3.500785613725813e-05,0.0022336892479933716,0.001151852480133944
1.1,1.05,1.05,0.2,4,0.07853307988492006,0.00011751536017278221,0.0031413231953968026,0.0016881769578711834
1.1,1.05,1.05,0.2,5,0.08878924144610412,7.836498582694071e-05,0.0035515696578441646,0.001854149814749023
1.1,1.05,1.05,0.2,6,0.0611363708731911,-1.926861009223928e-05,0.002445454834927644,0.0012419960275560614
1.1,1.05,1.05,0.2,7,0.055417697206726825,-4.759666105885434e-05,0.002216707888269073,0.0011559506051933908
1.1,1.05,1.05,0.2,8,0.07496861633948594,0.0001182784075969345,0.0029987446535794378,0.0016176507343866535
1.1,1.05,1.05,0.2,9,0.07603677179457412,-3.7040255704222605e-05,0.003041470871782965,0.0015577756915957051
1.1,1.05,1.05,0.2,10,0.09607559050164041,-9.670689595247408e-05,0.0038430236200656166,0.0020182187059852824
1.1,1.05,1.05,0.2,11,0.0873969108557018,-0.00010119549013626371,0.003495876434228072,0.0018491337072502998
1.1,1.05,1.05,0.2,12,0.06350011451244644,2.662428155985187e-05,0.002540004580497858,0.0012966265718087808
1.1,1.05,1.05,0.2,13,0.07637345036828858,2.3030167085067375e-05,0.003054938014731543,0.0015504991744508389
1.1,1.05,1.05,0.2,14,0.06166862105211839,-2.222576691085285e-05,0.0024667448420847356,0.0012555981879532206
1.1,1.05,1.05,0.2,15,0.0492052009043602,-2.6046112741644913e-06,0.001968208036174408,0.0009867086293613686
1.1,1.05,1.1,0.05,1,0.06527580404953698,3.533789754319499e-07,0.002611032161981479,0.0013058694599661716
1.1,1.05,1.1,0.05,2,0.09736955410000517,-2.714811210195139e-06,0.003894782164000207,0.0019501058932102986
1.1,1.05,1.1,0.05,3,0.0704188689774664,-5.0346958676030754e-05,0.0028167547590986558,0.0014587243382253585
1.1,1.05,1.1,0.05,4,0.09028242893291943,0.0001909379666096836,0.0036112971573167775,0.0019965865452680723
1.1,1.05,1.1,0.05,5,0.1003402422536791,6.843194223838699e-05,0.004013609690147164,0.002075236787311969
1.1,1.05,1.1,0.05,6,0.06699083730241483,-1.3794115193325883e-05,0.002679633492096593,0.0013536108612416224
1.1,1.05,1.1,0.05,7,0.06128033390212545,-4.4788828601722045e-05,0.002451213356085018,0.001270395506644231
1.1,1.05,1.1,0.05,8,0.0735453058974459,0.00010241290379448362,0.0029418122358978362,0.0015733190217434017
1.1,1.05,1.1,0.05,9,0.07590458569486022,0.0001327859639481813,0.003036183427794409,0.0016508776778453858
1.1,1.05,1.1,0.05,10,0.09804651631364411,-7.062601167426324e-05,0.003921860652545765,0.002031556337947146
1.1,1.05,1.1,0.05,11,0.0901236088306143,-0.0001981187936521155,0.0036049443532245717,0.0020005909702644014
1.1,1.05,1.1,0.05,12,0.07049638725524421,4.858390434356698e-05,0.002819855490209768,0.001458511649448451
1.1,1.05,1.1,0.05,13,0.09742901323028313,4.15677091110288e-06,0.0038971605292113256,0.0019527370355167657
1.1,1.05,1.1,0.05,14,0.06527592414925645,-3.5981198751707454e-07,0.0026110369659702584,0.0013058782949726463
1.1,1.05,1.1,0.05,15,0.04376066157993414,-1.5770785718747373e-06,0.0017504264631973657,0.0008767903101705575
1.1,1.05,1.1,0.1,1,0.05173905345467445,7.679930012095227e-06,0.002069562138186978,0.0010424609991055841
1.1,1.05,1.1,0.1,2,0.07621261142243708,4.137242554527062e-05,0.0030485044568974834,0.0015656246539940124
1.1,1.05,1.1,0.1,3,0.05574809848238178,-6.10927360708535e-05,0.0022299239392952713,0.0011760547057184892
1.1,1.05,1.1,0.1,4,0.07779858020108708,0.00023214851855631199,0.0031119432080434833,0.0017881201225780536
1.1,1.05,1.1,0.1,5,0.08752457698919094,4.012142912534206e-05,0.0035009830795676377,0.0017906129689091608
1.1,1.05,1.1,0.1,6,0.06424238544095817,5.37859728194885e-06,0.002569695417638327,0.0012902263061011123
1.1,1.05,1.1,0.1,7,0.052846429850172794,-5.1938800643972084e-05,0.002113857194006912,0.001108867397647428
1.1,1.05,1.1,0.1,8,0.07201802548164006,7.544287732215965e-05,0.0028807210192656023,0.0015158033869549607
1.1,1.05,1.1,0.1,9,0.07779662964409456,-8.660967544665119e-05,0.0031118651857637825,0.0016425422683285424
1.1,1.05,1.1,0.1,10,0.09373484916778929,-4.521636599517322e-05,0.0037493939667115716,0.001919913349350959
1.1,1.05,1.1,0.1,11,0.08529845618539299,-0.0002063333690941264,0.0034119382474157196,0.0019123024928019861
1.1,1.05,1.1,0.1,12,0.06326719487277513,5.630299423449965e-05,0.0025306877949110053,0.0013216468916900023
1.1,1.05,1.1,0.1,13,0.07774057105925436,-4.140535659974726e-05,0.0031096228423701743,0.0015962167777848345
1.1,1.05,1.1,0.1,14,0.06589114647360365,-3.853012665706393e-06,0.002635645858944146,0.0013216759421377795
1.1,1.05,1.1,0.1,15,0.04745662895937194,-1.5920169814831707e-06,0.0018982651583748776,0.000950724596168922
1.1,1.05,1.1,0.2,1,0.04851663605853008,1.2036460937178845e-05,0.0019406654423412032,0.0009823691821077805
1.1,1.05,1.1,0.2,2,0.0745268709086251,-2.4929551008934007e-05,0.002981074836345004,0.0015154669691814359
1.1,1.05,1.1,0.2,3,0.05585746626626987,-3.4933199105239266e-05,0.002234298650650795,0.0011520825244306367
1.1,1.05,1.1,0.2,4,0.07858004991751492,0.00011713306847116784,0.003143201996700597,0.0016887340668214664
1.1,1.05,1.1,0.2,5,0.08882321488678924,7.634139761323294e-05,0.0035529285954715695,0.0018528056953490176
1.1,1.05,1.1,0.2,6,0.06116741600186358,-1.646720377546432e-05,0.0024466966400745432,0.0012398155238127358
1.1,1.05,1.1,0.2,7,0.0554752339711189,-4.715094587502934e-05,0.002219009358844756,0.0011566556252974073
1.1,1.05,1.1,0.2,8,0.07505011448157402,0.00011330796614315064,0.003002004579262961,0.0016143102557746312
1.1,1.05,1.1,0.2,9,0.07608302030792197,-4.005123648422513e-05,0.0030433208123168787,0.0015617116426426645
1.1,1.05,1.1,0.2,10,0.09615190541712632,-9.250697591308592e-05,0.0038460762166850526,0.002015545084255612
1.1,1.05,1.1,0.2,11,0.0874503840338714,-0.00010106790886705278,0.003498015361354856,0.0018500755895444808
1.1,1.05,1.1,0.2,12,0.06354547818312767,2.642464573570059e-05,0.002541819127325107,0.001297334209398254
1.1,1.05,1.1,0.2,13,0.07639267293234965,2.134063382225705e-05,0.003055706917293986,0.00154919409246925
1.1,1.05,1.1,0.2,14,0.06170652955490724,-2.0453839955422174e-05,0.0024682611821962895,0.001254584431053567
1.1,1.05,1.1,0.2,15,0.049236947830168194,-2.4541465895806532e-06,0.001969477913206728,0.0009871931031929446
1.1,1.1,0.9,0.05,1,0.056853134564005876,5.612779121685896e-17,0.002274125382560235,0.0011370626912801736
1.1,1.1,0.9,0.05,2,0.08297255944328835,-2.97816784254612e-18,0.0033189023777315343,0.0016594511888657702
1.1,1.1,0.9,0.05,3,0.059992063715483115,2.031523820694714e-17,0.0023996825486193247,0.0011998412743096827
1.1,1.1,0.9,0.05,4,0.07639050356798893,-1.0627891795789157e-16,0.0030556201427195573,0.001527810071359885
1.1,1.1,0.9,0.05,5,0.08776730924131729,-1.070717407965216e-16,0.0035106923696526914,0.0017553461848264528
1.1,1.1,0.9,0.05,6,0.057769667744803396,-2.3310346708438345e-18,0.002310786709792136,0.0011553933548960704
1.1,1.1,0.9,0.05,7,0.05143070290410377,9.286191607338345e-17,0.002057228116164151,0.0010286140580821684
1.1,1.1,0.9,0.05,8,0.06192882473968451,-7.20113530437716e-17,0.00247715298958738,0.001238576494793762
1.1,1.1,0.9,0.05,9,0.0638834225338123,6.089150451221714e-17,0.002555336901352492,0.0012776684506763069
1.1,1.1,0.9,0.05,10,0.08741403659980702,-1.5449880957918438e-16,0.003496561463992281,0.0017482807319962948
1.1,1.1,0.9,0.05,11,0.08021962489319295,-7.600257229123386e-17,0.0032087849957277183,0.001604392497863935
1.1,1.1,0.9,0.05,12,0.06005988645865311,-3.85671041543828e-17,0.0024023954583461244,0.0012011977291731008
1.1,1.1,0.9,0.05,13,0.08296701018861036,-1.954952042262925e-18,0.0033186804075444145,0.0016593402037722092
1.1,1.1,0.9,0.05,14,0.05685607610519958,-3.842141448745506e-18,0.002274243044207983,0.0011371215221039955
1.1,1.1,0.9,0.05,15,0.03662740006081231,-7.768896194965797e-17,0.0014650960024324925,0.000732548001216324
1.1,1.1,0.9,0.1,1,0.03545808509190728,1.1306873406308204e-16,0.0014183234036762912,0.0007091617018382587
1.1,1.1,0.9,0.1,2,0.056707702715558764,-5.705613932704967e-18,0.0022683081086223504,0.0011341540543111808
1.1,1.1,0.9,0.1,3,0.04522845442645406,-1.840263781204693e-16,0.0018091381770581625,0.0009045690885292652
1.1,1.1,0.9,0.1,4,0.06722286262879149,-1.1675502144953276e-16,0.0026889145051516594,0.0013444572525759463
1.1,1.1,0.9,0.1,5,0.07261511441490534,-1.5603024514782016e-16,0.002904604576596214,0.001452302288298263
1.1,1.1,0.9,0.1,6,0.051306648199345925,-5.1797758790494974e-17,0.002052265927973837,0.0010261329639869702
1.1,1.1,0.9,0.1,7,0.05137120605840684,-1.1418538818535923e-16,0.0020548482423362736,0.001027424121168251
1.1,1.1,0.9,0.1,8,0.06942386973045352,-7.043925989366762e-17,0.002776954789218141,0.0013884773946091409
1.1,1.1,0.9,0.1,9,0.07038897150960054,4.9060148304969076e-18,0.0028155588603840215,0.0014077794301920158
1.1,1.1,0.9,0.1,10,0.08032484686851835,-7.575862680242462e-17,0.0032129938747407338,0.0016064969373704426
1.1,1.1,0.9,0.1,11,0.07789810083145432,-3.130633773051894e-17,0.003115924033258173,0.0015579620166291178
1.1,1.1,0.9,0.1,12,0.05137225981682773,-2.909049954050169e-17,0.002054890392673109,0.0010274451963365836
1.1,1.1,0.9,0.1,13,0.05759498706560685,1.372464425095088e-16,0.002303799482624274,0.0011518997413122742
1.1,1.1,0.9,0.1,14,0.05031783044836061,-2.2158381900172497e-17,0.0020127132179344246,0.0010063566089672344
1.1,1.1,0.9,0.1,15,0.049060963512806456,7.215248990860785e-17,0.001962438540512258,0.0009812192702562013
1.1,1.1,0.9,0.2,1,0.03615743127822766,-3.11213457348386e-16,0.0014462972511291065,0.0007231486255648644
1.1,1.1,0.9,0.2,2,0.05589579067314119,-6.762711050878334e-18,0.0022358316269256474,0.0011179158134628304
1.1,1.1,0.9,0.2,3,0.044236819556900814,-6.816582346323707e-17,0.0017694727822760326,0.0008847363911380845
1.1,1.1,0.9,0.2,4,0.0663880957760212,-4.113869618224686e-17,0.002655523831040848,0.0013277619155204652
1.1,1.1,0.9,0.2,5,0.07098735041644069,-1.202981602678975e-16,0.0028394940166576277,0.0014197470083289342
1.1,1.1,0.9,0.2,6,0.0500895758436565,-4.9497217305752295e-17,0.0020035830337462603,0.0010017915168731796
1.1,1.1,0.9,0.2,7,0.04994278687578477,8.025923048854194e-17,0.0019977114750313906,0.0009988557375157755
1.1,1.1,0.9,0.2,8,0.06925052428543559,-6.401049158224429e-17,0.0027700209714174233,0.0013850104857087756
1.1,1.1,0.9,0.2,9,0.06887505960095225,1.1099519740820352e-16,0.00275500238403809,0.001377501192019156
1.1,1.1,0.9,0.2,10,0.08003738111523274,-7.023851308516835e-17,0.0032014952446093098,0.0016007476223047251
1.1,1.1,0.9,0.2,11,0.07740263951880834,2.7712207528729493e-16,0.0030961055807523334,0.0015480527903764438
1.1,1.1,0.9,0.2,12,0.050444373659466135,-3.2766622531585354e-17,0.0020177749463786455,0.0010088874731893555
1.1,1.1,0.9,0.2,13,0.056949465960804135,2.2859386367320156e-16,0.0022779786384321656,0.0011389893192163113
1.1,1.1,0.9,0.2,14,0.049732798166148895,-2.020681798969859e-17,0.001989311926645956,0.000994655963322998
1.1,1.1,0.9,0.2,15,0.04797121835780539,-2.0825882607111235e-16,0.0019188487343122158,0.0009594243671563162
1.1,1.1,0.9500000000000001,0.05,1,0.0567569313806946,5.789083157752353e-07,0.002270277255227784,0.0011357175359296672
1.1,1.1,0.9500000000000001,0.05,2,0.08282004151075698,-5.829560854884949e-07,0.0033128016604302792,0.001656983786300628
1.1,1.1,0.9500000000000001,0.05,3,0.05987248710273715,1.6607343561684526e-08,0.002394899484109486,0.0011974663493983047
1.1,1.1,0.9500000000000001,0.05,4,0.07624355453675866,-1.2236993608791703e-08,0.0030497421814703464,0.001524883327728782
1.1,1.1,0.9500000000000001,0.05,5,0.08785040502576116,6.131064116138166e-07,0.0035140162010304466,0.0017576212069268372
1.1,1.1,0.9500000000000001,0.05,6,0.057672026540614936,-5.990241243662947e-07,0.0023068810616245976,0.0011540395549366651
1.1,1.1,0.9500000000000001,0.05,7,0.051319613260072186,-2.2871224055606904e-10,0.0020527845304028876,0.0010263924939136844
1.1,1.1,0.9500000000000001,0.05,8,0.06180101012291085,1.1545769928569317e-09,0.002472040404916434,0.00123602135703521
1.1,1.1,0.9500000000000001,0.05,9,0.06375443471672931,6.967090940225215e-07,0.0025501773886691726,0.0012757854034286089
1.1,1.1,0.9500000000000001,0.05,10,0.08739671449416382,-6.221418534367069e-07,0.003495868579766553,0.0017485564317367133
1.1,1.1,0.9500000000000001,0.05,11,0.08006274449387515,1.3226382412668018e-08,0.0032025097797550063,0.0016012681162599158
1.1,1.1,0.9500000000000001,0.05,12,0.05994296571197985,-1.577028169129493e-08,0.002397718628479194,0.0011988750845212883
1.1,1.1,0.9500000000000001,0.05,13,0.08282792836377127,5.91348094904211e-07,0.003313117134550851,0.0016571499153703296
1.1,1.1,0.9500000000000001,0.05,14,0.05675888390545966,-5.78037776157887e-07,0.0022703553562183863,0.001135755715885351
1.1,1.1,0.9500000000000001,0.05,15,0.036550669516402345,-4.4490822849654634e-11,0.0014620267806560938,0.0007310134348188697
1.1,1.1,0.9500000000000001,0.1,1,0.03536862547859851,1.0773118566148626e-06,0.0014147450191439404,0.0007084498214285851
1.1,1.1,0.9500000000000001,0.1,2,0.05674875887173506,-1.0909603001757684e-06,0.0022699503548694027,0.0011360661377348771
1.1,1.1,0.9500000000000001,0.1,3,0.04526518404216733,3.049817606687083e-08,0.0018106073616866933,0.0009053341790194135
1.1,1.1,0.9500000000000001,0.1,4,0.06722116645084152,-2.9472047355125577e-08,0.0026888466580336605,0.0013444528010641854
1.1,1.1,0.9500000000000001,0.1,5,0.07268155149445923,1.0833041924327341e-06,0.0029072620597783696,0.0014547143340816176
1.1,1.1,0.9500000000000001,0.1,6,0.051354946395353686,-1.0983994898420673e-06,0.0020541978558141476,0.0010281973273969158
1.1,1.1,0.9500000000000001,0.1,7,0.05142268022778723,3.1328109335692524e-10,0.002056907209111489,0.001028453917836838
1.1,1.1,0.9500000000000001,0.1,8,0.06948968132636076,4.222187908807073e-09,0.0027795872530544303,0.001389797848715124
1.1,1.1,0.9500000000000001,0.1,9,0.0704588390666553,1.0875524406507456e-06,0.0028183535626662122,0.001410264333773757
1.1,1.1,0.9500000000000001,0.1,10,0.08040431276937654,-1.0771473903550377e-06,0.003216172510775062,0.001609163402777886
1.1,1.1,0.9500000000000001,0.1,11,0.07798498995081751,1.8014004549133213e-08,0.0031193995980327007,0.0015597178130208995
1.1,1.1,0.9500000000000001,0.1,12,0.05142112631639906,-2.82717233441294e-08,0.0020568450526559623,0.0010284507980513253
1.1,1.1,0.9500000000000001,0.1,13,0.05761317910229579,1.0867518375297293e-06,0.0023045271640918315,0.0011533503338834454
1.1,1.1,0.9500000000000001,0.1,14,0.05033658892733815,-1.0918385616727846e-06,0.0020134635570935263,0.0010078236171084359
1.1,1.1,0.9500000000000001,0.1,15,0.04909578387817161,-8.217665529988307e-11,0.001963831355126864,0.0009819157597400873
1.1,1.1,0.9500000000000001,0.2,1,0.03599054568087778,1.194359162398921e-06,0.001439621827235111,0.0007210052727799545
1.1,1.1,0.9500000000000001,0.2,2,0.05595356178510916,-1.1574757524680599e-06,0.0022381424714043663,0.0011202287114546513
1.1,1.1,0.9500000000000001,0.2,3,0.04431953382025718,3.0906610373063e-08,0.0017727813528102872,0.0008864215830155167
1.1,1.1,0.9500000000000001,0.2,4,0.0665509603937321,-2.1934068610231412e-08,0.0026620384157492838,0.0013310411419432521
1.1,1.1,0.9500000000000001,0.2,5,0.07114136074841423,1.1284088183704076e-06,0.0028456544299365694,0.0014239556237866551
1.1,1.1,0.9500000000000001,0.2,6,0.05022701455232007,-1.1251161267316644e-06,0.002009080582092803,0.0010056654071731333
1.1,1.1,0.9500000000000001,0.2,7,0.050076119328731176,5.536767660538269e-10,0.002003044773149247,0.0010015229402513897
1.1,1.1,0.9500000000000001,0.2,8,0.06943408849816465,-1.6509926926874673e-10,0.0027773635399265862,0.0013886819350625624
1.1,1.1,0.9500000000000001,0.2,9,0.06904857838243862,1.0923281405066177e-06,0.002761943135297545,0.0013820638957892791
1.1,1.1,0.9500000000000001,0.2,10,0.08024390334114881,-1.1032583352454937e-06,0.0032097561336459526,0.0016059813251582218
1.1,1.1,0.9500000000000001,0.2,11,0.07758635547899781,1.523164785254417e-08,0.0031034542191599123,0.0015517423412278086
1.1,1.1,0.9500000000000001,0.2,12,0.05052315873568155,-2.4985468841673755e-08,0.002020926349427262,0.0010104881601824727
1.1,1.1,0.9500000000000001,0.2,13,0.056983203950065876,1.148857611588431e-06,0.002279328158002635,0.0011408129366129059
1.1,1.1,0.9500000000000001,0.2,14,0.04978847954559783,-1.1183968635331305e-06,0.001991539181823913,0.0009968879877754898
1.1,1.1,0.9500000000000001,0.2,15,0.04806943911692568,-3.2866950999302475e-10,0.0019227775646770274,0.0009613891110080237
1.1,1.1,1.0,0.05,1,0.05667038392101559,7.322043790027142e-07,0.0022668153568406236,0.0011341398827993145
1.1,1.1,1.0,0.05,2,0.08268105713171185,-7.373498039443825e-07,0.003307242285268474,0.0016543584924381812
1.1,1.1,1.0,0.05,3,0.05976476403858801,2.1002055051048802e-08,0.0023905905615435206,0.0011953162828268113
1.1,1.1,1.0,0.05,4,0.07611122135139742,-1.5466783578890688e-08,0.0030444488540558967,0.0015222398938115273
1.1,1.1,1.0,0.05,5,0.08795018841888677,7.755224307178391e-07,0.003518007536755471,0.0017597792908084532
1.1,1.1,1.0,0.05,6,0.0575843606112368,-7.576699908147942e-07,0.002303374424449472,0.001152444882215551
1.1,1.1,1.0,0.05,7,0.05121987027097555,-2.9015697258111836e-10,0.002048794810839022,0.0010243976955764836
1.1,1.1,1.0,0.05,8,0.06168535414365943,1.4628349654510894e-09,0.0024674141657463774,0.001233708545708154
1.1,1.1,1.0,0.05,9,0.06363803320716083,8.813323602505888e-07,0.002545521328286433,0.001273641996503467
1.1,1.1,1.0,0.05,10,0.08739670205806348,-7.869607106800246e-07,0.003495868082322539,0.0017487210018719496
1.1,1.1,1.0,0.05,11,0.07992167152666833,1.6719398207842026e-08,0.0031968668610667336,0.0015984501499315747
1.1,1.1,1.0,0.05,12,0.05983835647530443,-1.9942060627804e-08,0.0023935342590121773,0.0011967870715667165
1.1,1.1,1.0,0.05,13,0.08270281740228919,7.479734977101967e-07,0.0033081126960915674,0.0016548043215434938
1.1,1.1,1.0,0.05,14,0.056672399549245335,-7.311023395057632e-07,0.0022668959819698133,0.0011341790933244124
1.1,1.1,1.0,0.05,15,0.03648217460492723,-5.631782759946615e-11,0.0014592869841970892,0.0007296435484163722
1.1,1.1,1.0,0.1,1,0.03529505286740985,1.3624154130169243e-06,0.001411802114696394,0.0007072634727612139
1.1,1.1,1.0,0.1,2,0.056784745133855376,-1.3797335474784037e-06,0.002271389805354215,0.0011370746362245859
1.1,1.1,1.0,0.1,3,0.04529778700910977,3.856591335466228e-08,0.0018119114803643907,0.00090599430609555
1.1,1.1,1.0,0.1,4,0.06721305669506615,-3.72650302340327e-08,0.002688522267802646,0.0013442983989315571
1.1,1.1,1.0,0.1,5,0.07274035335609212,1.370035649624307e-06,0.0029096141342436848,0.0014561771027714666
1.1,1.1,1.0,0.1,6,0.05139700013394634,-1.389096517684588e-06,0.0020558800053578534,0.0010293290991966113
1.1,1.1,1.0,0.1,7,0.051468375884795636,3.9594260975405814e-10,0.0020587350353918257,0.0010293679136385227
1.1,1.1,1.0,0.1,8,0.0695474126311237,5.345609141746237e-09,0.002781896505244948,0.0013909535982316158
1.1,1.1,1.0,0.1,9,0.07052318373589574,1.3753588358523551e-06,0.0028209273494358296,0.0014118390335537672
1.1,1.1,1.0,0.1,10,0.08047429430654576,-1.3622378200684934e-06,0.0032189717722618306,0.0016108481239509838
1.1,1.1,1.0,0.1,11,0.07806274431022397,2.276168147835448e-08,0.003122509772408959,0.001561277647885958
1.1,1.1,1.0,0.1,12,0.05146824969699141,-3.57459622383051e-08,0.0020587299878796566,0.0010294007399020667
1.1,1.1,1.0,0.1,13,0.0576264415568186,1.3744032067978287e-06,0.002305057662272744,0.0011539032343431698
1.1,1.1,1.0,0.1,14,0.05035034033451482,-1.380787139136576e-06,0.0020140136133805927,0.001008387593829433
1.1,1.1,1.0,0.1,15,0.04912781986549558,-1.0408532721513008e-10,0.0019651127946198233,0.0009825565013952388
1.1,1.1,1.0,0.2,1,0.03582747689258292,1.5103231779023648e-06,0.0014330990757033168,0.0007180598610295608
1.1,1.1,1.0,0.2,2,0.05600348267660456,-1.463665865765635e-06,0.002240139307064182,0.0011215333193978568
1.1,1.1,1.0,0.2,3,0.04439395835441691,3.9074896476781046e-08,0.0017757583341766765,0.000887918241984815
1.1,1.1,1.0,0.2,4,0.06669805405120738,-2.7718149228471304e-08,0.002667922162048295,0.001333988799173376
1.1,1.1,1.0,0.2,5,0.07127842524070471,1.4268752030167566e-06,0.0028511370096281886,0.001426995380017111
1.1,1.1,1.0,0.2,6,0.050350286464894894,-1.4226643677470458e-06,0.002014011458595796,0.001008428393665645
1.1,1.1,1.0,0.2,7,0.0501964024133098,7.001588344217289e-10,0.002007856096532392,0.0010039287484250304
1.1,1.1,1.0,0.2,8,0.0695993199862805,-2.0836670263635733e-10,0.0027839727994512196,0.0013919866080923124
1.1,1.1,1.0,0.2,9,0.06920458480957448,1.3811679035388092e-06,0.002768183392382979,0.0013854728640950284
1.1,1.1,1.0,0.2,10,0.08043035438494453,-1.395041201759247e-06,0.0032172141753977813,0.0016100021289006498
1.1,1.1,1.0,0.2,11,0.07775012899842568,1.923351691693158e-08,0.003110005159937027,0.0015550218134854305
1.1,1.1,1.0,0.2,12,0.05059338129498132,-3.1580647899919607e-08,0.002023735251799253,0.0010118992065475264
1.1,1.1,1.0,0.2,13,0.057006894889081915,1.452760868003543e-06,0.0022802757955632767,0.0011415906586496418
1.1,1.1,1.0,0.2,14,0.04982741021029687,-1.4141596192874365e-06,0.001993096408411875,0.0009979623638252247
1.1,1.1,1.0,0.2,15,0.04815756786778039,-4.160908365158197e-10,0.0019263027147112155,0.0009631517734464442
1.1,1.1,1.05,0.05,1,0.05659209865447887,5.223061158825333e-07,0.002263683946179155,0.00113236427920546
1.1,1.1,1.05,0.05,2,0.08255371476766873,-5.259931888374259e-07,0.0033021485907067495,0.0016516002885422123
1.1,1.1,1.05,0.05,3,0.05966720553801527,1.4979578303704613e-08,0.002386688221520611,0.0011933590903386092
1.1,1.1,1.05,0.05,4,0.07599177859748092,-1.1026139327407493e-08,0.003039671143899237,0.0015198465980889458
1.1,1.1,1.05,0.05,5,0.08806435181401914,5.532478586576565e-07,0.0035225740725607657,0.0017618402841390404
1.1,1.1,1.05,0.05,6,0.057505263187455566,-5.404865264684437e-07,0.0023002105274982226,0.0011506457502755798
1.1,1.1,1.05,0.05,7,0.05112982466783737,-2.0754864341414033e-10,0.002045192986713495,0.001022596700905391
1.1,1.1,1.05,0.05,8,0.061580100061485,1.0451211986700517e-09,0.0024632040024594004,0.0012316030463508988
1.1,1.1,1.05,0.05,9,0.0635323672961938,6.287703175479096e-07,0.0025412946918477518,0.0012712761162414238
1.1,1.1,1.05,0.05,10,0.08741161242710262,-5.614137862037843e-07,0.0034964644970841047,0.001748793662328256
1.1,1.1,1.05,0.05,11,0.07979521340441642,1.1920468737157495e-08,0.003191808536176657,0.0015959161885570655
1.1,1.1,1.05,0.05,12,0.05974411145144093,-1.4222623039977642e-08,0.0023897644580576373,0.0011948964516518587
1.1,1.1,1.05,0.05,13,0.08258967752869163,5.335775452083502e-07,0.0033035871011476655,0.001652327128119041
1.1,1.1,1.05,0.05,14,0.05659460291928335,-5.215193613100524e-07,0.002263784116771334,0.001132413577746977
1.1,1.1,1.05,0.05,15,0.036420784264568296,-4.020336129559149e-11,0.0014568313705827318,0.0007284157254947272
1.1,1.1,1.05,0.1,1,0.035234198061854016,9.717475704279125e-07,0.0014093679224741608,0.0007056557088075083
1.1,1.1,1.05,0.1,2,0.056816386191914085,-9.84137044365957e-07,0.0022726554476765635,0.0011373118608826477
1.1,1.1,1.05,0.1,3,0.045326336938834824,2.7505086729851208e-08,0.001813053477553393,0.0009065542438634263
1.1,1.1,1.05,0.1,4,0.06719814352310644,-2.6575160226719786e-08,0.0026879257409242576,0.0013439894456223555
1.1,1.1,1.05,0.1,5,0.07279219862902597,9.772098710657989e-07,0.002911687945161039,0.0014568211824515852
1.1,1.1,1.05,0.1,6,0.0514338261528592,-9.90786184833288e-07,0.002057353046114368,0.0010296673092420174
1.1,1.1,1.05,0.1,7,0.05150916931667193,2.8224800557549027e-10,0.002060366772666877,0.0010301836685814442
1.1,1.1,1.05,0.1,8,0.06959832457281277,3.816678626329629e-09,0.0027839329829125107,0.0013919703081348817
1.1,1.1,1.05,0.1,9,0.0705816905974983,9.809747911909976e-07,0.002823267623899932,0.001412614786741157
1.1,1.1,1.05,0.1,10,0.0805361808866317,-9.71640501357899e-07,0.003221447235465268,0.001611695258233992
1.1,1.1,1.05,0.1,11,0.07813230066581933,1.622219714323401e-08,0.0031252920266327732,0.00156266223551353
1.1,1.1,1.05,0.1,12,0.05151163353369916,-2.5490980141865214e-08,0.0020604653413479664,0.001030258161654125
1.1,1.1,1.05,0.1,13,0.05763511752818894,9.803299023641556e-07,0.0023054047011275575,0.001153682680466143
1.1,1.1,1.05,0.1,14,0.050359893907229954,-9.84851646099294e-07,0.0020143957562891984,0.0010081827297906984
1.1,1.1,1.05,0.1,15,0.04915757088798442,-7.434383328587187e-11,0.001966302835519377,0.0009831514921035218
1.1,1.1,1.05,0.2,1,0.0356644081082427,1.0771727444353231e-06,0.001426576324329708,0.0007143653349092893
1.1,1.1,1.05,0.2,2,0.05604671438855069,-1.0438857529698445e-06,0.002241868575542028,0.0011219781735239838
1.1,1.1,1.05,0.2,3,0.044460268297966066,2.786335439214325e-08,0.0017784107319186427,0.0008892332293137134
1.1,1.1,1.05,0.2,4,0.06683087692450046,-1.9756864380679072e-08,0.0026732350769800186,0.00133663729535439
1.1,1.1,1.05,0.2,5,0.0714010746724408,1.0176244483563078e-06,0.0028560429868976322,0.0014290391178971725
1.1,1.1,1.05,0.2,6,0.050461680663580095,-1.0145909892688286e-06,0.002018467226543204,0.0010102482042608706
1.1,1.1,1.05,0.2,7,0.05030566875896404,4.993623056431566e-10,0.0020122267503585615,0.0010061138745415864
1.1,1.1,1.05,0.2,8,0.06974830480334401,-1.48345487711026e-10,0.0027899321921337605,0.001394966244412368
1.1,1.1,1.05,0.2,9,0.06934422639950144,9.849732610002712e-07,0.0027737690559800575,0.001387869501251029
1.1,1.1,1.05,0.2,10,0.08059956468891191,-9.949009166665289e-07,0.0032239825875564764,0.0016129861946949048
1.1,1.1,1.05,0.2,11,0.07789604203451587,1.3699707659896548e-08,0.003115841681380635,0.0015579345403979774
1.1,1.1,1.05,0.2,12,0.050655285464135495,-2.251410909099975e-08,0.0020262114185654197,0.0010131282233918008
1.1,1.1,1.05,0.2,13,0.0570212354883492,1.0361037779154857e-06,0.002280849419533968,0.0011414608135448996
1.1,1.1,1.05,0.2,14,0.04985217686240971,-1.0085202537790232e-06,0.0019940870744963885,0.0009980520575019734
1.1,1.1,1.05,0.2,15,0.048236945472210274,-2.970637624488289e-10,0.001929477818888411,0.000964739206507968
1.1,1.1,1.1,0.05,1,0.056520938621304334,-1.0211829212097845e-16,0.0022608375448521733,0.0011304187724261888
1.1,1.1,1.1,0.05,2,0.08243647493429593,-5.8106460181645e-18,0.003297458997371837,0.0016487294986859244
1.1,1.1,1.1,0.05,3,0.05957843525393712,8.85183311198634e-17,0.002383137410157485,0.0011915687050788309
1.1,1.1,1.1,0.05,4,0.0758838241499442,-1.8454476228418892e-16,0.003035352965997768,0.0015176764829990686
1.1,1.1,1.1,0.05,5,0.0881910182897515,-1.6524596361394694e-16,0.00352764073159006,0.0017638203657951953
1.1,1.1,1.1,0.05,6,0.05743358946688942,-4.336808689942018e-18,0.002297343578675577,0.0011486717893377928
1.1,1.1,1.1,0.05,7,0.05104814183487068,-3.68034121516099e-16,0.0020419256733948273,0.0010209628366977816
1.1,1.1,1.1,0.05,8,0.06148382182631109,-1.2555738783739945e-16,0.002459352873052444,0.0012296764365263475
1.1,1.1,1.1,0.05,9,0.0634359334862298,7.9180639909332e-17,0.0025374373394491923,0.0012687186697246753
1.1,1.1,1.1,0.05,10,0.08743950311546031,-2.538117285788566e-16,0.0034975801246184125,0.0017487900623094602
1.1,1.1,1.1,0.05,11,0.07968098109039702,-4.587259391786169e-16,0.003187239243615881,0.0015936196218083992
1.1,1.1,1.1,0.05,12,0.05965893318673089,-3.1519790033227024e-17,0.0023863573274692357,0.0011931786637346493
1.1,1.1,1.1,0.05,13,0.08248688088876817,-1.2092581168181293e-16,0.003299475235550727,0.0016497376177754845
1.1,1.1,1.1,0.05,14,0.05652387843770916,-4.231098978124681e-17,0.0022609551375083665,0.0011304775687542255
1.1,1.1,1.1,0.05,15,0.03636557936279379,-1.3764544796722477e-16,0.0014546231745117516,0.0007273115872560135
1.1,1.1,1.1,0.1,1,0.03518764261005909,1.0505919051384538e-16,0.0014075057044023638,0.000703752852201287
1.1,1.1,1.1,0.1,2,0.05684537371341323,-5.137085418507881e-16,0.002273814948536529,0.0011369074742687783
1.1,1.1,1.1,0.1,3,0.04535141292371146,1.5744648423562935e-17,0.0018140565169484585,0.000907028258474245
1.1,1.1,1.1,0.1,4,0.06717823600025638,-1.0605530125981644e-16,0.002687129440010255,0.0013435647200052336
1.1,1.1,1.1,0.1,5,0.07283885407687575,-1.4757346820243322e-16,0.00291355416307503,0.0014567770815376627
1.1,1.1,1.1,0.1,6,0.051466293650425966,-1.0978902249131339e-16,0.002058651746017039,0.0010293258730086291
1.1,1.1,1.1,0.1,7,0.051545809656073006,-6.226216263955221e-17,0.0020618323862429204,0.0010309161931215225
1.1,1.1,1.1,0.1,8,0.06964384826691605,-1.297044611471565e-16,0.0027857539306766423,0.0013928769653384508
1.1,1.1,1.1,0.1,9,0.07063557053334621,-2.6568374236757286e-16,0.0028254228213338483,0.0014127114106671898
1.1,1.1,1.1,0.1,10,0.08059226572022192,-1.4631308317691882e-16,0.003223690628808877,0.0016118453144045848
1.1,1.1,1.1,0.1,11,0.07819501322100972,-2.9343931798320178e-16,0.0031278005288403886,0.0015639002644204877
1.1,1.1,1.1,0.1,12,0.05155237452079535,-5.648693318649478e-17,0.002062094980831814,0.0010310474904159637
1.1,1.1,1.1,0.1,13,0.05763988014416316,-8.543513119185775e-17,0.0023055952057665263,0.0011527976028833486
1.1,1.1,1.1,0.1,14,0.05036838910520097,-3.12792326762068e-17,0.002014735564208039,0.0010073677821040507
1.1,1.1,1.1,0.1,15,0.04918546290207667,-1.089779619745378e-16,0.0019674185160830668,0.0009837092580416425
1.1,1.1,1.1,0.2,1,0.03550584371825683,-1.5991304417803387e-16,0.0014202337487302732,0.0007101168743652965
1.1,1.1,1.1,0.2,2,0.05608486435359678,-3.0777450358253355e-16,0.0022433945741438715,0.0011216972870722434
1.1,1.1,1.1,0.2,3,0.04451977836544608,-4.5993211409550705e-16,0.0017807911346178432,0.0008903955673093815
1.1,1.1,1.1,0.2,4,0.0669529591124565,-1.169583093568738e-16,0.00267811836449826,0.0013390591822492468
1.1,1.1,1.1,0.2,5,0.07151159356991071,-1.844210954738898e-16,0.0028604637427964287,0.0014302318713983987
1.1,1.1,1.1,0.2,6,0.0505633293175108,-4.896866874666561e-17,0.002022533172700432,0.001011266586350265
1.1,1.1,1.1,0.2,7,0.05040557505211767,-3.237220693365231e-16,0.002016223002084707,0.0010081115010426773
1.1,1.1,1.1,0.2,8,0.06988403518368949,-1.1857508349494544e-16,0.00279536140734758,0.0013976807036739085
1.1,1.1,1.1,0.2,9,0.06947041451395387,-2.5342548155490863e-16,0.002778816580558155,0.001389408290279331
1.1,1.1,1.1,0.2,10,0.08075405869602857,-1.400573213449722e-16,0.003230162347841143,0.0016150811739207116
1.1,1.1,1.1,0.2,11,0.07802644281772297,-1.1438332919722072e-16,0.0031210577127089192,0.0015605288563545739
1.1,1.1,1.1,0.2,12,0.05070988687048193,-5.440662026803822e-17,0.0020283954748192773,0.001014197737409693
1.1,1.1,1.1,0.2,13,0.05702858831456345,-2.1185310450366757e-16,0.002281143532582538,0.001140571766291481
1.1,1.1,1.1,0.2,14,0.04987071611714148,-2.2463313761184045e-17,0.001994828644685659,0.0009974143223428521
1.1,1.1,1.1,0.2,15,0.04830871461613574,2.1242183418818963e-16,0.0019323485846454297,0.0009661742923229272
